Starting ST3 (image+bbox+seg+text+gaze, pos-weight BCE) at: Mon Oct 27 03:21:33 AM CDT 2025

Loading configuration from: config_v3/st3_image_bbox_seg_text.yaml
{
    "dataset_name": "egd-cxr",
    "input_path": {
        "gaze_raw": "/project/hnguyen2/mvu9/datasets/gaze_data/physionet.org/files/egd-cxr/1.0.0",
        "dicom_raw": "/project/hnguyen2/mvu9/datasets/gaze_data/egd-cxr/dicom_raw",
        "segmentation_dir": "/project/hnguyen2/mvu9/datasets/gaze_data/physionet.org/files/egd-cxr/1.0.0/audio_segmentation_transcripts",
        "transcripts_dir": "/project/hnguyen2/mvu9/datasets/gaze_data/egd-cxr/transcripts"
    },
    "output_path": {
        "base_plots_dir": "plots"
    },
    "split_files": {
        "dir": "config/splits"
    },
    "train": {
        "batch_size": 48,
        "epochs": 100,
        "lr": 0.0002,
        "weight_decay": 0.00025,
        "max_fixations": 80,
        "txt_dim": 256,
        "enc_dim": 256,
        "max_decode_len": 64,
        "num_workers": 4,
        "seed": 123,
        "checkpoint_dir": "runs/st3/checkpoints_image_bbox_seg_text",
        "use_bbox": true,
        "use_seg": true,
        "use_image": true,
        "use_text": true,
        "use_gaze": true,
        "encoder_dropout": 0.1,
        "label_dropout": 0.2,
        "pretrained_image": true,
        "use_pos_weight": true,
        "pos_weight_clip": 25.0
    }
}
Using device: cuda
Data splits - Train: 758, Val: 108, Test: 217
Loading training dataset...
EGDCXRDataset ready: 758 cases | regions=4 | bbox_classes=17
Loading validation dataset...
EGDCXRDataset ready: 108 cases | regions=4 | bbox_classes=17
Loading test dataset...
EGDCXRDataset ready: 217 cases | regions=4 | bbox_classes=17
Creating data loaders...
Estimating per-class pos_weight for imbalance correction...
  pos_weight stats | mean 14.04 | min 1.53 | max 25.00
Building model and vocabulary...
Model created with 12659921 parameters
Vocabulary size: 756
Training on 28 disease classes: ['Normal', 'CHF', 'pneumonia', 'consolidation', 'enlarged_cardiac_silhouette', 'linear__patchy_atelectasis', 'lobar__segmental_collapse', 'not_otherwise_specified_opacity___pleural__parenchymal_opacity__', 'pleural_effusion_or_thickening', 'pulmonary_edema__hazy_opacity', 'normal_anatomically', 'elevated_hemidiaphragm', 'hyperaeration', 'vascular_redistribution', 'atelectasis__chx', 'cardiomegaly__chx', 'consolidation__chx', 'edema__chx', 'enlarged_cardiomediastinum__chx', 'fracture__chx', 'lung_lesion__chx', 'lung_opacity__chx', 'no_finding__chx', 'pleural_effusion__chx', 'pleural_other__chx', 'pneumonia__chx', 'pneumothorax__chx', 'support_devices__chx']

Starting training for 100 epochs...
  Checkpoint saved to /project/hnguyen2/mvu9/folder_04_ma/gaze-01/runs/st3/checkpoints_image_bbox_seg_text/20251027-032557_best.pt
Epoch 01 | train loss 6.4450 | val loss 4.3433 | time 86.93s
  Train summary: macro-acc 0.620 | macro-F1 0.190 | micro-P 0.190 | micro-R 0.494 | micro-F1 0.274 | macro-PR 0.151 | micro-PR 0.172
  Val summary:   macro-acc 0.650 | macro-F1 0.179 | micro-P 0.212 | micro-R 0.500 | micro-F1 0.298 | macro-PR 0.257 | micro-PR 0.201
  Train accuracy per class:
    Normal: 0.503, CHF: 0.512, pneumonia: 0.463, consolidation: 0.571, enlarged_cardiac_silhouette: 0.421, linear__patchy_atelectasis: 0.550, lobar__segmental_collapse: 0.813, not_otherwise_specified_opacity___pleural__parenchymal_opacity__: 0.460, pleural_effusion_or_thickening: 0.590, pulmonary_edema__hazy_opacity: 0.430, normal_anatomically: 0.476, elevated_hemidiaphragm: 0.943, hyperaeration: 0.335, vascular_redistribution: 0.836, atelectasis__chx: 0.690, cardiomegaly__chx: 0.511, consolidation__chx: 0.573, edema__chx: 0.702, enlarged_cardiomediastinum__chx: 0.751, fracture__chx: 0.838, lung_lesion__chx: 0.718, lung_opacity__chx: 0.426, no_finding__chx: 0.484, pleural_effusion__chx: 0.449, pleural_other__chx: 0.740, pneumonia__chx: 0.600, pneumothorax__chx: 0.984, support_devices__chx: 0.988
  Val accuracy per class:
    Normal: 0.556, CHF: 0.454, pneumonia: 0.556, consolidation: 0.481, enlarged_cardiac_silhouette: 0.676, linear__patchy_atelectasis: 0.333, lobar__segmental_collapse: 0.981, not_otherwise_specified_opacity___pleural__parenchymal_opacity__: 0.472, pleural_effusion_or_thickening: 0.556, pulmonary_edema__hazy_opacity: 0.509, normal_anatomically: 0.593, elevated_hemidiaphragm: 0.991, hyperaeration: 0.287, vascular_redistribution: 0.926, atelectasis__chx: 0.213, cardiomegaly__chx: 0.509, consolidation__chx: 0.833, edema__chx: 0.241, enlarged_cardiomediastinum__chx: 1.000, fracture__chx: 0.991, lung_lesion__chx: 0.926, lung_opacity__chx: 0.435, no_finding__chx: 0.639, pleural_effusion__chx: 0.259, pleural_other__chx: 1.000, pneumonia__chx: 0.815, pneumothorax__chx: 1.000, support_devices__chx: 0.963
  Checkpoint saved to /project/hnguyen2/mvu9/folder_04_ma/gaze-01/runs/st3/checkpoints_image_bbox_seg_text/20251027-032557_best.pt
Epoch 02 | train loss 2.5694 | val loss 1.7651 | time 91.56s
  Train summary: macro-acc 0.684 | macro-F1 0.186 | micro-P 0.221 | micro-R 0.468 | micro-F1 0.300 | macro-PR 0.164 | micro-PR 0.212
  Val summary:   macro-acc 0.676 | macro-F1 0.202 | micro-P 0.233 | micro-R 0.513 | micro-F1 0.320 | macro-PR 0.263 | micro-PR 0.228
  Train accuracy per class:
    Normal: 0.541, CHF: 0.460, pneumonia: 0.577, consolidation: 0.532, enlarged_cardiac_silhouette: 0.637, linear__patchy_atelectasis: 0.491, lobar__segmental_collapse: 0.979, not_otherwise_specified_opacity___pleural__parenchymal_opacity__: 0.496, pleural_effusion_or_thickening: 0.513, pulmonary_edema__hazy_opacity: 0.500, normal_anatomically: 0.534, elevated_hemidiaphragm: 0.983, hyperaeration: 0.518, vascular_redistribution: 0.902, atelectasis__chx: 0.302, cardiomegaly__chx: 0.635, consolidation__chx: 0.852, edema__chx: 0.458, enlarged_cardiomediastinum__chx: 0.993, fracture__chx: 0.996, lung_lesion__chx: 0.871, lung_opacity__chx: 0.537, no_finding__chx: 0.524, pleural_effusion__chx: 0.482, pleural_other__chx: 0.995, pneumonia__chx: 0.840, pneumothorax__chx: 1.000, support_devices__chx: 0.991
  Val accuracy per class:
    Normal: 0.556, CHF: 0.426, pneumonia: 0.509, consolidation: 0.537, enlarged_cardiac_silhouette: 0.398, linear__patchy_atelectasis: 0.583, lobar__segmental_collapse: 0.981, not_otherwise_specified_opacity___pleural__parenchymal_opacity__: 0.528, pleural_effusion_or_thickening: 0.315, pulmonary_edema__hazy_opacity: 0.519, normal_anatomically: 0.630, elevated_hemidiaphragm: 1.000, hyperaeration: 0.620, vascular_redistribution: 0.972, atelectasis__chx: 0.593, cardiomegaly__chx: 0.472, consolidation__chx: 0.870, edema__chx: 0.556, enlarged_cardiomediastinum__chx: 1.000, fracture__chx: 0.991, lung_lesion__chx: 0.667, lung_opacity__chx: 0.528, no_finding__chx: 0.500, pleural_effusion__chx: 0.398, pleural_other__chx: 1.000, pneumonia__chx: 0.815, pneumothorax__chx: 1.000, support_devices__chx: 0.963
  Checkpoint saved to /project/hnguyen2/mvu9/folder_04_ma/gaze-01/runs/st3/checkpoints_image_bbox_seg_text/20251027-032557_best.pt
Epoch 03 | train loss 1.4333 | val loss 1.7521 | time 90.52s
  Train summary: macro-acc 0.677 | macro-F1 0.194 | micro-P 0.220 | micro-R 0.483 | micro-F1 0.303 | macro-PR 0.185 | micro-PR 0.213
  Val summary:   macro-acc 0.693 | macro-F1 0.203 | micro-P 0.253 | micro-R 0.542 | micro-F1 0.345 | macro-PR 0.261 | micro-PR 0.247
  Train accuracy per class:
    Normal: 0.582, CHF: 0.534, pneumonia: 0.501, consolidation: 0.463, enlarged_cardiac_silhouette: 0.430, linear__patchy_atelectasis: 0.613, lobar__segmental_collapse: 0.880, not_otherwise_specified_opacity___pleural__parenchymal_opacity__: 0.529, pleural_effusion_or_thickening: 0.550, pulmonary_edema__hazy_opacity: 0.528, normal_anatomically: 0.553, elevated_hemidiaphragm: 0.967, hyperaeration: 0.550, vascular_redistribution: 0.939, atelectasis__chx: 0.723, cardiomegaly__chx: 0.423, consolidation__chx: 0.745, edema__chx: 0.484, enlarged_cardiomediastinum__chx: 0.993, fracture__chx: 0.996, lung_lesion__chx: 0.642, lung_opacity__chx: 0.484, no_finding__chx: 0.503, pleural_effusion__chx: 0.511, pleural_other__chx: 0.995, pneumonia__chx: 0.840, pneumothorax__chx: 1.000, support_devices__chx: 0.988
  Val accuracy per class:
    Normal: 0.630, CHF: 0.472, pneumonia: 0.398, consolidation: 0.454, enlarged_cardiac_silhouette: 0.565, linear__patchy_atelectasis: 0.380, lobar__segmental_collapse: 0.981, not_otherwise_specified_opacity___pleural__parenchymal_opacity__: 0.574, pleural_effusion_or_thickening: 0.315, pulmonary_edema__hazy_opacity: 0.407, normal_anatomically: 0.611, elevated_hemidiaphragm: 1.000, hyperaeration: 0.509, vascular_redistribution: 0.972, atelectasis__chx: 0.796, cardiomegaly__chx: 0.472, consolidation__chx: 0.806, edema__chx: 0.833, enlarged_cardiomediastinum__chx: 1.000, fracture__chx: 0.991, lung_lesion__chx: 0.759, lung_opacity__chx: 0.417, no_finding__chx: 0.657, pleural_effusion__chx: 0.639, pleural_other__chx: 1.000, pneumonia__chx: 0.815, pneumothorax__chx: 1.000, support_devices__chx: 0.963
  Checkpoint saved to /project/hnguyen2/mvu9/folder_04_ma/gaze-01/runs/st3/checkpoints_image_bbox_seg_text/20251027-032557_best.pt
Epoch 04 | train loss 1.0145 | val loss 1.7241 | time 92.65s
  Train summary: macro-acc 0.694 | macro-F1 0.202 | micro-P 0.240 | micro-R 0.510 | micro-F1 0.327 | macro-PR 0.180 | micro-PR 0.237
  Val summary:   macro-acc 0.722 | macro-F1 0.201 | micro-P 0.271 | micro-R 0.511 | micro-F1 0.354 | macro-PR 0.272 | micro-PR 0.273
  Train accuracy per class:
    Normal: 0.511, CHF: 0.530, pneumonia: 0.496, consolidation: 0.635, enlarged_cardiac_silhouette: 0.598, linear__patchy_atelectasis: 0.430, lobar__segmental_collapse: 0.962, not_otherwise_specified_opacity___pleural__parenchymal_opacity__: 0.505, pleural_effusion_or_thickening: 0.522, pulmonary_edema__hazy_opacity: 0.462, normal_anatomically: 0.518, elevated_hemidiaphragm: 0.985, hyperaeration: 0.640, vascular_redistribution: 0.854, atelectasis__chx: 0.639, cardiomegaly__chx: 0.583, consolidation__chx: 0.897, edema__chx: 0.505, enlarged_cardiomediastinum__chx: 0.993, fracture__chx: 0.996, lung_lesion__chx: 0.877, lung_opacity__chx: 0.470, no_finding__chx: 0.532, pleural_effusion__chx: 0.480, pleural_other__chx: 0.995, pneumonia__chx: 0.840, pneumothorax__chx: 1.000, support_devices__chx: 0.991
  Val accuracy per class:
    Normal: 0.583, CHF: 0.444, pneumonia: 0.537, consolidation: 0.556, enlarged_cardiac_silhouette: 0.528, linear__patchy_atelectasis: 0.611, lobar__segmental_collapse: 0.963, not_otherwise_specified_opacity___pleural__parenchymal_opacity__: 0.565, pleural_effusion_or_thickening: 0.491, pulmonary_edema__hazy_opacity: 0.565, normal_anatomically: 0.593, elevated_hemidiaphragm: 1.000, hyperaeration: 0.639, vascular_redistribution: 0.981, atelectasis__chx: 0.769, cardiomegaly__chx: 0.565, consolidation__chx: 0.926, edema__chx: 0.407, enlarged_cardiomediastinum__chx: 1.000, fracture__chx: 0.991, lung_lesion__chx: 0.935, lung_opacity__chx: 0.528, no_finding__chx: 0.583, pleural_effusion__chx: 0.685, pleural_other__chx: 1.000, pneumonia__chx: 0.815, pneumothorax__chx: 1.000, support_devices__chx: 0.963
  Checkpoint saved to /project/hnguyen2/mvu9/folder_04_ma/gaze-01/runs/st3/checkpoints_image_bbox_seg_text/20251027-032557_best.pt
Epoch 05 | train loss 0.0754 | val loss 1.6166 | time 91.06s
  Train summary: macro-acc 0.688 | macro-F1 0.198 | micro-P 0.226 | micro-R 0.473 | micro-F1 0.306 | macro-PR 0.177 | micro-PR 0.224
  Val summary:   macro-acc 0.715 | macro-F1 0.201 | micro-P 0.252 | micro-R 0.467 | micro-F1 0.327 | macro-PR 0.278 | micro-PR 0.253
  Train accuracy per class:
    Normal: 0.533, CHF: 0.525, pneumonia: 0.550, consolidation: 0.467, enlarged_cardiac_silhouette: 0.483, linear__patchy_atelectasis: 0.547, lobar__segmental_collapse: 0.917, not_otherwise_specified_opacity___pleural__parenchymal_opacity__: 0.525, pleural_effusion_or_thickening: 0.516, pulmonary_edema__hazy_opacity: 0.522, normal_anatomically: 0.534, elevated_hemidiaphragm: 0.983, hyperaeration: 0.515, vascular_redistribution: 0.921, atelectasis__chx: 0.686, cardiomegaly__chx: 0.396, consolidation__chx: 0.728, edema__chx: 0.631, enlarged_cardiomediastinum__chx: 0.993, fracture__chx: 0.996, lung_lesion__chx: 0.848, lung_opacity__chx: 0.571, no_finding__chx: 0.558, pleural_effusion__chx: 0.508, pleural_other__chx: 0.995, pneumonia__chx: 0.840, pneumothorax__chx: 1.000, support_devices__chx: 0.987
  Val accuracy per class:
    Normal: 0.676, CHF: 0.519, pneumonia: 0.528, consolidation: 0.676, enlarged_cardiac_silhouette: 0.463, linear__patchy_atelectasis: 0.463, lobar__segmental_collapse: 0.981, not_otherwise_specified_opacity___pleural__parenchymal_opacity__: 0.546, pleural_effusion_or_thickening: 0.611, pulmonary_edema__hazy_opacity: 0.602, normal_anatomically: 0.565, elevated_hemidiaphragm: 1.000, hyperaeration: 0.481, vascular_redistribution: 0.963, atelectasis__chx: 0.741, cardiomegaly__chx: 0.509, consolidation__chx: 0.694, edema__chx: 0.778, enlarged_cardiomediastinum__chx: 1.000, fracture__chx: 0.991, lung_lesion__chx: 0.880, lung_opacity__chx: 0.370, no_finding__chx: 0.620, pleural_effusion__chx: 0.574, pleural_other__chx: 1.000, pneumonia__chx: 0.815, pneumothorax__chx: 1.000, support_devices__chx: 0.963
  Checkpoint saved to /project/hnguyen2/mvu9/folder_04_ma/gaze-01/runs/st3/checkpoints_image_bbox_seg_text/20251027-032557_best.pt
Epoch 06 | train loss -1.2517 | val loss 1.3388 | time 91.99s
  Train summary: macro-acc 0.687 | macro-F1 0.202 | micro-P 0.231 | micro-R 0.495 | micro-F1 0.315 | macro-PR 0.177 | micro-PR 0.230
  Val summary:   macro-acc 0.698 | macro-F1 0.201 | micro-P 0.253 | micro-R 0.529 | micro-F1 0.343 | macro-PR 0.293 | micro-PR 0.234
  Train accuracy per class:
    Normal: 0.557, CHF: 0.528, pneumonia: 0.500, consolidation: 0.518, enlarged_cardiac_silhouette: 0.524, linear__patchy_atelectasis: 0.503, lobar__segmental_collapse: 0.848, not_otherwise_specified_opacity___pleural__parenchymal_opacity__: 0.553, pleural_effusion_or_thickening: 0.574, pulmonary_edema__hazy_opacity: 0.528, normal_anatomically: 0.544, elevated_hemidiaphragm: 0.966, hyperaeration: 0.557, vascular_redistribution: 0.938, atelectasis__chx: 0.608, cardiomegaly__chx: 0.489, consolidation__chx: 0.730, edema__chx: 0.631, enlarged_cardiomediastinum__chx: 0.991, fracture__chx: 0.996, lung_lesion__chx: 0.772, lung_opacity__chx: 0.500, no_finding__chx: 0.569, pleural_effusion__chx: 0.493, pleural_other__chx: 0.992, pneumonia__chx: 0.840, pneumothorax__chx: 1.000, support_devices__chx: 0.985
  Val accuracy per class:
    Normal: 0.639, CHF: 0.546, pneumonia: 0.472, consolidation: 0.657, enlarged_cardiac_silhouette: 0.593, linear__patchy_atelectasis: 0.343, lobar__segmental_collapse: 0.954, not_otherwise_specified_opacity___pleural__parenchymal_opacity__: 0.444, pleural_effusion_or_thickening: 0.741, pulmonary_edema__hazy_opacity: 0.704, normal_anatomically: 0.685, elevated_hemidiaphragm: 1.000, hyperaeration: 0.769, vascular_redistribution: 0.935, atelectasis__chx: 0.389, cardiomegaly__chx: 0.657, consolidation__chx: 0.704, edema__chx: 0.306, enlarged_cardiomediastinum__chx: 1.000, fracture__chx: 0.991, lung_lesion__chx: 0.954, lung_opacity__chx: 0.241, no_finding__chx: 0.676, pleural_effusion__chx: 0.370, pleural_other__chx: 1.000, pneumonia__chx: 0.815, pneumothorax__chx: 1.000, support_devices__chx: 0.963
Epoch 07 | train loss -3.0054 | val loss 2.3096 | time 91.11s
  Train summary: macro-acc 0.674 | macro-F1 0.206 | micro-P 0.230 | micro-R 0.528 | micro-F1 0.320 | macro-PR 0.170 | micro-PR 0.226
  Val summary:   macro-acc 0.691 | macro-F1 0.181 | micro-P 0.253 | micro-R 0.551 | micro-F1 0.347 | macro-PR 0.288 | micro-PR 0.264
  Train accuracy per class:
    Normal: 0.540, CHF: 0.528, pneumonia: 0.537, consolidation: 0.607, enlarged_cardiac_silhouette: 0.495, linear__patchy_atelectasis: 0.460, lobar__segmental_collapse: 0.904, not_otherwise_specified_opacity___pleural__parenchymal_opacity__: 0.522, pleural_effusion_or_thickening: 0.559, pulmonary_edema__hazy_opacity: 0.553, normal_anatomically: 0.587, elevated_hemidiaphragm: 0.966, hyperaeration: 0.508, vascular_redistribution: 0.831, atelectasis__chx: 0.492, cardiomegaly__chx: 0.435, consolidation__chx: 0.710, edema__chx: 0.483, enlarged_cardiomediastinum__chx: 0.988, fracture__chx: 0.995, lung_lesion__chx: 0.889, lung_opacity__chx: 0.460, no_finding__chx: 0.558, pleural_effusion__chx: 0.479, pleural_other__chx: 0.968, pneumonia__chx: 0.844, pneumothorax__chx: 1.000, support_devices__chx: 0.978
  Val accuracy per class:
    Normal: 0.602, CHF: 0.417, pneumonia: 0.648, consolidation: 0.907, enlarged_cardiac_silhouette: 0.426, linear__patchy_atelectasis: 0.269, lobar__segmental_collapse: 0.991, not_otherwise_specified_opacity___pleural__parenchymal_opacity__: 0.491, pleural_effusion_or_thickening: 0.500, pulmonary_edema__hazy_opacity: 0.417, normal_anatomically: 0.602, elevated_hemidiaphragm: 1.000, hyperaeration: 0.278, vascular_redistribution: 0.954, atelectasis__chx: 0.657, cardiomegaly__chx: 0.769, consolidation__chx: 0.972, edema__chx: 0.324, enlarged_cardiomediastinum__chx: 1.000, fracture__chx: 0.991, lung_lesion__chx: 0.954, lung_opacity__chx: 0.407, no_finding__chx: 0.685, pleural_effusion__chx: 0.324, pleural_other__chx: 1.000, pneumonia__chx: 0.815, pneumothorax__chx: 1.000, support_devices__chx: 0.963
Epoch 08 | train loss -4.9373 | val loss 1.7723 | time 90.37s
  Train summary: macro-acc 0.660 | macro-F1 0.206 | micro-P 0.218 | micro-R 0.521 | micro-F1 0.308 | macro-PR 0.174 | micro-PR 0.215
  Val summary:   macro-acc 0.680 | macro-F1 0.175 | micro-P 0.228 | micro-R 0.482 | micro-F1 0.310 | macro-PR 0.277 | micro-PR 0.186
  Train accuracy per class:
    Normal: 0.554, CHF: 0.471, pneumonia: 0.538, consolidation: 0.488, enlarged_cardiac_silhouette: 0.533, linear__patchy_atelectasis: 0.501, lobar__segmental_collapse: 0.910, not_otherwise_specified_opacity___pleural__parenchymal_opacity__: 0.483, pleural_effusion_or_thickening: 0.483, pulmonary_edema__hazy_opacity: 0.521, normal_anatomically: 0.596, elevated_hemidiaphragm: 0.934, hyperaeration: 0.479, vascular_redistribution: 0.821, atelectasis__chx: 0.515, cardiomegaly__chx: 0.505, consolidation__chx: 0.648, edema__chx: 0.471, enlarged_cardiomediastinum__chx: 0.959, fracture__chx: 0.996, lung_lesion__chx: 0.784, lung_opacity__chx: 0.509, no_finding__chx: 0.573, pleural_effusion__chx: 0.463, pleural_other__chx: 0.922, pneumonia__chx: 0.852, pneumothorax__chx: 1.000, support_devices__chx: 0.970
  Val accuracy per class:
    Normal: 0.704, CHF: 0.528, pneumonia: 0.528, consolidation: 0.315, enlarged_cardiac_silhouette: 0.611, linear__patchy_atelectasis: 0.269, lobar__segmental_collapse: 0.963, not_otherwise_specified_opacity___pleural__parenchymal_opacity__: 0.454, pleural_effusion_or_thickening: 0.806, pulmonary_edema__hazy_opacity: 0.806, normal_anatomically: 0.685, elevated_hemidiaphragm: 1.000, hyperaeration: 0.528, vascular_redistribution: 0.639, atelectasis__chx: 0.444, cardiomegaly__chx: 0.519, consolidation__chx: 0.972, edema__chx: 0.213, enlarged_cardiomediastinum__chx: 1.000, fracture__chx: 0.991, lung_lesion__chx: 0.954, lung_opacity__chx: 0.500, no_finding__chx: 0.657, pleural_effusion__chx: 0.407, pleural_other__chx: 1.000, pneumonia__chx: 0.593, pneumothorax__chx: 1.000, support_devices__chx: 0.963
  Checkpoint saved to /project/hnguyen2/mvu9/folder_04_ma/gaze-01/runs/st3/checkpoints_image_bbox_seg_text/20251027-032557_best.pt
Epoch 09 | train loss -7.1104 | val loss 0.9900 | time 90.03s
  Train summary: macro-acc 0.661 | macro-F1 0.201 | micro-P 0.211 | micro-R 0.490 | micro-F1 0.295 | macro-PR 0.165 | micro-PR 0.203
  Val summary:   macro-acc 0.702 | macro-F1 0.166 | micro-P 0.237 | micro-R 0.453 | micro-F1 0.312 | macro-PR 0.282 | micro-PR 0.218
  Train accuracy per class:
    Normal: 0.602, CHF: 0.512, pneumonia: 0.479, consolidation: 0.425, enlarged_cardiac_silhouette: 0.500, linear__patchy_atelectasis: 0.496, lobar__segmental_collapse: 0.819, not_otherwise_specified_opacity___pleural__parenchymal_opacity__: 0.475, pleural_effusion_or_thickening: 0.537, pulmonary_edema__hazy_opacity: 0.583, normal_anatomically: 0.603, elevated_hemidiaphragm: 0.861, hyperaeration: 0.547, vascular_redistribution: 0.834, atelectasis__chx: 0.555, cardiomegaly__chx: 0.471, consolidation__chx: 0.716, edema__chx: 0.434, enlarged_cardiomediastinum__chx: 0.931, fracture__chx: 0.996, lung_lesion__chx: 0.727, lung_opacity__chx: 0.540, no_finding__chx: 0.599, pleural_effusion__chx: 0.488, pleural_other__chx: 0.938, pneumonia__chx: 0.855, pneumothorax__chx: 1.000, support_devices__chx: 0.974
  Val accuracy per class:
    Normal: 0.704, CHF: 0.463, pneumonia: 0.565, consolidation: 0.611, enlarged_cardiac_silhouette: 0.519, linear__patchy_atelectasis: 0.241, lobar__segmental_collapse: 0.991, not_otherwise_specified_opacity___pleural__parenchymal_opacity__: 0.537, pleural_effusion_or_thickening: 0.778, pulmonary_edema__hazy_opacity: 0.796, normal_anatomically: 0.704, elevated_hemidiaphragm: 1.000, hyperaeration: 0.454, vascular_redistribution: 0.722, atelectasis__chx: 0.380, cardiomegaly__chx: 0.704, consolidation__chx: 0.972, edema__chx: 0.287, enlarged_cardiomediastinum__chx: 1.000, fracture__chx: 0.991, lung_lesion__chx: 0.954, lung_opacity__chx: 0.556, no_finding__chx: 0.630, pleural_effusion__chx: 0.324, pleural_other__chx: 1.000, pneumonia__chx: 0.815, pneumothorax__chx: 1.000, support_devices__chx: 0.963
Epoch 10 | train loss -9.9218 | val loss 1.4894 | time 89.61s
  Train summary: macro-acc 0.662 | macro-F1 0.203 | micro-P 0.213 | micro-R 0.492 | micro-F1 0.297 | macro-PR 0.164 | micro-PR 0.210
  Val summary:   macro-acc 0.724 | macro-F1 0.171 | micro-P 0.261 | micro-R 0.467 | micro-F1 0.335 | macro-PR 0.293 | micro-PR 0.232
  Train accuracy per class:
    Normal: 0.542, CHF: 0.487, pneumonia: 0.495, consolidation: 0.458, enlarged_cardiac_silhouette: 0.455, linear__patchy_atelectasis: 0.443, lobar__segmental_collapse: 0.723, not_otherwise_specified_opacity___pleural__parenchymal_opacity__: 0.511, pleural_effusion_or_thickening: 0.516, pulmonary_edema__hazy_opacity: 0.592, normal_anatomically: 0.577, elevated_hemidiaphragm: 0.909, hyperaeration: 0.557, vascular_redistribution: 0.766, atelectasis__chx: 0.438, cardiomegaly__chx: 0.420, consolidation__chx: 0.855, edema__chx: 0.575, enlarged_cardiomediastinum__chx: 0.906, fracture__chx: 0.996, lung_lesion__chx: 0.823, lung_opacity__chx: 0.596, no_finding__chx: 0.571, pleural_effusion__chx: 0.525, pleural_other__chx: 0.967, pneumonia__chx: 0.867, pneumothorax__chx: 1.000, support_devices__chx: 0.975
  Val accuracy per class:
    Normal: 0.704, CHF: 0.519, pneumonia: 0.713, consolidation: 0.889, enlarged_cardiac_silhouette: 0.250, linear__patchy_atelectasis: 0.176, lobar__segmental_collapse: 0.991, not_otherwise_specified_opacity___pleural__parenchymal_opacity__: 0.509, pleural_effusion_or_thickening: 0.676, pulmonary_edema__hazy_opacity: 0.667, normal_anatomically: 0.694, elevated_hemidiaphragm: 1.000, hyperaeration: 0.685, vascular_redistribution: 0.769, atelectasis__chx: 0.380, cardiomegaly__chx: 0.722, consolidation__chx: 0.972, edema__chx: 0.583, enlarged_cardiomediastinum__chx: 1.000, fracture__chx: 0.991, lung_lesion__chx: 0.954, lung_opacity__chx: 0.593, no_finding__chx: 0.667, pleural_effusion__chx: 0.389, pleural_other__chx: 1.000, pneumonia__chx: 0.815, pneumothorax__chx: 1.000, support_devices__chx: 0.963
Epoch 11 | train loss -13.0476 | val loss 1.5503 | time 91.59s
  Train summary: macro-acc 0.666 | macro-F1 0.215 | micro-P 0.220 | micro-R 0.512 | micro-F1 0.308 | macro-PR 0.172 | micro-PR 0.213
  Val summary:   macro-acc 0.710 | macro-F1 0.152 | micro-P 0.245 | micro-R 0.456 | micro-F1 0.319 | macro-PR 0.306 | micro-PR 0.207
  Train accuracy per class:
    Normal: 0.590, CHF: 0.476, pneumonia: 0.517, consolidation: 0.471, enlarged_cardiac_silhouette: 0.466, linear__patchy_atelectasis: 0.445, lobar__segmental_collapse: 0.801, not_otherwise_specified_opacity___pleural__parenchymal_opacity__: 0.525, pleural_effusion_or_thickening: 0.522, pulmonary_edema__hazy_opacity: 0.544, normal_anatomically: 0.580, elevated_hemidiaphragm: 0.904, hyperaeration: 0.479, vascular_redistribution: 0.806, atelectasis__chx: 0.406, cardiomegaly__chx: 0.467, consolidation__chx: 0.823, edema__chx: 0.563, enlarged_cardiomediastinum__chx: 0.909, fracture__chx: 0.996, lung_lesion__chx: 0.818, lung_opacity__chx: 0.654, no_finding__chx: 0.584, pleural_effusion__chx: 0.499, pleural_other__chx: 0.974, pneumonia__chx: 0.858, pneumothorax__chx: 0.997, support_devices__chx: 0.980
  Val accuracy per class:
    Normal: 0.713, CHF: 0.491, pneumonia: 0.713, consolidation: 0.907, enlarged_cardiac_silhouette: 0.472, linear__patchy_atelectasis: 0.194, lobar__segmental_collapse: 0.991, not_otherwise_specified_opacity___pleural__parenchymal_opacity__: 0.528, pleural_effusion_or_thickening: 0.796, pulmonary_edema__hazy_opacity: 0.676, normal_anatomically: 0.704, elevated_hemidiaphragm: 1.000, hyperaeration: 0.167, vascular_redistribution: 0.926, atelectasis__chx: 0.269, cardiomegaly__chx: 0.704, consolidation__chx: 0.972, edema__chx: 0.398, enlarged_cardiomediastinum__chx: 1.000, fracture__chx: 0.991, lung_lesion__chx: 0.954, lung_opacity__chx: 0.639, no_finding__chx: 0.667, pleural_effusion__chx: 0.259, pleural_other__chx: 1.000, pneumonia__chx: 0.796, pneumothorax__chx: 1.000, support_devices__chx: 0.963
Epoch 12 | train loss -16.5824 | val loss 1.4239 | time 91.80s
  Train summary: macro-acc 0.671 | macro-F1 0.210 | micro-P 0.217 | micro-R 0.486 | micro-F1 0.300 | macro-PR 0.169 | micro-PR 0.213
  Val summary:   macro-acc 0.704 | macro-F1 0.138 | micro-P 0.232 | micro-R 0.427 | micro-F1 0.300 | macro-PR 0.319 | micro-PR 0.205
  Train accuracy per class:
    Normal: 0.524, CHF: 0.475, pneumonia: 0.522, consolidation: 0.517, enlarged_cardiac_silhouette: 0.516, linear__patchy_atelectasis: 0.488, lobar__segmental_collapse: 0.781, not_otherwise_specified_opacity___pleural__parenchymal_opacity__: 0.526, pleural_effusion_or_thickening: 0.544, pulmonary_edema__hazy_opacity: 0.569, normal_anatomically: 0.591, elevated_hemidiaphragm: 0.914, hyperaeration: 0.500, vascular_redistribution: 0.860, atelectasis__chx: 0.412, cardiomegaly__chx: 0.485, consolidation__chx: 0.788, edema__chx: 0.641, enlarged_cardiomediastinum__chx: 0.917, fracture__chx: 0.996, lung_lesion__chx: 0.832, lung_opacity__chx: 0.629, no_finding__chx: 0.542, pleural_effusion__chx: 0.443, pleural_other__chx: 0.939, pneumonia__chx: 0.858, pneumothorax__chx: 0.997, support_devices__chx: 0.975
  Val accuracy per class:
    Normal: 0.694, CHF: 0.426, pneumonia: 0.713, consolidation: 0.880, enlarged_cardiac_silhouette: 0.509, linear__patchy_atelectasis: 0.176, lobar__segmental_collapse: 0.991, not_otherwise_specified_opacity___pleural__parenchymal_opacity__: 0.519, pleural_effusion_or_thickening: 0.796, pulmonary_edema__hazy_opacity: 0.676, normal_anatomically: 0.704, elevated_hemidiaphragm: 1.000, hyperaeration: 0.102, vascular_redistribution: 0.981, atelectasis__chx: 0.296, cardiomegaly__chx: 0.796, consolidation__chx: 0.972, edema__chx: 0.315, enlarged_cardiomediastinum__chx: 1.000, fracture__chx: 0.991, lung_lesion__chx: 0.954, lung_opacity__chx: 0.731, no_finding__chx: 0.648, pleural_effusion__chx: 0.194, pleural_other__chx: 1.000, pneumonia__chx: 0.694, pneumothorax__chx: 1.000, support_devices__chx: 0.963
Epoch 13 | train loss -19.9567 | val loss 2.3086 | time 89.84s
  Train summary: macro-acc 0.662 | macro-F1 0.207 | micro-P 0.211 | micro-R 0.487 | micro-F1 0.295 | macro-PR 0.171 | micro-PR 0.210
  Val summary:   macro-acc 0.704 | macro-F1 0.172 | micro-P 0.231 | micro-R 0.424 | micro-F1 0.299 | macro-PR 0.275 | micro-PR 0.197
  Train accuracy per class:
    Normal: 0.542, CHF: 0.476, pneumonia: 0.511, consolidation: 0.529, enlarged_cardiac_silhouette: 0.500, linear__patchy_atelectasis: 0.464, lobar__segmental_collapse: 0.809, not_otherwise_specified_opacity___pleural__parenchymal_opacity__: 0.533, pleural_effusion_or_thickening: 0.529, pulmonary_edema__hazy_opacity: 0.507, normal_anatomically: 0.591, elevated_hemidiaphragm: 0.913, hyperaeration: 0.346, vascular_redistribution: 0.817, atelectasis__chx: 0.488, cardiomegaly__chx: 0.455, consolidation__chx: 0.711, edema__chx: 0.653, enlarged_cardiomediastinum__chx: 0.935, fracture__chx: 0.995, lung_lesion__chx: 0.819, lung_opacity__chx: 0.639, no_finding__chx: 0.538, pleural_effusion__chx: 0.496, pleural_other__chx: 0.922, pneumonia__chx: 0.847, pneumothorax__chx: 1.000, support_devices__chx: 0.970
  Val accuracy per class:
    Normal: 0.694, CHF: 0.500, pneumonia: 0.676, consolidation: 0.787, enlarged_cardiac_silhouette: 0.398, linear__patchy_atelectasis: 0.176, lobar__segmental_collapse: 0.991, not_otherwise_specified_opacity___pleural__parenchymal_opacity__: 0.500, pleural_effusion_or_thickening: 0.815, pulmonary_edema__hazy_opacity: 0.750, normal_anatomically: 0.722, elevated_hemidiaphragm: 1.000, hyperaeration: 0.102, vascular_redistribution: 0.972, atelectasis__chx: 0.500, cardiomegaly__chx: 0.528, consolidation__chx: 0.972, edema__chx: 0.528, enlarged_cardiomediastinum__chx: 1.000, fracture__chx: 0.991, lung_lesion__chx: 0.954, lung_opacity__chx: 0.583, no_finding__chx: 0.676, pleural_effusion__chx: 0.352, pleural_other__chx: 1.000, pneumonia__chx: 0.583, pneumothorax__chx: 1.000, support_devices__chx: 0.963
Epoch 14 | train loss -23.6579 | val loss 1.1857 | time 89.55s
  Train summary: macro-acc 0.668 | macro-F1 0.215 | micro-P 0.221 | micro-R 0.510 | micro-F1 0.308 | macro-PR 0.172 | micro-PR 0.214
  Val summary:   macro-acc 0.701 | macro-F1 0.147 | micro-P 0.236 | micro-R 0.451 | micro-F1 0.310 | macro-PR 0.285 | micro-PR 0.238
  Train accuracy per class:
    Normal: 0.516, CHF: 0.525, pneumonia: 0.489, consolidation: 0.530, enlarged_cardiac_silhouette: 0.504, linear__patchy_atelectasis: 0.468, lobar__segmental_collapse: 0.868, not_otherwise_specified_opacity___pleural__parenchymal_opacity__: 0.538, pleural_effusion_or_thickening: 0.509, pulmonary_edema__hazy_opacity: 0.509, normal_anatomically: 0.599, elevated_hemidiaphragm: 0.905, hyperaeration: 0.393, vascular_redistribution: 0.753, atelectasis__chx: 0.513, cardiomegaly__chx: 0.515, consolidation__chx: 0.677, edema__chx: 0.640, enlarged_cardiomediastinum__chx: 0.951, fracture__chx: 0.995, lung_lesion__chx: 0.828, lung_opacity__chx: 0.672, no_finding__chx: 0.575, pleural_effusion__chx: 0.435, pleural_other__chx: 0.946, pneumonia__chx: 0.860, pneumothorax__chx: 1.000, support_devices__chx: 0.976
  Val accuracy per class:
    Normal: 0.741, CHF: 0.435, pneumonia: 0.713, consolidation: 0.759, enlarged_cardiac_silhouette: 0.306, linear__patchy_atelectasis: 0.176, lobar__segmental_collapse: 0.981, not_otherwise_specified_opacity___pleural__parenchymal_opacity__: 0.472, pleural_effusion_or_thickening: 0.741, pulmonary_edema__hazy_opacity: 0.315, normal_anatomically: 0.704, elevated_hemidiaphragm: 1.000, hyperaeration: 0.333, vascular_redistribution: 0.991, atelectasis__chx: 0.444, cardiomegaly__chx: 0.778, consolidation__chx: 0.917, edema__chx: 0.667, enlarged_cardiomediastinum__chx: 1.000, fracture__chx: 0.991, lung_lesion__chx: 0.954, lung_opacity__chx: 0.611, no_finding__chx: 0.676, pleural_effusion__chx: 0.167, pleural_other__chx: 1.000, pneumonia__chx: 0.806, pneumothorax__chx: 1.000, support_devices__chx: 0.963
Epoch 15 | train loss -27.7140 | val loss 1.5594 | time 90.30s
  Train summary: macro-acc 0.670 | macro-F1 0.214 | micro-P 0.223 | micro-R 0.510 | micro-F1 0.310 | macro-PR 0.192 | micro-PR 0.212
  Val summary:   macro-acc 0.677 | macro-F1 0.136 | micro-P 0.211 | micro-R 0.427 | micro-F1 0.282 | macro-PR 0.277 | micro-PR 0.183
  Train accuracy per class:
    Normal: 0.518, CHF: 0.513, pneumonia: 0.558, consolidation: 0.505, enlarged_cardiac_silhouette: 0.518, linear__patchy_atelectasis: 0.507, lobar__segmental_collapse: 0.785, not_otherwise_specified_opacity___pleural__parenchymal_opacity__: 0.559, pleural_effusion_or_thickening: 0.503, pulmonary_edema__hazy_opacity: 0.467, normal_anatomically: 0.553, elevated_hemidiaphragm: 0.898, hyperaeration: 0.464, vascular_redistribution: 0.774, atelectasis__chx: 0.546, cardiomegaly__chx: 0.547, consolidation__chx: 0.715, edema__chx: 0.674, enlarged_cardiomediastinum__chx: 0.941, fracture__chx: 0.996, lung_lesion__chx: 0.774, lung_opacity__chx: 0.642, no_finding__chx: 0.551, pleural_effusion__chx: 0.472, pleural_other__chx: 0.958, pneumonia__chx: 0.858, pneumothorax__chx: 0.997, support_devices__chx: 0.975
  Val accuracy per class:
    Normal: 0.574, CHF: 0.463, pneumonia: 0.713, consolidation: 0.824, enlarged_cardiac_silhouette: 0.370, linear__patchy_atelectasis: 0.176, lobar__segmental_collapse: 0.981, not_otherwise_specified_opacity___pleural__parenchymal_opacity__: 0.491, pleural_effusion_or_thickening: 0.806, pulmonary_edema__hazy_opacity: 0.333, normal_anatomically: 0.694, elevated_hemidiaphragm: 1.000, hyperaeration: 0.111, vascular_redistribution: 1.000, atelectasis__chx: 0.343, cardiomegaly__chx: 0.787, consolidation__chx: 0.972, edema__chx: 0.361, enlarged_cardiomediastinum__chx: 1.000, fracture__chx: 0.991, lung_lesion__chx: 0.954, lung_opacity__chx: 0.731, no_finding__chx: 0.676, pleural_effusion__chx: 0.176, pleural_other__chx: 1.000, pneumonia__chx: 0.454, pneumothorax__chx: 1.000, support_devices__chx: 0.963
Epoch 16 | train loss -32.4958 | val loss 3.2849 | time 90.46s
  Train summary: macro-acc 0.675 | macro-F1 0.226 | micro-P 0.231 | micro-R 0.530 | micro-F1 0.321 | macro-PR 0.178 | micro-PR 0.220
  Val summary:   macro-acc 0.685 | macro-F1 0.144 | micro-P 0.239 | micro-R 0.511 | micro-F1 0.326 | macro-PR 0.251 | micro-PR 0.225
  Train accuracy per class:
    Normal: 0.516, CHF: 0.509, pneumonia: 0.532, consolidation: 0.532, enlarged_cardiac_silhouette: 0.479, linear__patchy_atelectasis: 0.567, lobar__segmental_collapse: 0.809, not_otherwise_specified_opacity___pleural__parenchymal_opacity__: 0.538, pleural_effusion_or_thickening: 0.545, pulmonary_edema__hazy_opacity: 0.512, normal_anatomically: 0.546, elevated_hemidiaphragm: 0.920, hyperaeration: 0.447, vascular_redistribution: 0.858, atelectasis__chx: 0.550, cardiomegaly__chx: 0.455, consolidation__chx: 0.777, edema__chx: 0.607, enlarged_cardiomediastinum__chx: 0.937, fracture__chx: 0.993, lung_lesion__chx: 0.810, lung_opacity__chx: 0.678, no_finding__chx: 0.528, pleural_effusion__chx: 0.463, pleural_other__chx: 0.964, pneumonia__chx: 0.864, pneumothorax__chx: 0.999, support_devices__chx: 0.978
  Val accuracy per class:
    Normal: 0.713, CHF: 0.481, pneumonia: 0.380, consolidation: 0.528, enlarged_cardiac_silhouette: 0.241, linear__patchy_atelectasis: 0.176, lobar__segmental_collapse: 0.991, not_otherwise_specified_opacity___pleural__parenchymal_opacity__: 0.435, pleural_effusion_or_thickening: 0.380, pulmonary_edema__hazy_opacity: 0.676, normal_anatomically: 0.704, elevated_hemidiaphragm: 1.000, hyperaeration: 0.148, vascular_redistribution: 1.000, atelectasis__chx: 0.898, cardiomegaly__chx: 0.370, consolidation__chx: 0.926, edema__chx: 0.861, enlarged_cardiomediastinum__chx: 1.000, fracture__chx: 0.991, lung_lesion__chx: 0.954, lung_opacity__chx: 0.417, no_finding__chx: 0.676, pleural_effusion__chx: 0.454, pleural_other__chx: 1.000, pneumonia__chx: 0.815, pneumothorax__chx: 1.000, support_devices__chx: 0.963
Epoch 17 | train loss -37.7865 | val loss 2.9988 | time 90.92s
  Train summary: macro-acc 0.678 | macro-F1 0.214 | micro-P 0.227 | micro-R 0.508 | micro-F1 0.314 | macro-PR 0.179 | micro-PR 0.223
  Val summary:   macro-acc 0.665 | macro-F1 0.155 | micro-P 0.226 | micro-R 0.518 | micro-F1 0.315 | macro-PR 0.257 | micro-PR 0.236
  Train accuracy per class:
    Normal: 0.547, CHF: 0.515, pneumonia: 0.518, consolidation: 0.516, enlarged_cardiac_silhouette: 0.482, linear__patchy_atelectasis: 0.545, lobar__segmental_collapse: 0.861, not_otherwise_specified_opacity___pleural__parenchymal_opacity__: 0.599, pleural_effusion_or_thickening: 0.504, pulmonary_edema__hazy_opacity: 0.470, normal_anatomically: 0.569, elevated_hemidiaphragm: 0.939, hyperaeration: 0.522, vascular_redistribution: 0.876, atelectasis__chx: 0.492, cardiomegaly__chx: 0.381, consolidation__chx: 0.734, edema__chx: 0.653, enlarged_cardiomediastinum__chx: 0.925, fracture__chx: 0.991, lung_lesion__chx: 0.780, lung_opacity__chx: 0.704, no_finding__chx: 0.546, pleural_effusion__chx: 0.511, pleural_other__chx: 0.956, pneumonia__chx: 0.856, pneumothorax__chx: 0.999, support_devices__chx: 0.982
  Val accuracy per class:
    Normal: 0.694, CHF: 0.426, pneumonia: 0.528, consolidation: 0.463, enlarged_cardiac_silhouette: 0.241, linear__patchy_atelectasis: 0.176, lobar__segmental_collapse: 0.991, not_otherwise_specified_opacity___pleural__parenchymal_opacity__: 0.546, pleural_effusion_or_thickening: 0.444, pulmonary_edema__hazy_opacity: 0.157, normal_anatomically: 0.704, elevated_hemidiaphragm: 1.000, hyperaeration: 0.287, vascular_redistribution: 1.000, atelectasis__chx: 0.778, cardiomegaly__chx: 0.435, consolidation__chx: 0.750, edema__chx: 0.852, enlarged_cardiomediastinum__chx: 1.000, fracture__chx: 0.991, lung_lesion__chx: 0.954, lung_opacity__chx: 0.519, no_finding__chx: 0.676, pleural_effusion__chx: 0.231, pleural_other__chx: 1.000, pneumonia__chx: 0.815, pneumothorax__chx: 1.000, support_devices__chx: 0.963
Epoch 18 | train loss -43.7119 | val loss 2.0651 | time 91.76s
  Train summary: macro-acc 0.679 | macro-F1 0.220 | micro-P 0.230 | micro-R 0.519 | micro-F1 0.319 | macro-PR 0.191 | micro-PR 0.230
  Val summary:   macro-acc 0.683 | macro-F1 0.165 | micro-P 0.229 | micro-R 0.478 | micro-F1 0.309 | macro-PR 0.276 | micro-PR 0.191
  Train accuracy per class:
    Normal: 0.538, CHF: 0.516, pneumonia: 0.522, consolidation: 0.578, enlarged_cardiac_silhouette: 0.485, linear__patchy_atelectasis: 0.551, lobar__segmental_collapse: 0.884, not_otherwise_specified_opacity___pleural__parenchymal_opacity__: 0.571, pleural_effusion_or_thickening: 0.507, pulmonary_edema__hazy_opacity: 0.445, normal_anatomically: 0.563, elevated_hemidiaphragm: 0.894, hyperaeration: 0.570, vascular_redistribution: 0.838, atelectasis__chx: 0.472, cardiomegaly__chx: 0.396, consolidation__chx: 0.763, edema__chx: 0.666, enlarged_cardiomediastinum__chx: 0.934, fracture__chx: 0.993, lung_lesion__chx: 0.790, lung_opacity__chx: 0.704, no_finding__chx: 0.554, pleural_effusion__chx: 0.468, pleural_other__chx: 0.978, pneumonia__chx: 0.846, pneumothorax__chx: 0.997, support_devices__chx: 0.975
  Val accuracy per class:
    Normal: 0.713, CHF: 0.426, pneumonia: 0.583, consolidation: 0.769, enlarged_cardiac_silhouette: 0.241, linear__patchy_atelectasis: 0.176, lobar__segmental_collapse: 0.991, not_otherwise_specified_opacity___pleural__parenchymal_opacity__: 0.528, pleural_effusion_or_thickening: 0.778, pulmonary_edema__hazy_opacity: 0.167, normal_anatomically: 0.704, elevated_hemidiaphragm: 1.000, hyperaeration: 0.676, vascular_redistribution: 1.000, atelectasis__chx: 0.389, cardiomegaly__chx: 0.620, consolidation__chx: 0.917, edema__chx: 0.481, enlarged_cardiomediastinum__chx: 1.000, fracture__chx: 0.991, lung_lesion__chx: 0.926, lung_opacity__chx: 0.648, no_finding__chx: 0.676, pleural_effusion__chx: 0.167, pleural_other__chx: 1.000, pneumonia__chx: 0.583, pneumothorax__chx: 1.000, support_devices__chx: 0.963
Epoch 19 | train loss -50.3397 | val loss 2.6174 | time 92.33s
  Train summary: macro-acc 0.694 | macro-F1 0.223 | micro-P 0.240 | micro-R 0.511 | micro-F1 0.327 | macro-PR 0.224 | micro-PR 0.241
  Val summary:   macro-acc 0.697 | macro-F1 0.175 | micro-P 0.244 | micro-R 0.493 | micro-F1 0.326 | macro-PR 0.242 | micro-PR 0.206
  Train accuracy per class:
    Normal: 0.545, CHF: 0.565, pneumonia: 0.545, consolidation: 0.627, enlarged_cardiac_silhouette: 0.512, linear__patchy_atelectasis: 0.515, lobar__segmental_collapse: 0.881, not_otherwise_specified_opacity___pleural__parenchymal_opacity__: 0.573, pleural_effusion_or_thickening: 0.574, pulmonary_edema__hazy_opacity: 0.455, normal_anatomically: 0.584, elevated_hemidiaphragm: 0.900, hyperaeration: 0.668, vascular_redistribution: 0.846, atelectasis__chx: 0.480, cardiomegaly__chx: 0.489, consolidation__chx: 0.757, edema__chx: 0.619, enlarged_cardiomediastinum__chx: 0.927, fracture__chx: 0.992, lung_lesion__chx: 0.802, lung_opacity__chx: 0.678, no_finding__chx: 0.580, pleural_effusion__chx: 0.512, pleural_other__chx: 0.972, pneumonia__chx: 0.867, pneumothorax__chx: 0.997, support_devices__chx: 0.984
  Val accuracy per class:
    Normal: 0.620, CHF: 0.491, pneumonia: 0.583, consolidation: 0.630, enlarged_cardiac_silhouette: 0.370, linear__patchy_atelectasis: 0.176, lobar__segmental_collapse: 0.991, not_otherwise_specified_opacity___pleural__parenchymal_opacity__: 0.491, pleural_effusion_or_thickening: 0.778, pulmonary_edema__hazy_opacity: 0.250, normal_anatomically: 0.694, elevated_hemidiaphragm: 1.000, hyperaeration: 0.824, vascular_redistribution: 1.000, atelectasis__chx: 0.630, cardiomegaly__chx: 0.519, consolidation__chx: 0.935, edema__chx: 0.639, enlarged_cardiomediastinum__chx: 1.000, fracture__chx: 0.991, lung_lesion__chx: 0.954, lung_opacity__chx: 0.528, no_finding__chx: 0.602, pleural_effusion__chx: 0.204, pleural_other__chx: 1.000, pneumonia__chx: 0.657, pneumothorax__chx: 1.000, support_devices__chx: 0.963
Epoch 20 | train loss -57.7765 | val loss 5.8319 | time 90.80s
  Train summary: macro-acc 0.702 | macro-F1 0.227 | micro-P 0.249 | micro-R 0.524 | micro-F1 0.338 | macro-PR 0.191 | micro-PR 0.250
  Val summary:   macro-acc 0.624 | macro-F1 0.153 | micro-P 0.207 | micro-R 0.538 | micro-F1 0.299 | macro-PR 0.230 | micro-PR 0.223
  Train accuracy per class:
    Normal: 0.558, CHF: 0.541, pneumonia: 0.582, consolidation: 0.644, enlarged_cardiac_silhouette: 0.561, linear__patchy_atelectasis: 0.533, lobar__segmental_collapse: 0.906, not_otherwise_specified_opacity___pleural__parenchymal_opacity__: 0.619, pleural_effusion_or_thickening: 0.528, pulmonary_edema__hazy_opacity: 0.472, normal_anatomically: 0.599, elevated_hemidiaphragm: 0.918, hyperaeration: 0.691, vascular_redistribution: 0.914, atelectasis__chx: 0.507, cardiomegaly__chx: 0.515, consolidation__chx: 0.753, edema__chx: 0.566, enlarged_cardiomediastinum__chx: 0.894, fracture__chx: 0.983, lung_lesion__chx: 0.761, lung_opacity__chx: 0.708, no_finding__chx: 0.569, pleural_effusion__chx: 0.546, pleural_other__chx: 0.970, pneumonia__chx: 0.830, pneumothorax__chx: 0.999, support_devices__chx: 0.987
  Val accuracy per class:
    Normal: 0.713, CHF: 0.426, pneumonia: 0.435, consolidation: 0.417, enlarged_cardiac_silhouette: 0.241, linear__patchy_atelectasis: 0.176, lobar__segmental_collapse: 0.991, not_otherwise_specified_opacity___pleural__parenchymal_opacity__: 0.426, pleural_effusion_or_thickening: 0.481, pulmonary_edema__hazy_opacity: 0.167, normal_anatomically: 0.704, elevated_hemidiaphragm: 1.000, hyperaeration: 0.176, vascular_redistribution: 1.000, atelectasis__chx: 0.676, cardiomegaly__chx: 0.435, consolidation__chx: 0.639, edema__chx: 0.861, enlarged_cardiomediastinum__chx: 1.000, fracture__chx: 0.991, lung_lesion__chx: 0.167, lung_opacity__chx: 0.472, no_finding__chx: 0.676, pleural_effusion__chx: 0.435, pleural_other__chx: 1.000, pneumonia__chx: 0.815, pneumothorax__chx: 1.000, support_devices__chx: 0.963
Epoch 21 | train loss -65.0454 | val loss 2.5969 | time 90.24s
  Train summary: macro-acc 0.696 | macro-F1 0.232 | micro-P 0.248 | micro-R 0.537 | micro-F1 0.339 | macro-PR 0.192 | micro-PR 0.246
  Val summary:   macro-acc 0.654 | macro-F1 0.168 | micro-P 0.216 | micro-R 0.504 | micro-F1 0.303 | macro-PR 0.244 | micro-PR 0.184
  Train accuracy per class:
    Normal: 0.575, CHF: 0.534, pneumonia: 0.592, consolidation: 0.664, enlarged_cardiac_silhouette: 0.526, linear__patchy_atelectasis: 0.561, lobar__segmental_collapse: 0.859, not_otherwise_specified_opacity___pleural__parenchymal_opacity__: 0.575, pleural_effusion_or_thickening: 0.546, pulmonary_edema__hazy_opacity: 0.508, normal_anatomically: 0.574, elevated_hemidiaphragm: 0.923, hyperaeration: 0.536, vascular_redistribution: 0.909, atelectasis__chx: 0.495, cardiomegaly__chx: 0.563, consolidation__chx: 0.809, edema__chx: 0.557, enlarged_cardiomediastinum__chx: 0.909, fracture__chx: 0.976, lung_lesion__chx: 0.679, lung_opacity__chx: 0.744, no_finding__chx: 0.559, pleural_effusion__chx: 0.512, pleural_other__chx: 0.960, pneumonia__chx: 0.860, pneumothorax__chx: 1.000, support_devices__chx: 0.982
  Val accuracy per class:
    Normal: 0.463, CHF: 0.426, pneumonia: 0.639, consolidation: 0.861, enlarged_cardiac_silhouette: 0.324, linear__patchy_atelectasis: 0.194, lobar__segmental_collapse: 0.991, not_otherwise_specified_opacity___pleural__parenchymal_opacity__: 0.519, pleural_effusion_or_thickening: 0.759, pulmonary_edema__hazy_opacity: 0.463, normal_anatomically: 0.694, elevated_hemidiaphragm: 1.000, hyperaeration: 0.176, vascular_redistribution: 1.000, atelectasis__chx: 0.343, cardiomegaly__chx: 0.778, consolidation__chx: 0.972, edema__chx: 0.407, enlarged_cardiomediastinum__chx: 1.000, fracture__chx: 0.991, lung_lesion__chx: 0.593, lung_opacity__chx: 0.639, no_finding__chx: 0.491, pleural_effusion__chx: 0.167, pleural_other__chx: 1.000, pneumonia__chx: 0.472, pneumothorax__chx: 1.000, support_devices__chx: 0.963
Epoch 22 | train loss -73.6083 | val loss 3.1486 | time 91.03s
  Train summary: macro-acc 0.693 | macro-F1 0.226 | micro-P 0.243 | micro-R 0.525 | micro-F1 0.332 | macro-PR 0.187 | micro-PR 0.244
  Val summary:   macro-acc 0.646 | macro-F1 0.181 | micro-P 0.220 | micro-R 0.540 | micro-F1 0.312 | macro-PR 0.236 | micro-PR 0.208
  Train accuracy per class:
    Normal: 0.544, CHF: 0.536, pneumonia: 0.580, consolidation: 0.679, enlarged_cardiac_silhouette: 0.511, linear__patchy_atelectasis: 0.558, lobar__segmental_collapse: 0.888, not_otherwise_specified_opacity___pleural__parenchymal_opacity__: 0.561, pleural_effusion_or_thickening: 0.549, pulmonary_edema__hazy_opacity: 0.500, normal_anatomically: 0.566, elevated_hemidiaphragm: 0.951, hyperaeration: 0.625, vascular_redistribution: 0.825, atelectasis__chx: 0.480, cardiomegaly__chx: 0.503, consolidation__chx: 0.823, edema__chx: 0.595, enlarged_cardiomediastinum__chx: 0.910, fracture__chx: 0.988, lung_lesion__chx: 0.703, lung_opacity__chx: 0.689, no_finding__chx: 0.565, pleural_effusion__chx: 0.489, pleural_other__chx: 0.972, pneumonia__chx: 0.843, pneumothorax__chx: 0.999, support_devices__chx: 0.972
  Val accuracy per class:
    Normal: 0.602, CHF: 0.426, pneumonia: 0.481, consolidation: 0.463, enlarged_cardiac_silhouette: 0.241, linear__patchy_atelectasis: 0.176, lobar__segmental_collapse: 0.991, not_otherwise_specified_opacity___pleural__parenchymal_opacity__: 0.481, pleural_effusion_or_thickening: 0.620, pulmonary_edema__hazy_opacity: 0.343, normal_anatomically: 0.704, elevated_hemidiaphragm: 1.000, hyperaeration: 0.111, vascular_redistribution: 1.000, atelectasis__chx: 0.630, cardiomegaly__chx: 0.667, consolidation__chx: 0.963, edema__chx: 0.657, enlarged_cardiomediastinum__chx: 1.000, fracture__chx: 0.991, lung_lesion__chx: 0.667, lung_opacity__chx: 0.463, no_finding__chx: 0.583, pleural_effusion__chx: 0.167, pleural_other__chx: 1.000, pneumonia__chx: 0.704, pneumothorax__chx: 1.000, support_devices__chx: 0.963
Epoch 23 | train loss -81.6435 | val loss 3.0036 | time 97.41s
  Train summary: macro-acc 0.691 | macro-F1 0.225 | micro-P 0.242 | micro-R 0.533 | micro-F1 0.333 | macro-PR 0.188 | micro-PR 0.234
  Val summary:   macro-acc 0.633 | macro-F1 0.178 | micro-P 0.209 | micro-R 0.529 | micro-F1 0.300 | macro-PR 0.227 | micro-PR 0.190
  Train accuracy per class:
    Normal: 0.562, CHF: 0.571, pneumonia: 0.587, consolidation: 0.629, enlarged_cardiac_silhouette: 0.549, linear__patchy_atelectasis: 0.580, lobar__segmental_collapse: 0.883, not_otherwise_specified_opacity___pleural__parenchymal_opacity__: 0.571, pleural_effusion_or_thickening: 0.525, pulmonary_edema__hazy_opacity: 0.561, normal_anatomically: 0.613, elevated_hemidiaphragm: 0.943, hyperaeration: 0.458, vascular_redistribution: 0.819, atelectasis__chx: 0.389, cardiomegaly__chx: 0.475, consolidation__chx: 0.806, edema__chx: 0.546, enlarged_cardiomediastinum__chx: 0.921, fracture__chx: 0.983, lung_lesion__chx: 0.781, lung_opacity__chx: 0.702, no_finding__chx: 0.587, pleural_effusion__chx: 0.536, pleural_other__chx: 0.950, pneumonia__chx: 0.836, pneumothorax__chx: 1.000, support_devices__chx: 0.971
  Val accuracy per class:
    Normal: 0.593, CHF: 0.417, pneumonia: 0.537, consolidation: 0.556, enlarged_cardiac_silhouette: 0.241, linear__patchy_atelectasis: 0.176, lobar__segmental_collapse: 0.991, not_otherwise_specified_opacity___pleural__parenchymal_opacity__: 0.481, pleural_effusion_or_thickening: 0.611, pulmonary_edema__hazy_opacity: 0.435, normal_anatomically: 0.704, elevated_hemidiaphragm: 0.991, hyperaeration: 0.278, vascular_redistribution: 1.000, atelectasis__chx: 0.444, cardiomegaly__chx: 0.593, consolidation__chx: 0.972, edema__chx: 0.602, enlarged_cardiomediastinum__chx: 1.000, fracture__chx: 0.991, lung_lesion__chx: 0.213, lung_opacity__chx: 0.556, no_finding__chx: 0.565, pleural_effusion__chx: 0.167, pleural_other__chx: 1.000, pneumonia__chx: 0.639, pneumothorax__chx: 1.000, support_devices__chx: 0.963
Epoch 24 | train loss -90.3070 | val loss 3.1337 | time 90.33s
  Train summary: macro-acc 0.686 | macro-F1 0.228 | micro-P 0.240 | micro-R 0.536 | micro-F1 0.331 | macro-PR 0.188 | micro-PR 0.239
  Val summary:   macro-acc 0.639 | macro-F1 0.177 | micro-P 0.212 | micro-R 0.527 | micro-F1 0.302 | macro-PR 0.227 | micro-PR 0.174
  Train accuracy per class:
    Normal: 0.570, CHF: 0.508, pneumonia: 0.551, consolidation: 0.602, enlarged_cardiac_silhouette: 0.534, linear__patchy_atelectasis: 0.557, lobar__segmental_collapse: 0.885, not_otherwise_specified_opacity___pleural__parenchymal_opacity__: 0.592, pleural_effusion_or_thickening: 0.526, pulmonary_edema__hazy_opacity: 0.575, normal_anatomically: 0.584, elevated_hemidiaphragm: 0.934, hyperaeration: 0.547, vascular_redistribution: 0.798, atelectasis__chx: 0.434, cardiomegaly__chx: 0.512, consolidation__chx: 0.815, edema__chx: 0.596, enlarged_cardiomediastinum__chx: 0.935, fracture__chx: 0.991, lung_lesion__chx: 0.656, lung_opacity__chx: 0.693, no_finding__chx: 0.577, pleural_effusion__chx: 0.450, pleural_other__chx: 0.953, pneumonia__chx: 0.851, pneumothorax__chx: 1.000, support_devices__chx: 0.976
  Val accuracy per class:
    Normal: 0.556, CHF: 0.426, pneumonia: 0.491, consolidation: 0.574, enlarged_cardiac_silhouette: 0.259, linear__patchy_atelectasis: 0.204, lobar__segmental_collapse: 0.991, not_otherwise_specified_opacity___pleural__parenchymal_opacity__: 0.528, pleural_effusion_or_thickening: 0.648, pulmonary_edema__hazy_opacity: 0.454, normal_anatomically: 0.704, elevated_hemidiaphragm: 1.000, hyperaeration: 0.296, vascular_redistribution: 1.000, atelectasis__chx: 0.398, cardiomegaly__chx: 0.648, consolidation__chx: 0.972, edema__chx: 0.556, enlarged_cardiomediastinum__chx: 1.000, fracture__chx: 0.991, lung_lesion__chx: 0.296, lung_opacity__chx: 0.546, no_finding__chx: 0.602, pleural_effusion__chx: 0.167, pleural_other__chx: 1.000, pneumonia__chx: 0.611, pneumothorax__chx: 1.000, support_devices__chx: 0.963
Epoch 25 | train loss -99.0516 | val loss 3.4444 | time 91.24s
  Train summary: macro-acc 0.692 | macro-F1 0.225 | micro-P 0.243 | micro-R 0.532 | micro-F1 0.334 | macro-PR 0.192 | micro-PR 0.247
  Val summary:   macro-acc 0.694 | macro-F1 0.177 | micro-P 0.239 | micro-R 0.484 | micro-F1 0.320 | macro-PR 0.254 | micro-PR 0.176
  Train accuracy per class:
    Normal: 0.561, CHF: 0.526, pneumonia: 0.596, consolidation: 0.629, enlarged_cardiac_silhouette: 0.513, linear__patchy_atelectasis: 0.557, lobar__segmental_collapse: 0.850, not_otherwise_specified_opacity___pleural__parenchymal_opacity__: 0.628, pleural_effusion_or_thickening: 0.547, pulmonary_edema__hazy_opacity: 0.570, normal_anatomically: 0.569, elevated_hemidiaphragm: 0.926, hyperaeration: 0.646, vascular_redistribution: 0.811, atelectasis__chx: 0.441, cardiomegaly__chx: 0.522, consolidation__chx: 0.825, edema__chx: 0.591, enlarged_cardiomediastinum__chx: 0.931, fracture__chx: 0.970, lung_lesion__chx: 0.664, lung_opacity__chx: 0.710, no_finding__chx: 0.565, pleural_effusion__chx: 0.450, pleural_other__chx: 0.968, pneumonia__chx: 0.832, pneumothorax__chx: 0.999, support_devices__chx: 0.979
  Val accuracy per class:
    Normal: 0.389, CHF: 0.426, pneumonia: 0.704, consolidation: 0.824, enlarged_cardiac_silhouette: 0.593, linear__patchy_atelectasis: 0.667, lobar__segmental_collapse: 0.991, not_otherwise_specified_opacity___pleural__parenchymal_opacity__: 0.509, pleural_effusion_or_thickening: 0.796, pulmonary_edema__hazy_opacity: 0.731, normal_anatomically: 0.509, elevated_hemidiaphragm: 1.000, hyperaeration: 0.676, vascular_redistribution: 1.000, atelectasis__chx: 0.176, cardiomegaly__chx: 0.787, consolidation__chx: 0.972, edema__chx: 0.324, enlarged_cardiomediastinum__chx: 1.000, fracture__chx: 0.991, lung_lesion__chx: 0.796, lung_opacity__chx: 0.741, no_finding__chx: 0.444, pleural_effusion__chx: 0.167, pleural_other__chx: 1.000, pneumonia__chx: 0.380, pneumothorax__chx: 1.000, support_devices__chx: 0.843
Epoch 26 | train loss -109.0643 | val loss 6.0114 | time 88.36s
  Train summary: macro-acc 0.697 | macro-F1 0.236 | micro-P 0.251 | micro-R 0.547 | micro-F1 0.344 | macro-PR 0.202 | micro-PR 0.254
  Val summary:   macro-acc 0.674 | macro-F1 0.184 | micro-P 0.222 | micro-R 0.473 | micro-F1 0.302 | macro-PR 0.231 | micro-PR 0.177
  Train accuracy per class:
    Normal: 0.555, CHF: 0.540, pneumonia: 0.569, consolidation: 0.600, enlarged_cardiac_silhouette: 0.538, linear__patchy_atelectasis: 0.571, lobar__segmental_collapse: 0.834, not_otherwise_specified_opacity___pleural__parenchymal_opacity__: 0.603, pleural_effusion_or_thickening: 0.587, pulmonary_edema__hazy_opacity: 0.578, normal_anatomically: 0.534, elevated_hemidiaphragm: 0.943, hyperaeration: 0.636, vascular_redistribution: 0.807, atelectasis__chx: 0.413, cardiomegaly__chx: 0.508, consolidation__chx: 0.843, edema__chx: 0.588, enlarged_cardiomediastinum__chx: 0.901, fracture__chx: 0.987, lung_lesion__chx: 0.753, lung_opacity__chx: 0.712, no_finding__chx: 0.578, pleural_effusion__chx: 0.536, pleural_other__chx: 0.984, pneumonia__chx: 0.826, pneumothorax__chx: 1.000, support_devices__chx: 0.983
  Val accuracy per class:
    Normal: 0.472, CHF: 0.454, pneumonia: 0.630, consolidation: 0.565, enlarged_cardiac_silhouette: 0.287, linear__patchy_atelectasis: 0.639, lobar__segmental_collapse: 0.991, not_otherwise_specified_opacity___pleural__parenchymal_opacity__: 0.481, pleural_effusion_or_thickening: 0.722, pulmonary_edema__hazy_opacity: 0.556, normal_anatomically: 0.556, elevated_hemidiaphragm: 1.000, hyperaeration: 0.407, vascular_redistribution: 1.000, atelectasis__chx: 0.472, cardiomegaly__chx: 0.602, consolidation__chx: 0.972, edema__chx: 0.519, enlarged_cardiomediastinum__chx: 1.000, fracture__chx: 0.991, lung_lesion__chx: 0.954, lung_opacity__chx: 0.611, no_finding__chx: 0.481, pleural_effusion__chx: 0.194, pleural_other__chx: 0.991, pneumonia__chx: 0.565, pneumothorax__chx: 1.000, support_devices__chx: 0.769
Epoch 27 | train loss -117.6252 | val loss 5.0206 | time 89.99s
  Train summary: macro-acc 0.699 | macro-F1 0.231 | micro-P 0.250 | micro-R 0.535 | micro-F1 0.340 | macro-PR 0.191 | micro-PR 0.253
  Val summary:   macro-acc 0.666 | macro-F1 0.185 | micro-P 0.227 | micro-R 0.518 | micro-F1 0.316 | macro-PR 0.223 | micro-PR 0.183
  Train accuracy per class:
    Normal: 0.547, CHF: 0.504, pneumonia: 0.570, consolidation: 0.664, enlarged_cardiac_silhouette: 0.526, linear__patchy_atelectasis: 0.571, lobar__segmental_collapse: 0.860, not_otherwise_specified_opacity___pleural__parenchymal_opacity__: 0.616, pleural_effusion_or_thickening: 0.544, pulmonary_edema__hazy_opacity: 0.530, normal_anatomically: 0.577, elevated_hemidiaphragm: 0.921, hyperaeration: 0.662, vascular_redistribution: 0.819, atelectasis__chx: 0.445, cardiomegaly__chx: 0.468, consolidation__chx: 0.803, edema__chx: 0.584, enlarged_cardiomediastinum__chx: 0.921, fracture__chx: 0.995, lung_lesion__chx: 0.788, lung_opacity__chx: 0.766, no_finding__chx: 0.557, pleural_effusion__chx: 0.547, pleural_other__chx: 0.972, pneumonia__chx: 0.835, pneumothorax__chx: 1.000, support_devices__chx: 0.979
  Val accuracy per class:
    Normal: 0.481, CHF: 0.426, pneumonia: 0.500, consolidation: 0.722, enlarged_cardiac_silhouette: 0.250, linear__patchy_atelectasis: 0.435, lobar__segmental_collapse: 0.991, not_otherwise_specified_opacity___pleural__parenchymal_opacity__: 0.463, pleural_effusion_or_thickening: 0.722, pulmonary_edema__hazy_opacity: 0.472, normal_anatomically: 0.611, elevated_hemidiaphragm: 1.000, hyperaeration: 0.407, vascular_redistribution: 1.000, atelectasis__chx: 0.426, cardiomegaly__chx: 0.620, consolidation__chx: 0.963, edema__chx: 0.500, enlarged_cardiomediastinum__chx: 1.000, fracture__chx: 0.991, lung_lesion__chx: 0.713, lung_opacity__chx: 0.667, no_finding__chx: 0.556, pleural_effusion__chx: 0.167, pleural_other__chx: 1.000, pneumonia__chx: 0.593, pneumothorax__chx: 1.000, support_devices__chx: 0.963
Epoch 28 | train loss -127.7561 | val loss 5.2489 | time 90.01s
  Train summary: macro-acc 0.708 | macro-F1 0.237 | micro-P 0.260 | micro-R 0.547 | micro-F1 0.352 | macro-PR 0.194 | micro-PR 0.250
  Val summary:   macro-acc 0.649 | macro-F1 0.187 | micro-P 0.216 | micro-R 0.516 | micro-F1 0.304 | macro-PR 0.221 | micro-PR 0.182
  Train accuracy per class:
    Normal: 0.592, CHF: 0.555, pneumonia: 0.615, consolidation: 0.616, enlarged_cardiac_silhouette: 0.549, linear__patchy_atelectasis: 0.538, lobar__segmental_collapse: 0.896, not_otherwise_specified_opacity___pleural__parenchymal_opacity__: 0.611, pleural_effusion_or_thickening: 0.583, pulmonary_edema__hazy_opacity: 0.579, normal_anatomically: 0.584, elevated_hemidiaphragm: 0.904, hyperaeration: 0.668, vascular_redistribution: 0.825, atelectasis__chx: 0.467, cardiomegaly__chx: 0.525, consolidation__chx: 0.755, edema__chx: 0.591, enlarged_cardiomediastinum__chx: 0.921, fracture__chx: 0.991, lung_lesion__chx: 0.793, lung_opacity__chx: 0.747, no_finding__chx: 0.554, pleural_effusion__chx: 0.570, pleural_other__chx: 0.978, pneumonia__chx: 0.840, pneumothorax__chx: 1.000, support_devices__chx: 0.974
  Val accuracy per class:
    Normal: 0.519, CHF: 0.463, pneumonia: 0.546, consolidation: 0.630, enlarged_cardiac_silhouette: 0.259, linear__patchy_atelectasis: 0.463, lobar__segmental_collapse: 0.991, not_otherwise_specified_opacity___pleural__parenchymal_opacity__: 0.463, pleural_effusion_or_thickening: 0.750, pulmonary_edema__hazy_opacity: 0.389, normal_anatomically: 0.556, elevated_hemidiaphragm: 1.000, hyperaeration: 0.315, vascular_redistribution: 1.000, atelectasis__chx: 0.407, cardiomegaly__chx: 0.694, consolidation__chx: 0.787, edema__chx: 0.491, enlarged_cardiomediastinum__chx: 1.000, fracture__chx: 0.991, lung_lesion__chx: 0.602, lung_opacity__chx: 0.657, no_finding__chx: 0.528, pleural_effusion__chx: 0.167, pleural_other__chx: 0.991, pneumonia__chx: 0.556, pneumothorax__chx: 1.000, support_devices__chx: 0.963
Epoch 29 | train loss -140.1649 | val loss 4.8896 | time 91.47s
  Train summary: macro-acc 0.711 | macro-F1 0.240 | micro-P 0.264 | micro-R 0.554 | micro-F1 0.358 | macro-PR 0.206 | micro-PR 0.266
  Val summary:   macro-acc 0.670 | macro-F1 0.188 | micro-P 0.228 | micro-R 0.511 | micro-F1 0.316 | macro-PR 0.248 | micro-PR 0.176
  Train accuracy per class:
    Normal: 0.578, CHF: 0.505, pneumonia: 0.587, consolidation: 0.633, enlarged_cardiac_silhouette: 0.546, linear__patchy_atelectasis: 0.598, lobar__segmental_collapse: 0.868, not_otherwise_specified_opacity___pleural__parenchymal_opacity__: 0.657, pleural_effusion_or_thickening: 0.558, pulmonary_edema__hazy_opacity: 0.549, normal_anatomically: 0.603, elevated_hemidiaphragm: 0.918, hyperaeration: 0.624, vascular_redistribution: 0.811, atelectasis__chx: 0.521, cardiomegaly__chx: 0.600, consolidation__chx: 0.734, edema__chx: 0.616, enlarged_cardiomediastinum__chx: 0.939, fracture__chx: 0.991, lung_lesion__chx: 0.759, lung_opacity__chx: 0.757, no_finding__chx: 0.603, pleural_effusion__chx: 0.540, pleural_other__chx: 0.985, pneumonia__chx: 0.858, pneumothorax__chx: 0.999, support_devices__chx: 0.976
  Val accuracy per class:
    Normal: 0.444, CHF: 0.426, pneumonia: 0.565, consolidation: 0.870, enlarged_cardiac_silhouette: 0.463, linear__patchy_atelectasis: 0.546, lobar__segmental_collapse: 0.991, not_otherwise_specified_opacity___pleural__parenchymal_opacity__: 0.444, pleural_effusion_or_thickening: 0.759, pulmonary_edema__hazy_opacity: 0.241, normal_anatomically: 0.528, elevated_hemidiaphragm: 1.000, hyperaeration: 0.426, vascular_redistribution: 1.000, atelectasis__chx: 0.352, cardiomegaly__chx: 0.787, consolidation__chx: 0.907, edema__chx: 0.444, enlarged_cardiomediastinum__chx: 1.000, fracture__chx: 0.991, lung_lesion__chx: 0.787, lung_opacity__chx: 0.657, no_finding__chx: 0.491, pleural_effusion__chx: 0.194, pleural_other__chx: 0.991, pneumonia__chx: 0.500, pneumothorax__chx: 1.000, support_devices__chx: 0.954
Epoch 30 | train loss -151.5559 | val loss 7.9171 | time 89.69s
  Train summary: macro-acc 0.705 | macro-F1 0.232 | micro-P 0.258 | micro-R 0.548 | micro-F1 0.350 | macro-PR 0.192 | micro-PR 0.250
  Val summary:   macro-acc 0.628 | macro-F1 0.177 | micro-P 0.216 | micro-R 0.571 | micro-F1 0.314 | macro-PR 0.235 | micro-PR 0.210
  Train accuracy per class:
    Normal: 0.595, CHF: 0.497, pneumonia: 0.625, consolidation: 0.611, enlarged_cardiac_silhouette: 0.524, linear__patchy_atelectasis: 0.573, lobar__segmental_collapse: 0.864, not_otherwise_specified_opacity___pleural__parenchymal_opacity__: 0.648, pleural_effusion_or_thickening: 0.557, pulmonary_edema__hazy_opacity: 0.580, normal_anatomically: 0.579, elevated_hemidiaphragm: 0.929, hyperaeration: 0.642, vascular_redistribution: 0.792, atelectasis__chx: 0.546, cardiomegaly__chx: 0.496, consolidation__chx: 0.743, edema__chx: 0.623, enlarged_cardiomediastinum__chx: 0.934, fracture__chx: 0.991, lung_lesion__chx: 0.784, lung_opacity__chx: 0.735, no_finding__chx: 0.591, pleural_effusion__chx: 0.495, pleural_other__chx: 0.976, pneumonia__chx: 0.840, pneumothorax__chx: 0.999, support_devices__chx: 0.978
  Val accuracy per class:
    Normal: 0.602, CHF: 0.426, pneumonia: 0.380, consolidation: 0.407, enlarged_cardiac_silhouette: 0.241, linear__patchy_atelectasis: 0.176, lobar__segmental_collapse: 0.991, not_otherwise_specified_opacity___pleural__parenchymal_opacity__: 0.463, pleural_effusion_or_thickening: 0.657, pulmonary_edema__hazy_opacity: 0.167, normal_anatomically: 0.704, elevated_hemidiaphragm: 0.981, hyperaeration: 0.231, vascular_redistribution: 1.000, atelectasis__chx: 0.639, cardiomegaly__chx: 0.481, consolidation__chx: 0.815, edema__chx: 0.694, enlarged_cardiomediastinum__chx: 1.000, fracture__chx: 0.991, lung_lesion__chx: 0.519, lung_opacity__chx: 0.537, no_finding__chx: 0.667, pleural_effusion__chx: 0.167, pleural_other__chx: 1.000, pneumonia__chx: 0.694, pneumothorax__chx: 1.000, support_devices__chx: 0.963
Epoch 31 | train loss -164.8421 | val loss 7.5032 | time 89.59s
  Train summary: macro-acc 0.696 | macro-F1 0.235 | micro-P 0.250 | micro-R 0.549 | micro-F1 0.344 | macro-PR 0.188 | micro-PR 0.241
  Val summary:   macro-acc 0.584 | macro-F1 0.178 | micro-P 0.193 | micro-R 0.564 | micro-F1 0.288 | macro-PR 0.244 | micro-PR 0.193
  Train accuracy per class:
    Normal: 0.563, CHF: 0.492, pneumonia: 0.577, consolidation: 0.604, enlarged_cardiac_silhouette: 0.518, linear__patchy_atelectasis: 0.562, lobar__segmental_collapse: 0.836, not_otherwise_specified_opacity___pleural__parenchymal_opacity__: 0.631, pleural_effusion_or_thickening: 0.500, pulmonary_edema__hazy_opacity: 0.565, normal_anatomically: 0.580, elevated_hemidiaphragm: 0.946, hyperaeration: 0.608, vascular_redistribution: 0.821, atelectasis__chx: 0.517, cardiomegaly__chx: 0.470, consolidation__chx: 0.747, edema__chx: 0.635, enlarged_cardiomediastinum__chx: 0.937, fracture__chx: 0.995, lung_lesion__chx: 0.769, lung_opacity__chx: 0.752, no_finding__chx: 0.577, pleural_effusion__chx: 0.483, pleural_other__chx: 0.982, pneumonia__chx: 0.842, pneumothorax__chx: 0.996, support_devices__chx: 0.976
  Val accuracy per class:
    Normal: 0.528, CHF: 0.426, pneumonia: 0.426, consolidation: 0.565, enlarged_cardiac_silhouette: 0.241, linear__patchy_atelectasis: 0.176, lobar__segmental_collapse: 0.565, not_otherwise_specified_opacity___pleural__parenchymal_opacity__: 0.444, pleural_effusion_or_thickening: 0.602, pulmonary_edema__hazy_opacity: 0.241, normal_anatomically: 0.704, elevated_hemidiaphragm: 0.667, hyperaeration: 0.259, vascular_redistribution: 1.000, atelectasis__chx: 0.491, cardiomegaly__chx: 0.583, consolidation__chx: 0.694, edema__chx: 0.602, enlarged_cardiomediastinum__chx: 1.000, fracture__chx: 0.991, lung_lesion__chx: 0.213, lung_opacity__chx: 0.574, no_finding__chx: 0.602, pleural_effusion__chx: 0.167, pleural_other__chx: 1.000, pneumonia__chx: 0.639, pneumothorax__chx: 1.000, support_devices__chx: 0.963
Epoch 32 | train loss -177.4197 | val loss 5.9901 | time 90.78s
  Train summary: macro-acc 0.699 | macro-F1 0.228 | micro-P 0.252 | micro-R 0.544 | micro-F1 0.344 | macro-PR 0.196 | micro-PR 0.251
  Val summary:   macro-acc 0.619 | macro-F1 0.185 | micro-P 0.190 | micro-R 0.478 | micro-F1 0.272 | macro-PR 0.228 | micro-PR 0.167
  Train accuracy per class:
    Normal: 0.580, CHF: 0.488, pneumonia: 0.600, consolidation: 0.550, enlarged_cardiac_silhouette: 0.491, linear__patchy_atelectasis: 0.594, lobar__segmental_collapse: 0.846, not_otherwise_specified_opacity___pleural__parenchymal_opacity__: 0.635, pleural_effusion_or_thickening: 0.529, pulmonary_edema__hazy_opacity: 0.542, normal_anatomically: 0.579, elevated_hemidiaphragm: 0.908, hyperaeration: 0.625, vascular_redistribution: 0.848, atelectasis__chx: 0.500, cardiomegaly__chx: 0.509, consolidation__chx: 0.736, edema__chx: 0.702, enlarged_cardiomediastinum__chx: 0.937, fracture__chx: 0.993, lung_lesion__chx: 0.757, lung_opacity__chx: 0.739, no_finding__chx: 0.611, pleural_effusion__chx: 0.466, pleural_other__chx: 0.971, pneumonia__chx: 0.855, pneumothorax__chx: 1.000, support_devices__chx: 0.982
  Val accuracy per class:
    Normal: 0.417, CHF: 0.454, pneumonia: 0.556, consolidation: 0.639, enlarged_cardiac_silhouette: 0.269, linear__patchy_atelectasis: 0.444, lobar__segmental_collapse: 0.991, not_otherwise_specified_opacity___pleural__parenchymal_opacity__: 0.472, pleural_effusion_or_thickening: 0.694, pulmonary_edema__hazy_opacity: 0.407, normal_anatomically: 0.500, elevated_hemidiaphragm: 0.620, hyperaeration: 0.287, vascular_redistribution: 1.000, atelectasis__chx: 0.324, cardiomegaly__chx: 0.667, consolidation__chx: 0.796, edema__chx: 0.500, enlarged_cardiomediastinum__chx: 1.000, fracture__chx: 0.796, lung_lesion__chx: 0.889, lung_opacity__chx: 0.620, no_finding__chx: 0.481, pleural_effusion__chx: 0.194, pleural_other__chx: 1.000, pneumonia__chx: 0.556, pneumothorax__chx: 1.000, support_devices__chx: 0.750
Epoch 33 | train loss -192.6178 | val loss 8.1684 | time 90.32s
  Train summary: macro-acc 0.700 | macro-F1 0.239 | micro-P 0.258 | micro-R 0.566 | micro-F1 0.354 | macro-PR 0.200 | micro-PR 0.255
  Val summary:   macro-acc 0.615 | macro-F1 0.185 | micro-P 0.210 | micro-R 0.576 | micro-F1 0.308 | macro-PR 0.224 | micro-PR 0.193
  Train accuracy per class:
    Normal: 0.574, CHF: 0.542, pneumonia: 0.563, consolidation: 0.619, enlarged_cardiac_silhouette: 0.549, linear__patchy_atelectasis: 0.553, lobar__segmental_collapse: 0.887, not_otherwise_specified_opacity___pleural__parenchymal_opacity__: 0.625, pleural_effusion_or_thickening: 0.551, pulmonary_edema__hazy_opacity: 0.546, normal_anatomically: 0.606, elevated_hemidiaphragm: 0.935, hyperaeration: 0.582, vascular_redistribution: 0.844, atelectasis__chx: 0.459, cardiomegaly__chx: 0.509, consolidation__chx: 0.757, edema__chx: 0.640, enlarged_cardiomediastinum__chx: 0.921, fracture__chx: 0.995, lung_lesion__chx: 0.760, lung_opacity__chx: 0.732, no_finding__chx: 0.578, pleural_effusion__chx: 0.534, pleural_other__chx: 0.966, pneumonia__chx: 0.809, pneumothorax__chx: 1.000, support_devices__chx: 0.975
  Val accuracy per class:
    Normal: 0.546, CHF: 0.426, pneumonia: 0.417, consolidation: 0.750, enlarged_cardiac_silhouette: 0.241, linear__patchy_atelectasis: 0.315, lobar__segmental_collapse: 0.991, not_otherwise_specified_opacity___pleural__parenchymal_opacity__: 0.463, pleural_effusion_or_thickening: 0.657, pulmonary_edema__hazy_opacity: 0.250, normal_anatomically: 0.704, elevated_hemidiaphragm: 0.667, hyperaeration: 0.213, vascular_redistribution: 1.000, atelectasis__chx: 0.500, cardiomegaly__chx: 0.565, consolidation__chx: 0.685, edema__chx: 0.602, enlarged_cardiomediastinum__chx: 1.000, fracture__chx: 0.991, lung_lesion__chx: 0.389, lung_opacity__chx: 0.565, no_finding__chx: 0.537, pleural_effusion__chx: 0.167, pleural_other__chx: 1.000, pneumonia__chx: 0.630, pneumothorax__chx: 1.000, support_devices__chx: 0.963
Epoch 34 | train loss -207.1277 | val loss 9.4397 | time 90.22s
  Train summary: macro-acc 0.694 | macro-F1 0.227 | micro-P 0.246 | micro-R 0.537 | micro-F1 0.338 | macro-PR 0.199 | micro-PR 0.248
  Val summary:   macro-acc 0.592 | macro-F1 0.175 | micro-P 0.202 | micro-R 0.591 | micro-F1 0.301 | macro-PR 0.242 | micro-PR 0.202
  Train accuracy per class:
    Normal: 0.578, CHF: 0.525, pneumonia: 0.584, consolidation: 0.623, enlarged_cardiac_silhouette: 0.520, linear__patchy_atelectasis: 0.544, lobar__segmental_collapse: 0.863, not_otherwise_specified_opacity___pleural__parenchymal_opacity__: 0.625, pleural_effusion_or_thickening: 0.513, pulmonary_edema__hazy_opacity: 0.529, normal_anatomically: 0.617, elevated_hemidiaphragm: 0.935, hyperaeration: 0.558, vascular_redistribution: 0.839, atelectasis__chx: 0.408, cardiomegaly__chx: 0.503, consolidation__chx: 0.727, edema__chx: 0.686, enlarged_cardiomediastinum__chx: 0.922, fracture__chx: 0.995, lung_lesion__chx: 0.740, lung_opacity__chx: 0.737, no_finding__chx: 0.577, pleural_effusion__chx: 0.522, pleural_other__chx: 0.951, pneumonia__chx: 0.851, pneumothorax__chx: 1.000, support_devices__chx: 0.967
  Val accuracy per class:
    Normal: 0.639, CHF: 0.426, pneumonia: 0.361, consolidation: 0.463, enlarged_cardiac_silhouette: 0.241, linear__patchy_atelectasis: 0.176, lobar__segmental_collapse: 0.991, not_otherwise_specified_opacity___pleural__parenchymal_opacity__: 0.454, pleural_effusion_or_thickening: 0.611, pulmonary_edema__hazy_opacity: 0.167, normal_anatomically: 0.704, elevated_hemidiaphragm: 0.667, hyperaeration: 0.111, vascular_redistribution: 1.000, atelectasis__chx: 0.380, cardiomegaly__chx: 0.574, consolidation__chx: 0.787, edema__chx: 0.685, enlarged_cardiomediastinum__chx: 1.000, fracture__chx: 0.991, lung_lesion__chx: 0.046, lung_opacity__chx: 0.509, no_finding__chx: 0.676, pleural_effusion__chx: 0.194, pleural_other__chx: 1.000, pneumonia__chx: 0.769, pneumothorax__chx: 1.000, support_devices__chx: 0.963
Epoch 35 | train loss -220.9631 | val loss 11.8544 | time 90.97s
  Train summary: macro-acc 0.700 | macro-F1 0.247 | micro-P 0.256 | micro-R 0.558 | micro-F1 0.351 | macro-PR 0.243 | micro-PR 0.262
  Val summary:   macro-acc 0.621 | macro-F1 0.164 | micro-P 0.214 | micro-R 0.580 | micro-F1 0.313 | macro-PR 0.239 | micro-PR 0.228
  Train accuracy per class:
    Normal: 0.571, CHF: 0.503, pneumonia: 0.540, consolidation: 0.645, enlarged_cardiac_silhouette: 0.549, linear__patchy_atelectasis: 0.570, lobar__segmental_collapse: 0.854, not_otherwise_specified_opacity___pleural__parenchymal_opacity__: 0.657, pleural_effusion_or_thickening: 0.592, pulmonary_edema__hazy_opacity: 0.551, normal_anatomically: 0.596, elevated_hemidiaphragm: 0.916, hyperaeration: 0.551, vascular_redistribution: 0.856, atelectasis__chx: 0.423, cardiomegaly__chx: 0.526, consolidation__chx: 0.740, edema__chx: 0.645, enlarged_cardiomediastinum__chx: 0.945, fracture__chx: 0.992, lung_lesion__chx: 0.755, lung_opacity__chx: 0.757, no_finding__chx: 0.620, pleural_effusion__chx: 0.497, pleural_other__chx: 0.945, pneumonia__chx: 0.852, pneumothorax__chx: 1.000, support_devices__chx: 0.958
  Val accuracy per class:
    Normal: 0.713, CHF: 0.426, pneumonia: 0.287, consolidation: 0.361, enlarged_cardiac_silhouette: 0.241, linear__patchy_atelectasis: 0.176, lobar__segmental_collapse: 0.352, not_otherwise_specified_opacity___pleural__parenchymal_opacity__: 0.454, pleural_effusion_or_thickening: 0.491, pulmonary_edema__hazy_opacity: 0.157, normal_anatomically: 0.704, elevated_hemidiaphragm: 1.000, hyperaeration: 0.120, vascular_redistribution: 1.000, atelectasis__chx: 0.574, cardiomegaly__chx: 0.537, consolidation__chx: 0.824, edema__chx: 0.861, enlarged_cardiomediastinum__chx: 1.000, fracture__chx: 0.991, lung_lesion__chx: 0.519, lung_opacity__chx: 0.481, no_finding__chx: 0.676, pleural_effusion__chx: 0.676, pleural_other__chx: 1.000, pneumonia__chx: 0.815, pneumothorax__chx: 1.000, support_devices__chx: 0.963
Epoch 36 | train loss -236.6233 | val loss 10.2749 | time 89.31s
  Train summary: macro-acc 0.703 | macro-F1 0.237 | micro-P 0.257 | micro-R 0.556 | micro-F1 0.352 | macro-PR 0.206 | micro-PR 0.250
  Val summary:   macro-acc 0.597 | macro-F1 0.178 | micro-P 0.206 | micro-R 0.600 | micro-F1 0.307 | macro-PR 0.235 | micro-PR 0.197
  Train accuracy per class:
    Normal: 0.586, CHF: 0.546, pneumonia: 0.569, consolidation: 0.603, enlarged_cardiac_silhouette: 0.532, linear__patchy_atelectasis: 0.569, lobar__segmental_collapse: 0.859, not_otherwise_specified_opacity___pleural__parenchymal_opacity__: 0.650, pleural_effusion_or_thickening: 0.544, pulmonary_edema__hazy_opacity: 0.559, normal_anatomically: 0.591, elevated_hemidiaphragm: 0.937, hyperaeration: 0.595, vascular_redistribution: 0.852, atelectasis__chx: 0.451, cardiomegaly__chx: 0.505, consolidation__chx: 0.753, edema__chx: 0.678, enlarged_cardiomediastinum__chx: 0.887, fracture__chx: 0.992, lung_lesion__chx: 0.789, lung_opacity__chx: 0.720, no_finding__chx: 0.616, pleural_effusion__chx: 0.515, pleural_other__chx: 0.958, pneumonia__chx: 0.851, pneumothorax__chx: 1.000, support_devices__chx: 0.966
  Val accuracy per class:
    Normal: 0.546, CHF: 0.426, pneumonia: 0.417, consolidation: 0.407, enlarged_cardiac_silhouette: 0.241, linear__patchy_atelectasis: 0.204, lobar__segmental_collapse: 0.991, not_otherwise_specified_opacity___pleural__parenchymal_opacity__: 0.454, pleural_effusion_or_thickening: 0.509, pulmonary_edema__hazy_opacity: 0.176, normal_anatomically: 0.704, elevated_hemidiaphragm: 0.898, hyperaeration: 0.148, vascular_redistribution: 1.000, atelectasis__chx: 0.565, cardiomegaly__chx: 0.426, consolidation__chx: 0.500, edema__chx: 0.639, enlarged_cardiomediastinum__chx: 1.000, fracture__chx: 0.991, lung_lesion__chx: 0.500, lung_opacity__chx: 0.481, no_finding__chx: 0.667, pleural_effusion__chx: 0.167, pleural_other__chx: 1.000, pneumonia__chx: 0.694, pneumothorax__chx: 1.000, support_devices__chx: 0.963
Epoch 37 | train loss -252.5857 | val loss 10.0532 | time 89.82s
  Train summary: macro-acc 0.704 | macro-F1 0.243 | micro-P 0.257 | micro-R 0.549 | micro-F1 0.350 | macro-PR 0.210 | micro-PR 0.249
  Val summary:   macro-acc 0.598 | macro-F1 0.171 | micro-P 0.204 | micro-R 0.584 | micro-F1 0.302 | macro-PR 0.247 | micro-PR 0.202
  Train accuracy per class:
    Normal: 0.587, CHF: 0.542, pneumonia: 0.574, consolidation: 0.612, enlarged_cardiac_silhouette: 0.526, linear__patchy_atelectasis: 0.566, lobar__segmental_collapse: 0.860, not_otherwise_specified_opacity___pleural__parenchymal_opacity__: 0.628, pleural_effusion_or_thickening: 0.530, pulmonary_edema__hazy_opacity: 0.574, normal_anatomically: 0.573, elevated_hemidiaphragm: 0.942, hyperaeration: 0.592, vascular_redistribution: 0.842, atelectasis__chx: 0.459, cardiomegaly__chx: 0.545, consolidation__chx: 0.741, edema__chx: 0.718, enlarged_cardiomediastinum__chx: 0.901, fracture__chx: 0.996, lung_lesion__chx: 0.744, lung_opacity__chx: 0.732, no_finding__chx: 0.590, pleural_effusion__chx: 0.541, pleural_other__chx: 0.953, pneumonia__chx: 0.859, pneumothorax__chx: 1.000, support_devices__chx: 0.974
  Val accuracy per class:
    Normal: 0.648, CHF: 0.426, pneumonia: 0.389, consolidation: 0.370, enlarged_cardiac_silhouette: 0.241, linear__patchy_atelectasis: 0.176, lobar__segmental_collapse: 0.991, not_otherwise_specified_opacity___pleural__parenchymal_opacity__: 0.454, pleural_effusion_or_thickening: 0.500, pulmonary_edema__hazy_opacity: 0.380, normal_anatomically: 0.704, elevated_hemidiaphragm: 0.935, hyperaeration: 0.120, vascular_redistribution: 1.000, atelectasis__chx: 0.546, cardiomegaly__chx: 0.620, consolidation__chx: 0.417, edema__chx: 0.713, enlarged_cardiomediastinum__chx: 1.000, fracture__chx: 0.991, lung_lesion__chx: 0.046, lung_opacity__chx: 0.519, no_finding__chx: 0.676, pleural_effusion__chx: 0.167, pleural_other__chx: 1.000, pneumonia__chx: 0.750, pneumothorax__chx: 1.000, support_devices__chx: 0.963
Epoch 38 | train loss -268.3810 | val loss 8.5869 | time 92.43s
  Train summary: macro-acc 0.706 | macro-F1 0.238 | micro-P 0.259 | micro-R 0.551 | micro-F1 0.353 | macro-PR 0.200 | micro-PR 0.249
  Val summary:   macro-acc 0.610 | macro-F1 0.173 | micro-P 0.203 | micro-R 0.556 | micro-F1 0.298 | macro-PR 0.235 | micro-PR 0.181
  Train accuracy per class:
    Normal: 0.587, CHF: 0.517, pneumonia: 0.549, consolidation: 0.602, enlarged_cardiac_silhouette: 0.563, linear__patchy_atelectasis: 0.554, lobar__segmental_collapse: 0.865, not_otherwise_specified_opacity___pleural__parenchymal_opacity__: 0.654, pleural_effusion_or_thickening: 0.562, pulmonary_edema__hazy_opacity: 0.579, normal_anatomically: 0.596, elevated_hemidiaphragm: 0.926, hyperaeration: 0.615, vascular_redistribution: 0.852, atelectasis__chx: 0.470, cardiomegaly__chx: 0.567, consolidation__chx: 0.745, edema__chx: 0.718, enlarged_cardiomediastinum__chx: 0.925, fracture__chx: 0.993, lung_lesion__chx: 0.780, lung_opacity__chx: 0.726, no_finding__chx: 0.603, pleural_effusion__chx: 0.458, pleural_other__chx: 0.942, pneumonia__chx: 0.856, pneumothorax__chx: 1.000, support_devices__chx: 0.972
  Val accuracy per class:
    Normal: 0.509, CHF: 0.426, pneumonia: 0.407, consolidation: 0.639, enlarged_cardiac_silhouette: 0.241, linear__patchy_atelectasis: 0.167, lobar__segmental_collapse: 0.991, not_otherwise_specified_opacity___pleural__parenchymal_opacity__: 0.454, pleural_effusion_or_thickening: 0.593, pulmonary_edema__hazy_opacity: 0.324, normal_anatomically: 0.704, elevated_hemidiaphragm: 0.620, hyperaeration: 0.343, vascular_redistribution: 1.000, atelectasis__chx: 0.380, cardiomegaly__chx: 0.759, consolidation__chx: 0.731, edema__chx: 0.556, enlarged_cardiomediastinum__chx: 1.000, fracture__chx: 0.991, lung_lesion__chx: 0.370, lung_opacity__chx: 0.583, no_finding__chx: 0.556, pleural_effusion__chx: 0.176, pleural_other__chx: 1.000, pneumonia__chx: 0.593, pneumothorax__chx: 1.000, support_devices__chx: 0.963
Epoch 39 | train loss -285.0750 | val loss 7.0912 | time 89.70s
  Train summary: macro-acc 0.700 | macro-F1 0.238 | micro-P 0.256 | micro-R 0.556 | micro-F1 0.350 | macro-PR 0.196 | micro-PR 0.245
  Val summary:   macro-acc 0.606 | macro-F1 0.191 | micro-P 0.193 | micro-R 0.518 | micro-F1 0.281 | macro-PR 0.236 | micro-PR 0.165
  Train accuracy per class:
    Normal: 0.538, CHF: 0.520, pneumonia: 0.554, consolidation: 0.621, enlarged_cardiac_silhouette: 0.516, linear__patchy_atelectasis: 0.557, lobar__segmental_collapse: 0.871, not_otherwise_specified_opacity___pleural__parenchymal_opacity__: 0.633, pleural_effusion_or_thickening: 0.517, pulmonary_edema__hazy_opacity: 0.554, normal_anatomically: 0.592, elevated_hemidiaphragm: 0.927, hyperaeration: 0.604, vascular_redistribution: 0.810, atelectasis__chx: 0.496, cardiomegaly__chx: 0.529, consolidation__chx: 0.807, edema__chx: 0.714, enlarged_cardiomediastinum__chx: 0.923, fracture__chx: 0.996, lung_lesion__chx: 0.780, lung_opacity__chx: 0.716, no_finding__chx: 0.603, pleural_effusion__chx: 0.466, pleural_other__chx: 0.939, pneumonia__chx: 0.851, pneumothorax__chx: 1.000, support_devices__chx: 0.978
  Val accuracy per class:
    Normal: 0.435, CHF: 0.426, pneumonia: 0.491, consolidation: 0.630, enlarged_cardiac_silhouette: 0.463, linear__patchy_atelectasis: 0.519, lobar__segmental_collapse: 0.991, not_otherwise_specified_opacity___pleural__parenchymal_opacity__: 0.444, pleural_effusion_or_thickening: 0.685, pulmonary_edema__hazy_opacity: 0.528, normal_anatomically: 0.491, elevated_hemidiaphragm: 0.537, hyperaeration: 0.426, vascular_redistribution: 1.000, atelectasis__chx: 0.343, cardiomegaly__chx: 0.722, consolidation__chx: 0.963, edema__chx: 0.463, enlarged_cardiomediastinum__chx: 1.000, fracture__chx: 0.574, lung_lesion__chx: 0.426, lung_opacity__chx: 0.611, no_finding__chx: 0.435, pleural_effusion__chx: 0.204, pleural_other__chx: 1.000, pneumonia__chx: 0.528, pneumothorax__chx: 1.000, support_devices__chx: 0.630
Epoch 40 | train loss -302.6712 | val loss 8.8950 | time 90.68s
  Train summary: macro-acc 0.706 | macro-F1 0.239 | micro-P 0.257 | micro-R 0.544 | micro-F1 0.349 | macro-PR 0.198 | micro-PR 0.253
  Val summary:   macro-acc 0.615 | macro-F1 0.195 | micro-P 0.196 | micro-R 0.513 | micro-F1 0.284 | macro-PR 0.232 | micro-PR 0.171
  Train accuracy per class:
    Normal: 0.559, CHF: 0.500, pneumonia: 0.583, consolidation: 0.648, enlarged_cardiac_silhouette: 0.544, linear__patchy_atelectasis: 0.562, lobar__segmental_collapse: 0.883, not_otherwise_specified_opacity___pleural__parenchymal_opacity__: 0.632, pleural_effusion_or_thickening: 0.557, pulmonary_edema__hazy_opacity: 0.566, normal_anatomically: 0.561, elevated_hemidiaphragm: 0.934, hyperaeration: 0.604, vascular_redistribution: 0.828, atelectasis__chx: 0.509, cardiomegaly__chx: 0.480, consolidation__chx: 0.790, edema__chx: 0.739, enlarged_cardiomediastinum__chx: 0.923, fracture__chx: 0.996, lung_lesion__chx: 0.736, lung_opacity__chx: 0.732, no_finding__chx: 0.599, pleural_effusion__chx: 0.500, pleural_other__chx: 0.963, pneumonia__chx: 0.868, pneumothorax__chx: 1.000, support_devices__chx: 0.966
  Val accuracy per class:
    Normal: 0.491, CHF: 0.491, pneumonia: 0.454, consolidation: 0.667, enlarged_cardiac_silhouette: 0.324, linear__patchy_atelectasis: 0.491, lobar__segmental_collapse: 0.991, not_otherwise_specified_opacity___pleural__parenchymal_opacity__: 0.472, pleural_effusion_or_thickening: 0.731, pulmonary_edema__hazy_opacity: 0.472, normal_anatomically: 0.528, elevated_hemidiaphragm: 0.556, hyperaeration: 0.398, vascular_redistribution: 1.000, atelectasis__chx: 0.398, cardiomegaly__chx: 0.704, consolidation__chx: 0.889, edema__chx: 0.509, enlarged_cardiomediastinum__chx: 1.000, fracture__chx: 0.593, lung_lesion__chx: 0.491, lung_opacity__chx: 0.602, no_finding__chx: 0.509, pleural_effusion__chx: 0.250, pleural_other__chx: 1.000, pneumonia__chx: 0.546, pneumothorax__chx: 1.000, support_devices__chx: 0.667
Epoch 41 | train loss -319.9651 | val loss 23.4833 | time 90.33s
  Train summary: macro-acc 0.701 | macro-F1 0.246 | micro-P 0.259 | micro-R 0.568 | micro-F1 0.356 | macro-PR 0.206 | micro-PR 0.257
  Val summary:   macro-acc 0.632 | macro-F1 0.156 | micro-P 0.224 | micro-R 0.596 | micro-F1 0.325 | macro-PR 0.232 | micro-PR 0.223
  Train accuracy per class:
    Normal: 0.583, CHF: 0.536, pneumonia: 0.518, consolidation: 0.632, enlarged_cardiac_silhouette: 0.575, linear__patchy_atelectasis: 0.533, lobar__segmental_collapse: 0.877, not_otherwise_specified_opacity___pleural__parenchymal_opacity__: 0.635, pleural_effusion_or_thickening: 0.499, pulmonary_edema__hazy_opacity: 0.555, normal_anatomically: 0.569, elevated_hemidiaphragm: 0.947, hyperaeration: 0.546, vascular_redistribution: 0.828, atelectasis__chx: 0.447, cardiomegaly__chx: 0.542, consolidation__chx: 0.790, edema__chx: 0.722, enlarged_cardiomediastinum__chx: 0.906, fracture__chx: 0.995, lung_lesion__chx: 0.793, lung_opacity__chx: 0.707, no_finding__chx: 0.587, pleural_effusion__chx: 0.504, pleural_other__chx: 0.962, pneumonia__chx: 0.884, pneumothorax__chx: 1.000, support_devices__chx: 0.964
  Val accuracy per class:
    Normal: 0.713, CHF: 0.426, pneumonia: 0.287, consolidation: 0.213, enlarged_cardiac_silhouette: 0.463, linear__patchy_atelectasis: 0.176, lobar__segmental_collapse: 0.991, not_otherwise_specified_opacity___pleural__parenchymal_opacity__: 0.454, pleural_effusion_or_thickening: 0.222, pulmonary_edema__hazy_opacity: 0.167, normal_anatomically: 0.704, elevated_hemidiaphragm: 1.000, hyperaeration: 0.102, vascular_redistribution: 1.000, atelectasis__chx: 0.741, cardiomegaly__chx: 0.843, consolidation__chx: 0.556, edema__chx: 0.861, enlarged_cardiomediastinum__chx: 1.000, fracture__chx: 0.991, lung_lesion__chx: 0.759, lung_opacity__chx: 0.352, no_finding__chx: 0.676, pleural_effusion__chx: 0.222, pleural_other__chx: 1.000, pneumonia__chx: 0.815, pneumothorax__chx: 1.000, support_devices__chx: 0.963
Epoch 42 | train loss -340.0223 | val loss 9.8981 | time 90.86s
  Train summary: macro-acc 0.707 | macro-F1 0.240 | micro-P 0.262 | micro-R 0.562 | micro-F1 0.357 | macro-PR 0.199 | micro-PR 0.259
  Val summary:   macro-acc 0.601 | macro-F1 0.191 | micro-P 0.181 | micro-R 0.478 | micro-F1 0.263 | macro-PR 0.230 | micro-PR 0.148
  Train accuracy per class:
    Normal: 0.559, CHF: 0.549, pneumonia: 0.570, consolidation: 0.603, enlarged_cardiac_silhouette: 0.573, linear__patchy_atelectasis: 0.538, lobar__segmental_collapse: 0.851, not_otherwise_specified_opacity___pleural__parenchymal_opacity__: 0.621, pleural_effusion_or_thickening: 0.563, pulmonary_edema__hazy_opacity: 0.540, normal_anatomically: 0.565, elevated_hemidiaphragm: 0.955, hyperaeration: 0.577, vascular_redistribution: 0.873, atelectasis__chx: 0.487, cardiomegaly__chx: 0.516, consolidation__chx: 0.796, edema__chx: 0.718, enlarged_cardiomediastinum__chx: 0.941, fracture__chx: 0.996, lung_lesion__chx: 0.798, lung_opacity__chx: 0.715, no_finding__chx: 0.603, pleural_effusion__chx: 0.488, pleural_other__chx: 0.966, pneumonia__chx: 0.861, pneumothorax__chx: 1.000, support_devices__chx: 0.962
  Val accuracy per class:
    Normal: 0.426, CHF: 0.500, pneumonia: 0.556, consolidation: 0.722, enlarged_cardiac_silhouette: 0.500, linear__patchy_atelectasis: 0.583, lobar__segmental_collapse: 0.991, not_otherwise_specified_opacity___pleural__parenchymal_opacity__: 0.454, pleural_effusion_or_thickening: 0.741, pulmonary_edema__hazy_opacity: 0.556, normal_anatomically: 0.481, elevated_hemidiaphragm: 0.500, hyperaeration: 0.444, vascular_redistribution: 0.583, atelectasis__chx: 0.352, cardiomegaly__chx: 0.759, consolidation__chx: 0.926, edema__chx: 0.417, enlarged_cardiomediastinum__chx: 1.000, fracture__chx: 0.509, lung_lesion__chx: 0.537, lung_opacity__chx: 0.593, no_finding__chx: 0.463, pleural_effusion__chx: 0.167, pleural_other__chx: 0.972, pneumonia__chx: 0.500, pneumothorax__chx: 1.000, support_devices__chx: 0.593
Epoch 43 | train loss -357.6873 | val loss 18.5126 | time 92.05s
  Train summary: macro-acc 0.709 | macro-F1 0.242 | micro-P 0.260 | micro-R 0.545 | micro-F1 0.352 | macro-PR 0.214 | micro-PR 0.256
  Val summary:   macro-acc 0.619 | macro-F1 0.162 | micro-P 0.218 | micro-R 0.602 | micro-F1 0.320 | macro-PR 0.229 | micro-PR 0.225
  Train accuracy per class:
    Normal: 0.580, CHF: 0.533, pneumonia: 0.562, consolidation: 0.611, enlarged_cardiac_silhouette: 0.574, linear__patchy_atelectasis: 0.565, lobar__segmental_collapse: 0.888, not_otherwise_specified_opacity___pleural__parenchymal_opacity__: 0.629, pleural_effusion_or_thickening: 0.544, pulmonary_edema__hazy_opacity: 0.557, normal_anatomically: 0.604, elevated_hemidiaphragm: 0.941, hyperaeration: 0.639, vascular_redistribution: 0.876, atelectasis__chx: 0.478, cardiomegaly__chx: 0.500, consolidation__chx: 0.777, edema__chx: 0.722, enlarged_cardiomediastinum__chx: 0.923, fracture__chx: 0.996, lung_lesion__chx: 0.764, lung_opacity__chx: 0.734, no_finding__chx: 0.599, pleural_effusion__chx: 0.485, pleural_other__chx: 0.959, pneumonia__chx: 0.868, pneumothorax__chx: 0.999, support_devices__chx: 0.958
  Val accuracy per class:
    Normal: 0.713, CHF: 0.426, pneumonia: 0.287, consolidation: 0.333, enlarged_cardiac_silhouette: 0.241, linear__patchy_atelectasis: 0.176, lobar__segmental_collapse: 0.991, not_otherwise_specified_opacity___pleural__parenchymal_opacity__: 0.454, pleural_effusion_or_thickening: 0.435, pulmonary_edema__hazy_opacity: 0.167, normal_anatomically: 0.704, elevated_hemidiaphragm: 1.000, hyperaeration: 0.519, vascular_redistribution: 1.000, atelectasis__chx: 0.667, cardiomegaly__chx: 0.611, consolidation__chx: 0.472, edema__chx: 0.861, enlarged_cardiomediastinum__chx: 1.000, fracture__chx: 0.991, lung_lesion__chx: 0.259, lung_opacity__chx: 0.417, no_finding__chx: 0.676, pleural_effusion__chx: 0.167, pleural_other__chx: 1.000, pneumonia__chx: 0.815, pneumothorax__chx: 1.000, support_devices__chx: 0.963
Epoch 44 | train loss -377.2839 | val loss 18.5060 | time 89.34s
  Train summary: macro-acc 0.710 | macro-F1 0.247 | micro-P 0.264 | micro-R 0.557 | micro-F1 0.358 | macro-PR 0.204 | micro-PR 0.261
  Val summary:   macro-acc 0.615 | macro-F1 0.164 | micro-P 0.216 | micro-R 0.602 | micro-F1 0.318 | macro-PR 0.227 | micro-PR 0.219
  Train accuracy per class:
    Normal: 0.583, CHF: 0.520, pneumonia: 0.545, consolidation: 0.619, enlarged_cardiac_silhouette: 0.565, linear__patchy_atelectasis: 0.569, lobar__segmental_collapse: 0.921, not_otherwise_specified_opacity___pleural__parenchymal_opacity__: 0.619, pleural_effusion_or_thickening: 0.533, pulmonary_edema__hazy_opacity: 0.547, normal_anatomically: 0.586, elevated_hemidiaphragm: 0.938, hyperaeration: 0.669, vascular_redistribution: 0.803, atelectasis__chx: 0.518, cardiomegaly__chx: 0.513, consolidation__chx: 0.801, edema__chx: 0.718, enlarged_cardiomediastinum__chx: 0.937, fracture__chx: 0.996, lung_lesion__chx: 0.763, lung_opacity__chx: 0.743, no_finding__chx: 0.608, pleural_effusion__chx: 0.463, pleural_other__chx: 0.979, pneumonia__chx: 0.871, pneumothorax__chx: 1.000, support_devices__chx: 0.964
  Val accuracy per class:
    Normal: 0.713, CHF: 0.426, pneumonia: 0.287, consolidation: 0.278, enlarged_cardiac_silhouette: 0.241, linear__patchy_atelectasis: 0.176, lobar__segmental_collapse: 0.991, not_otherwise_specified_opacity___pleural__parenchymal_opacity__: 0.454, pleural_effusion_or_thickening: 0.407, pulmonary_edema__hazy_opacity: 0.167, normal_anatomically: 0.704, elevated_hemidiaphragm: 1.000, hyperaeration: 0.676, vascular_redistribution: 1.000, atelectasis__chx: 0.667, cardiomegaly__chx: 0.574, consolidation__chx: 0.472, edema__chx: 0.861, enlarged_cardiomediastinum__chx: 1.000, fracture__chx: 0.991, lung_lesion__chx: 0.046, lung_opacity__chx: 0.463, no_finding__chx: 0.676, pleural_effusion__chx: 0.167, pleural_other__chx: 1.000, pneumonia__chx: 0.815, pneumothorax__chx: 1.000, support_devices__chx: 0.963
Epoch 45 | train loss -396.6302 | val loss 18.8788 | time 90.03s
  Train summary: macro-acc 0.709 | macro-F1 0.250 | micro-P 0.266 | micro-R 0.573 | micro-F1 0.364 | macro-PR 0.211 | micro-PR 0.264
  Val summary:   macro-acc 0.601 | macro-F1 0.164 | micro-P 0.212 | micro-R 0.618 | micro-F1 0.316 | macro-PR 0.224 | micro-PR 0.212
  Train accuracy per class:
    Normal: 0.579, CHF: 0.573, pneumonia: 0.580, consolidation: 0.583, enlarged_cardiac_silhouette: 0.586, linear__patchy_atelectasis: 0.570, lobar__segmental_collapse: 0.912, not_otherwise_specified_opacity___pleural__parenchymal_opacity__: 0.639, pleural_effusion_or_thickening: 0.582, pulmonary_edema__hazy_opacity: 0.547, normal_anatomically: 0.583, elevated_hemidiaphragm: 0.949, hyperaeration: 0.619, vascular_redistribution: 0.860, atelectasis__chx: 0.466, cardiomegaly__chx: 0.474, consolidation__chx: 0.765, edema__chx: 0.732, enlarged_cardiomediastinum__chx: 0.910, fracture__chx: 0.996, lung_lesion__chx: 0.727, lung_opacity__chx: 0.741, no_finding__chx: 0.616, pleural_effusion__chx: 0.475, pleural_other__chx: 0.974, pneumonia__chx: 0.861, pneumothorax__chx: 1.000, support_devices__chx: 0.950
  Val accuracy per class:
    Normal: 0.713, CHF: 0.426, pneumonia: 0.287, consolidation: 0.278, enlarged_cardiac_silhouette: 0.241, linear__patchy_atelectasis: 0.176, lobar__segmental_collapse: 0.991, not_otherwise_specified_opacity___pleural__parenchymal_opacity__: 0.454, pleural_effusion_or_thickening: 0.454, pulmonary_edema__hazy_opacity: 0.167, normal_anatomically: 0.704, elevated_hemidiaphragm: 1.000, hyperaeration: 0.102, vascular_redistribution: 1.000, atelectasis__chx: 0.667, cardiomegaly__chx: 0.537, consolidation__chx: 0.370, edema__chx: 0.861, enlarged_cardiomediastinum__chx: 1.000, fracture__chx: 0.991, lung_lesion__chx: 0.389, lung_opacity__chx: 0.407, no_finding__chx: 0.676, pleural_effusion__chx: 0.167, pleural_other__chx: 1.000, pneumonia__chx: 0.815, pneumothorax__chx: 1.000, support_devices__chx: 0.963
Epoch 46 | train loss -418.0987 | val loss 13.9394 | time 89.82s
  Train summary: macro-acc 0.702 | macro-F1 0.242 | micro-P 0.255 | micro-R 0.546 | micro-F1 0.347 | macro-PR 0.195 | micro-PR 0.257
  Val summary:   macro-acc 0.606 | macro-F1 0.189 | micro-P 0.212 | micro-R 0.609 | micro-F1 0.315 | macro-PR 0.233 | micro-PR 0.187
  Train accuracy per class:
    Normal: 0.547, CHF: 0.550, pneumonia: 0.570, consolidation: 0.608, enlarged_cardiac_silhouette: 0.580, linear__patchy_atelectasis: 0.588, lobar__segmental_collapse: 0.897, not_otherwise_specified_opacity___pleural__parenchymal_opacity__: 0.631, pleural_effusion_or_thickening: 0.529, pulmonary_edema__hazy_opacity: 0.517, normal_anatomically: 0.588, elevated_hemidiaphragm: 0.946, hyperaeration: 0.551, vascular_redistribution: 0.893, atelectasis__chx: 0.425, cardiomegaly__chx: 0.530, consolidation__chx: 0.781, edema__chx: 0.740, enlarged_cardiomediastinum__chx: 0.912, fracture__chx: 0.996, lung_lesion__chx: 0.711, lung_opacity__chx: 0.707, no_finding__chx: 0.590, pleural_effusion__chx: 0.479, pleural_other__chx: 0.958, pneumonia__chx: 0.865, pneumothorax__chx: 0.997, support_devices__chx: 0.968
  Val accuracy per class:
    Normal: 0.528, CHF: 0.426, pneumonia: 0.426, consolidation: 0.648, enlarged_cardiac_silhouette: 0.241, linear__patchy_atelectasis: 0.259, lobar__segmental_collapse: 0.991, not_otherwise_specified_opacity___pleural__parenchymal_opacity__: 0.454, pleural_effusion_or_thickening: 0.546, pulmonary_edema__hazy_opacity: 0.296, normal_anatomically: 0.704, elevated_hemidiaphragm: 0.722, hyperaeration: 0.194, vascular_redistribution: 1.000, atelectasis__chx: 0.407, cardiomegaly__chx: 0.630, consolidation__chx: 0.787, edema__chx: 0.574, enlarged_cardiomediastinum__chx: 1.000, fracture__chx: 0.991, lung_lesion__chx: 0.324, lung_opacity__chx: 0.481, no_finding__chx: 0.583, pleural_effusion__chx: 0.167, pleural_other__chx: 1.000, pneumonia__chx: 0.620, pneumothorax__chx: 1.000, support_devices__chx: 0.963
Epoch 47 | train loss -439.4986 | val loss 14.0718 | time 89.71s
  Train summary: macro-acc 0.701 | macro-F1 0.239 | micro-P 0.256 | micro-R 0.554 | micro-F1 0.350 | macro-PR 0.202 | micro-PR 0.253
  Val summary:   macro-acc 0.574 | macro-F1 0.188 | micro-P 0.201 | micro-R 0.627 | micro-F1 0.305 | macro-PR 0.240 | micro-PR 0.174
  Train accuracy per class:
    Normal: 0.602, CHF: 0.551, pneumonia: 0.566, consolidation: 0.592, enlarged_cardiac_silhouette: 0.529, linear__patchy_atelectasis: 0.536, lobar__segmental_collapse: 0.858, not_otherwise_specified_opacity___pleural__parenchymal_opacity__: 0.633, pleural_effusion_or_thickening: 0.532, pulmonary_edema__hazy_opacity: 0.557, normal_anatomically: 0.645, elevated_hemidiaphragm: 0.947, hyperaeration: 0.573, vascular_redistribution: 0.884, atelectasis__chx: 0.431, cardiomegaly__chx: 0.482, consolidation__chx: 0.776, edema__chx: 0.731, enlarged_cardiomediastinum__chx: 0.937, fracture__chx: 0.996, lung_lesion__chx: 0.712, lung_opacity__chx: 0.707, no_finding__chx: 0.582, pleural_effusion__chx: 0.488, pleural_other__chx: 0.974, pneumonia__chx: 0.860, pneumothorax__chx: 1.000, support_devices__chx: 0.960
  Val accuracy per class:
    Normal: 0.528, CHF: 0.426, pneumonia: 0.463, consolidation: 0.398, enlarged_cardiac_silhouette: 0.250, linear__patchy_atelectasis: 0.213, lobar__segmental_collapse: 0.991, not_otherwise_specified_opacity___pleural__parenchymal_opacity__: 0.454, pleural_effusion_or_thickening: 0.481, pulmonary_edema__hazy_opacity: 0.222, normal_anatomically: 0.704, elevated_hemidiaphragm: 0.694, hyperaeration: 0.241, vascular_redistribution: 1.000, atelectasis__chx: 0.389, cardiomegaly__chx: 0.491, consolidation__chx: 0.694, edema__chx: 0.574, enlarged_cardiomediastinum__chx: 1.000, fracture__chx: 0.991, lung_lesion__chx: 0.046, lung_opacity__chx: 0.481, no_finding__chx: 0.593, pleural_effusion__chx: 0.167, pleural_other__chx: 1.000, pneumonia__chx: 0.620, pneumothorax__chx: 1.000, support_devices__chx: 0.963
Epoch 48 | train loss -456.7335 | val loss 14.0584 | time 90.87s
  Train summary: macro-acc 0.677 | macro-F1 0.214 | micro-P 0.225 | micro-R 0.500 | micro-F1 0.310 | macro-PR 0.193 | micro-PR 0.213
  Val summary:   macro-acc 0.550 | macro-F1 0.192 | micro-P 0.182 | micro-R 0.578 | micro-F1 0.276 | macro-PR 0.228 | micro-PR 0.143
  Train accuracy per class:
    Normal: 0.561, CHF: 0.537, pneumonia: 0.562, consolidation: 0.562, enlarged_cardiac_silhouette: 0.530, linear__patchy_atelectasis: 0.540, lobar__segmental_collapse: 0.822, not_otherwise_specified_opacity___pleural__parenchymal_opacity__: 0.588, pleural_effusion_or_thickening: 0.513, pulmonary_edema__hazy_opacity: 0.529, normal_anatomically: 0.571, elevated_hemidiaphragm: 0.926, hyperaeration: 0.529, vascular_redistribution: 0.776, atelectasis__chx: 0.425, cardiomegaly__chx: 0.524, consolidation__chx: 0.748, edema__chx: 0.716, enlarged_cardiomediastinum__chx: 0.922, fracture__chx: 0.996, lung_lesion__chx: 0.582, lung_opacity__chx: 0.681, no_finding__chx: 0.565, pleural_effusion__chx: 0.474, pleural_other__chx: 0.989, pneumonia__chx: 0.821, pneumothorax__chx: 1.000, support_devices__chx: 0.966
  Val accuracy per class:
    Normal: 0.352, CHF: 0.417, pneumonia: 0.528, consolidation: 0.648, enlarged_cardiac_silhouette: 0.370, linear__patchy_atelectasis: 0.611, lobar__segmental_collapse: 0.991, not_otherwise_specified_opacity___pleural__parenchymal_opacity__: 0.444, pleural_effusion_or_thickening: 0.694, pulmonary_edema__hazy_opacity: 0.167, normal_anatomically: 0.593, elevated_hemidiaphragm: 0.361, hyperaeration: 0.546, vascular_redistribution: 1.000, atelectasis__chx: 0.213, cardiomegaly__chx: 0.685, consolidation__chx: 0.852, edema__chx: 0.407, enlarged_cardiomediastinum__chx: 1.000, fracture__chx: 0.454, lung_lesion__chx: 0.509, lung_opacity__chx: 0.583, no_finding__chx: 0.389, pleural_effusion__chx: 0.167, pleural_other__chx: 0.481, pneumonia__chx: 0.417, pneumothorax__chx: 1.000, support_devices__chx: 0.519
Epoch 49 | train loss -475.8774 | val loss 26.0815 | time 92.11s
  Train summary: macro-acc 0.690 | macro-F1 0.229 | micro-P 0.245 | micro-R 0.543 | micro-F1 0.338 | macro-PR 0.191 | micro-PR 0.240
  Val summary:   macro-acc 0.596 | macro-F1 0.183 | micro-P 0.197 | micro-R 0.560 | micro-F1 0.292 | macro-PR 0.248 | micro-PR 0.158
  Train accuracy per class:
    Normal: 0.529, CHF: 0.546, pneumonia: 0.555, consolidation: 0.604, enlarged_cardiac_silhouette: 0.577, linear__patchy_atelectasis: 0.557, lobar__segmental_collapse: 0.860, not_otherwise_specified_opacity___pleural__parenchymal_opacity__: 0.624, pleural_effusion_or_thickening: 0.569, pulmonary_edema__hazy_opacity: 0.541, normal_anatomically: 0.546, elevated_hemidiaphragm: 0.939, hyperaeration: 0.578, vascular_redistribution: 0.830, atelectasis__chx: 0.455, cardiomegaly__chx: 0.567, consolidation__chx: 0.747, edema__chx: 0.621, enlarged_cardiomediastinum__chx: 0.934, fracture__chx: 0.996, lung_lesion__chx: 0.602, lung_opacity__chx: 0.718, no_finding__chx: 0.563, pleural_effusion__chx: 0.489, pleural_other__chx: 0.985, pneumonia__chx: 0.830, pneumothorax__chx: 1.000, support_devices__chx: 0.968
  Val accuracy per class:
    Normal: 0.500, CHF: 0.426, pneumonia: 0.435, consolidation: 0.556, enlarged_cardiac_silhouette: 0.333, linear__patchy_atelectasis: 0.389, lobar__segmental_collapse: 0.991, not_otherwise_specified_opacity___pleural__parenchymal_opacity__: 0.472, pleural_effusion_or_thickening: 0.509, pulmonary_edema__hazy_opacity: 0.167, normal_anatomically: 0.704, elevated_hemidiaphragm: 0.620, hyperaeration: 0.315, vascular_redistribution: 1.000, atelectasis__chx: 0.519, cardiomegaly__chx: 0.843, consolidation__chx: 0.657, edema__chx: 0.565, enlarged_cardiomediastinum__chx: 1.000, fracture__chx: 0.713, lung_lesion__chx: 0.194, lung_opacity__chx: 0.472, no_finding__chx: 0.565, pleural_effusion__chx: 0.278, pleural_other__chx: 0.981, pneumonia__chx: 0.519, pneumothorax__chx: 1.000, support_devices__chx: 0.963
Epoch 50 | train loss -489.0720 | val loss 31.0870 | time 91.40s
  Train summary: macro-acc 0.688 | macro-F1 0.228 | micro-P 0.244 | micro-R 0.544 | micro-F1 0.337 | macro-PR 0.195 | micro-PR 0.237
  Val summary:   macro-acc 0.585 | macro-F1 0.190 | micro-P 0.199 | micro-R 0.593 | micro-F1 0.298 | macro-PR 0.248 | micro-PR 0.169
  Train accuracy per class:
    Normal: 0.546, CHF: 0.536, pneumonia: 0.557, consolidation: 0.594, enlarged_cardiac_silhouette: 0.577, linear__patchy_atelectasis: 0.513, lobar__segmental_collapse: 0.827, not_otherwise_specified_opacity___pleural__parenchymal_opacity__: 0.635, pleural_effusion_or_thickening: 0.558, pulmonary_edema__hazy_opacity: 0.550, normal_anatomically: 0.549, elevated_hemidiaphragm: 0.935, hyperaeration: 0.606, vascular_redistribution: 0.826, atelectasis__chx: 0.446, cardiomegaly__chx: 0.557, consolidation__chx: 0.736, edema__chx: 0.641, enlarged_cardiomediastinum__chx: 0.939, fracture__chx: 0.996, lung_lesion__chx: 0.631, lung_opacity__chx: 0.719, no_finding__chx: 0.571, pleural_effusion__chx: 0.470, pleural_other__chx: 0.971, pneumonia__chx: 0.823, pneumothorax__chx: 1.000, support_devices__chx: 0.968
  Val accuracy per class:
    Normal: 0.565, CHF: 0.426, pneumonia: 0.426, consolidation: 0.509, enlarged_cardiac_silhouette: 0.546, linear__patchy_atelectasis: 0.204, lobar__segmental_collapse: 0.991, not_otherwise_specified_opacity___pleural__parenchymal_opacity__: 0.444, pleural_effusion_or_thickening: 0.472, pulmonary_edema__hazy_opacity: 0.167, normal_anatomically: 0.694, elevated_hemidiaphragm: 0.676, hyperaeration: 0.176, vascular_redistribution: 1.000, atelectasis__chx: 0.509, cardiomegaly__chx: 0.667, consolidation__chx: 0.481, edema__chx: 0.620, enlarged_cardiomediastinum__chx: 1.000, fracture__chx: 0.944, lung_lesion__chx: 0.056, lung_opacity__chx: 0.454, no_finding__chx: 0.583, pleural_effusion__chx: 0.213, pleural_other__chx: 1.000, pneumonia__chx: 0.593, pneumothorax__chx: 1.000, support_devices__chx: 0.963
Epoch 51 | train loss -483.6630 | val loss 29.5812 | time 88.59s
  Train summary: macro-acc 0.689 | macro-F1 0.211 | micro-P 0.234 | micro-R 0.505 | micro-F1 0.320 | macro-PR 0.185 | micro-PR 0.223
  Val summary:   macro-acc 0.570 | macro-F1 0.191 | micro-P 0.202 | micro-R 0.638 | micro-F1 0.306 | macro-PR 0.222 | micro-PR 0.179
  Train accuracy per class:
    Normal: 0.565, CHF: 0.518, pneumonia: 0.558, consolidation: 0.598, enlarged_cardiac_silhouette: 0.553, linear__patchy_atelectasis: 0.561, lobar__segmental_collapse: 0.871, not_otherwise_specified_opacity___pleural__parenchymal_opacity__: 0.594, pleural_effusion_or_thickening: 0.579, pulmonary_edema__hazy_opacity: 0.599, normal_anatomically: 0.590, elevated_hemidiaphragm: 0.933, hyperaeration: 0.570, vascular_redistribution: 0.839, atelectasis__chx: 0.418, cardiomegaly__chx: 0.505, consolidation__chx: 0.715, edema__chx: 0.652, enlarged_cardiomediastinum__chx: 0.916, fracture__chx: 0.996, lung_lesion__chx: 0.702, lung_opacity__chx: 0.697, no_finding__chx: 0.574, pleural_effusion__chx: 0.493, pleural_other__chx: 0.971, pneumonia__chx: 0.798, pneumothorax__chx: 1.000, support_devices__chx: 0.925
  Val accuracy per class:
    Normal: 0.657, CHF: 0.426, pneumonia: 0.361, consolidation: 0.389, enlarged_cardiac_silhouette: 0.241, linear__patchy_atelectasis: 0.176, lobar__segmental_collapse: 0.991, not_otherwise_specified_opacity___pleural__parenchymal_opacity__: 0.463, pleural_effusion_or_thickening: 0.583, pulmonary_edema__hazy_opacity: 0.361, normal_anatomically: 0.704, elevated_hemidiaphragm: 0.787, hyperaeration: 0.120, vascular_redistribution: 1.000, atelectasis__chx: 0.389, cardiomegaly__chx: 0.472, consolidation__chx: 0.380, edema__chx: 0.685, enlarged_cardiomediastinum__chx: 1.000, fracture__chx: 0.944, lung_lesion__chx: 0.046, lung_opacity__chx: 0.333, no_finding__chx: 0.657, pleural_effusion__chx: 0.176, pleural_other__chx: 1.000, pneumonia__chx: 0.667, pneumothorax__chx: 1.000, support_devices__chx: 0.963
Epoch 52 | train loss -505.2958 | val loss 10.9475 | time 90.38s
  Train summary: macro-acc 0.679 | macro-F1 0.210 | micro-P 0.223 | micro-R 0.490 | micro-F1 0.307 | macro-PR 0.177 | micro-PR 0.206
  Val summary:   macro-acc 0.601 | macro-F1 0.185 | micro-P 0.180 | micro-R 0.471 | micro-F1 0.260 | macro-PR 0.239 | micro-PR 0.152
  Train accuracy per class:
    Normal: 0.533, CHF: 0.496, pneumonia: 0.565, consolidation: 0.608, enlarged_cardiac_silhouette: 0.507, linear__patchy_atelectasis: 0.577, lobar__segmental_collapse: 0.832, not_otherwise_specified_opacity___pleural__parenchymal_opacity__: 0.591, pleural_effusion_or_thickening: 0.575, pulmonary_edema__hazy_opacity: 0.579, normal_anatomically: 0.546, elevated_hemidiaphragm: 0.945, hyperaeration: 0.575, vascular_redistribution: 0.813, atelectasis__chx: 0.438, cardiomegaly__chx: 0.456, consolidation__chx: 0.716, edema__chx: 0.698, enlarged_cardiomediastinum__chx: 0.896, fracture__chx: 0.996, lung_lesion__chx: 0.668, lung_opacity__chx: 0.627, no_finding__chx: 0.561, pleural_effusion__chx: 0.493, pleural_other__chx: 0.949, pneumonia__chx: 0.836, pneumothorax__chx: 1.000, support_devices__chx: 0.925
  Val accuracy per class:
    Normal: 0.454, CHF: 0.537, pneumonia: 0.528, consolidation: 0.880, enlarged_cardiac_silhouette: 0.556, linear__patchy_atelectasis: 0.620, lobar__segmental_collapse: 0.991, not_otherwise_specified_opacity___pleural__parenchymal_opacity__: 0.519, pleural_effusion_or_thickening: 0.796, pulmonary_edema__hazy_opacity: 0.509, normal_anatomically: 0.537, elevated_hemidiaphragm: 0.426, hyperaeration: 0.269, vascular_redistribution: 0.593, atelectasis__chx: 0.231, cardiomegaly__chx: 0.685, consolidation__chx: 0.954, edema__chx: 0.407, enlarged_cardiomediastinum__chx: 1.000, fracture__chx: 0.426, lung_lesion__chx: 0.231, lung_opacity__chx: 0.602, no_finding__chx: 0.500, pleural_effusion__chx: 0.481, pleural_other__chx: 0.870, pneumonia__chx: 0.472, pneumothorax__chx: 0.796, support_devices__chx: 0.963
Epoch 53 | train loss -513.6949 | val loss 8.0322 | time 90.74s
  Train summary: macro-acc 0.689 | macro-F1 0.222 | micro-P 0.238 | micro-R 0.519 | micro-F1 0.327 | macro-PR 0.185 | micro-PR 0.219
  Val summary:   macro-acc 0.663 | macro-F1 0.145 | micro-P 0.231 | micro-R 0.542 | micro-F1 0.324 | macro-PR 0.241 | micro-PR 0.228
  Train accuracy per class:
    Normal: 0.536, CHF: 0.529, pneumonia: 0.555, consolidation: 0.644, enlarged_cardiac_silhouette: 0.555, linear__patchy_atelectasis: 0.542, lobar__segmental_collapse: 0.863, not_otherwise_specified_opacity___pleural__parenchymal_opacity__: 0.595, pleural_effusion_or_thickening: 0.594, pulmonary_edema__hazy_opacity: 0.583, normal_anatomically: 0.537, elevated_hemidiaphragm: 0.931, hyperaeration: 0.570, vascular_redistribution: 0.846, atelectasis__chx: 0.472, cardiomegaly__chx: 0.499, consolidation__chx: 0.763, edema__chx: 0.670, enlarged_cardiomediastinum__chx: 0.879, fracture__chx: 0.996, lung_lesion__chx: 0.724, lung_opacity__chx: 0.686, no_finding__chx: 0.557, pleural_effusion__chx: 0.525, pleural_other__chx: 0.925, pneumonia__chx: 0.805, pneumothorax__chx: 1.000, support_devices__chx: 0.923
  Val accuracy per class:
    Normal: 0.648, CHF: 0.426, pneumonia: 0.287, consolidation: 0.898, enlarged_cardiac_silhouette: 0.241, linear__patchy_atelectasis: 0.176, lobar__segmental_collapse: 0.991, not_otherwise_specified_opacity___pleural__parenchymal_opacity__: 0.454, pleural_effusion_or_thickening: 0.796, pulmonary_edema__hazy_opacity: 0.167, normal_anatomically: 0.704, elevated_hemidiaphragm: 1.000, hyperaeration: 0.176, vascular_redistribution: 1.000, atelectasis__chx: 0.398, cardiomegaly__chx: 0.824, consolidation__chx: 0.972, edema__chx: 0.815, enlarged_cardiomediastinum__chx: 1.000, fracture__chx: 0.991, lung_lesion__chx: 0.148, lung_opacity__chx: 0.528, no_finding__chx: 0.676, pleural_effusion__chx: 0.472, pleural_other__chx: 1.000, pneumonia__chx: 0.824, pneumothorax__chx: 1.000, support_devices__chx: 0.963
Epoch 54 | train loss -505.8883 | val loss 37.6772 | time 90.04s
  Train summary: macro-acc 0.689 | macro-F1 0.192 | micro-P 0.227 | micro-R 0.474 | micro-F1 0.307 | macro-PR 0.195 | micro-PR 0.211
  Val summary:   macro-acc 0.612 | macro-F1 0.181 | micro-P 0.215 | micro-R 0.609 | micro-F1 0.318 | macro-PR 0.248 | micro-PR 0.195
  Train accuracy per class:
    Normal: 0.538, CHF: 0.512, pneumonia: 0.542, consolidation: 0.623, enlarged_cardiac_silhouette: 0.521, linear__patchy_atelectasis: 0.544, lobar__segmental_collapse: 0.822, not_otherwise_specified_opacity___pleural__parenchymal_opacity__: 0.587, pleural_effusion_or_thickening: 0.542, pulmonary_edema__hazy_opacity: 0.545, normal_anatomically: 0.555, elevated_hemidiaphragm: 0.949, hyperaeration: 0.541, vascular_redistribution: 0.868, atelectasis__chx: 0.450, cardiomegaly__chx: 0.484, consolidation__chx: 0.756, edema__chx: 0.876, enlarged_cardiomediastinum__chx: 0.913, fracture__chx: 0.995, lung_lesion__chx: 0.695, lung_opacity__chx: 0.660, no_finding__chx: 0.563, pleural_effusion__chx: 0.517, pleural_other__chx: 0.933, pneumonia__chx: 0.840, pneumothorax__chx: 0.999, support_devices__chx: 0.925
  Val accuracy per class:
    Normal: 0.574, CHF: 0.435, pneumonia: 0.380, consolidation: 0.583, enlarged_cardiac_silhouette: 0.306, linear__patchy_atelectasis: 0.370, lobar__segmental_collapse: 0.991, not_otherwise_specified_opacity___pleural__parenchymal_opacity__: 0.463, pleural_effusion_or_thickening: 0.435, pulmonary_edema__hazy_opacity: 0.167, normal_anatomically: 0.704, elevated_hemidiaphragm: 0.778, hyperaeration: 0.185, vascular_redistribution: 0.861, atelectasis__chx: 0.574, cardiomegaly__chx: 0.380, consolidation__chx: 0.972, edema__chx: 0.685, enlarged_cardiomediastinum__chx: 1.000, fracture__chx: 0.824, lung_lesion__chx: 0.574, lung_opacity__chx: 0.407, no_finding__chx: 0.602, pleural_effusion__chx: 0.259, pleural_other__chx: 1.000, pneumonia__chx: 0.657, pneumothorax__chx: 1.000, support_devices__chx: 0.963
Epoch 55 | train loss -520.4708 | val loss 9.8360 | time 90.07s
  Train summary: macro-acc 0.675 | macro-F1 0.214 | micro-P 0.227 | micro-R 0.515 | micro-F1 0.315 | macro-PR 0.174 | micro-PR 0.214
  Val summary:   macro-acc 0.615 | macro-F1 0.189 | micro-P 0.216 | micro-R 0.602 | micro-F1 0.318 | macro-PR 0.237 | micro-PR 0.187
  Train accuracy per class:
    Normal: 0.549, CHF: 0.522, pneumonia: 0.558, consolidation: 0.609, enlarged_cardiac_silhouette: 0.546, linear__patchy_atelectasis: 0.542, lobar__segmental_collapse: 0.838, not_otherwise_specified_opacity___pleural__parenchymal_opacity__: 0.570, pleural_effusion_or_thickening: 0.537, pulmonary_edema__hazy_opacity: 0.503, normal_anatomically: 0.553, elevated_hemidiaphragm: 0.917, hyperaeration: 0.544, vascular_redistribution: 0.872, atelectasis__chx: 0.365, cardiomegaly__chx: 0.478, consolidation__chx: 0.759, edema__chx: 0.660, enlarged_cardiomediastinum__chx: 0.904, fracture__chx: 0.996, lung_lesion__chx: 0.741, lung_opacity__chx: 0.679, no_finding__chx: 0.542, pleural_effusion__chx: 0.483, pleural_other__chx: 0.931, pneumonia__chx: 0.753, pneumothorax__chx: 1.000, support_devices__chx: 0.938
  Val accuracy per class:
    Normal: 0.500, CHF: 0.426, pneumonia: 0.361, consolidation: 0.519, enlarged_cardiac_silhouette: 0.407, linear__patchy_atelectasis: 0.463, lobar__segmental_collapse: 0.991, not_otherwise_specified_opacity___pleural__parenchymal_opacity__: 0.454, pleural_effusion_or_thickening: 0.509, pulmonary_edema__hazy_opacity: 0.167, normal_anatomically: 0.704, elevated_hemidiaphragm: 0.731, hyperaeration: 0.231, vascular_redistribution: 0.991, atelectasis__chx: 0.259, cardiomegaly__chx: 0.528, consolidation__chx: 0.667, edema__chx: 0.556, enlarged_cardiomediastinum__chx: 1.000, fracture__chx: 0.981, lung_lesion__chx: 0.565, lung_opacity__chx: 0.463, no_finding__chx: 0.676, pleural_effusion__chx: 0.491, pleural_other__chx: 1.000, pneumonia__chx: 0.620, pneumothorax__chx: 1.000, support_devices__chx: 0.963
Epoch 56 | train loss -533.6394 | val loss 18.0859 | time 90.68s
  Train summary: macro-acc 0.685 | macro-F1 0.224 | micro-P 0.242 | micro-R 0.548 | micro-F1 0.335 | macro-PR 0.182 | micro-PR 0.234
  Val summary:   macro-acc 0.614 | macro-F1 0.189 | micro-P 0.219 | micro-R 0.622 | micro-F1 0.324 | macro-PR 0.259 | micro-PR 0.197
  Train accuracy per class:
    Normal: 0.518, CHF: 0.546, pneumonia: 0.567, consolidation: 0.607, enlarged_cardiac_silhouette: 0.544, linear__patchy_atelectasis: 0.579, lobar__segmental_collapse: 0.859, not_otherwise_specified_opacity___pleural__parenchymal_opacity__: 0.604, pleural_effusion_or_thickening: 0.600, pulmonary_edema__hazy_opacity: 0.546, normal_anatomically: 0.508, elevated_hemidiaphragm: 0.920, hyperaeration: 0.567, vascular_redistribution: 0.894, atelectasis__chx: 0.394, cardiomegaly__chx: 0.518, consolidation__chx: 0.773, edema__chx: 0.546, enlarged_cardiomediastinum__chx: 0.939, fracture__chx: 0.995, lung_lesion__chx: 0.780, lung_opacity__chx: 0.702, no_finding__chx: 0.566, pleural_effusion__chx: 0.495, pleural_other__chx: 0.953, pneumonia__chx: 0.722, pneumothorax__chx: 1.000, support_devices__chx: 0.931
  Val accuracy per class:
    Normal: 0.602, CHF: 0.426, pneumonia: 0.315, consolidation: 0.361, enlarged_cardiac_silhouette: 0.278, linear__patchy_atelectasis: 0.361, lobar__segmental_collapse: 0.991, not_otherwise_specified_opacity___pleural__parenchymal_opacity__: 0.454, pleural_effusion_or_thickening: 0.454, pulmonary_edema__hazy_opacity: 0.167, normal_anatomically: 0.704, elevated_hemidiaphragm: 0.972, hyperaeration: 0.148, vascular_redistribution: 1.000, atelectasis__chx: 0.500, cardiomegaly__chx: 0.500, consolidation__chx: 0.574, edema__chx: 0.657, enlarged_cardiomediastinum__chx: 1.000, fracture__chx: 0.991, lung_lesion__chx: 0.602, lung_opacity__chx: 0.463, no_finding__chx: 0.676, pleural_effusion__chx: 0.315, pleural_other__chx: 1.000, pneumonia__chx: 0.722, pneumothorax__chx: 1.000, support_devices__chx: 0.963
