Starting ST2 (image+bbox+seg+text+gaze) at: Mon Oct 27 01:31:43 AM CDT 2025

Loading configuration from: config_v2/st2_image_bbox_seg_text.yaml
{
    "dataset_name": "egd-cxr",
    "input_path": {
        "gaze_raw": "/project/hnguyen2/mvu9/datasets/gaze_data/physionet.org/files/egd-cxr/1.0.0",
        "dicom_raw": "/project/hnguyen2/mvu9/datasets/gaze_data/egd-cxr/dicom_raw",
        "segmentation_dir": "/project/hnguyen2/mvu9/datasets/gaze_data/physionet.org/files/egd-cxr/1.0.0/audio_segmentation_transcripts",
        "transcripts_dir": "/project/hnguyen2/mvu9/datasets/gaze_data/egd-cxr/transcripts"
    },
    "output_path": {
        "base_plots_dir": "plots"
    },
    "split_files": {
        "dir": "config/splits"
    },
    "train": {
        "batch_size": 48,
        "epochs": 100,
        "lr": 0.0002,
        "weight_decay": 0.00025,
        "max_fixations": 80,
        "txt_dim": 256,
        "enc_dim": 256,
        "max_decode_len": 64,
        "num_workers": 4,
        "seed": 123,
        "checkpoint_dir": "runs/st2/checkpoints_image_bbox_seg_text",
        "use_bbox": true,
        "use_seg": true,
        "use_image": true,
        "use_text": true,
        "use_gaze": true,
        "encoder_dropout": 0.1,
        "label_dropout": 0.2,
        "pretrained_image": true,
        "lambda_text": 0.1,
        "lambda_speak": 0.1,
        "use_pos_weight": true,
        "tune_thresholds": true
    }
}
Using device: cuda
Data splits - Train: 758, Val: 108, Test: 217
Loading training dataset...
EGDCXRDataset ready: 758 cases | regions=4 | bbox_classes=17
Loading validation dataset...
EGDCXRDataset ready: 108 cases | regions=4 | bbox_classes=17
Loading test dataset...
EGDCXRDataset ready: 217 cases | regions=4 | bbox_classes=17
Creating data loaders...
Estimating positive class weights from training data...
  pos_weight (mean 124.19)
Building model and vocabulary...
Model created with 12659921 parameters
Vocabulary size: 756
Training on 28 disease classes: ['Normal', 'CHF', 'pneumonia', 'consolidation', 'enlarged_cardiac_silhouette', 'linear__patchy_atelectasis', 'lobar__segmental_collapse', 'not_otherwise_specified_opacity___pleural__parenchymal_opacity__', 'pleural_effusion_or_thickening', 'pulmonary_edema__hazy_opacity', 'normal_anatomically', 'elevated_hemidiaphragm', 'hyperaeration', 'vascular_redistribution', 'atelectasis__chx', 'cardiomegaly__chx', 'consolidation__chx', 'edema__chx', 'enlarged_cardiomediastinum__chx', 'fracture__chx', 'lung_lesion__chx', 'lung_opacity__chx', 'no_finding__chx', 'pleural_effusion__chx', 'pleural_other__chx', 'pneumonia__chx', 'pneumothorax__chx', 'support_devices__chx']

Starting training for 100 epochs...
  Checkpoint saved to /project/hnguyen2/mvu9/folder_04_ma/gaze-01/runs/st2/checkpoints_image_bbox_seg_text/20251027-013614_best.pt
Epoch 01 | train loss 2.1830 | val loss 2.6765 | time 87.02s
  Train summary: macro-acc 0.516 | macro-F1 0.221 | micro-P 0.175 | micro-R 0.862 | micro-F1 0.291 | macro-PR 0.147 | micro-PR 0.131
  Val summary:   macro-acc 0.516 | macro-F1 0.270 | micro-P 0.190 | micro-R 0.900 | micro-F1 0.314 | macro-PR 0.228 | micro-PR 0.140
  Train accuracy per class:
    Normal: 0.342, CHF: 0.323, pneumonia: 0.361, consolidation: 0.641, enlarged_cardiac_silhouette: 0.203, linear__patchy_atelectasis: 0.179, lobar__segmental_collapse: 0.584, not_otherwise_specified_opacity___pleural__parenchymal_opacity__: 0.398, pleural_effusion_or_thickening: 0.484, pulmonary_edema__hazy_opacity: 0.266, normal_anatomically: 0.351, elevated_hemidiaphragm: 0.008, hyperaeration: 0.954, vascular_redistribution: 0.018, atelectasis__chx: 0.111, cardiomegaly__chx: 0.307, consolidation__chx: 0.719, edema__chx: 0.421, enlarged_cardiomediastinum__chx: 0.007, fracture__chx: 0.061, lung_lesion__chx: 0.809, lung_opacity__chx: 0.235, no_finding__chx: 0.373, pleural_effusion__chx: 0.737, pleural_other__chx: 0.832, pneumonia__chx: 0.160, pneumothorax__chx: 0.013, support_devices__chx: 0.989
  Val accuracy per class:
    Normal: 0.287, CHF: 0.426, pneumonia: 0.417, consolidation: 0.704, enlarged_cardiac_silhouette: 0.269, linear__patchy_atelectasis: 0.176, lobar__segmental_collapse: 0.861, not_otherwise_specified_opacity___pleural__parenchymal_opacity__: 0.454, pleural_effusion_or_thickening: 0.583, pulmonary_edema__hazy_opacity: 0.463, normal_anatomically: 0.296, elevated_hemidiaphragm: 0.000, hyperaeration: 0.833, vascular_redistribution: 0.000, atelectasis__chx: 0.111, cardiomegaly__chx: 0.213, consolidation__chx: 0.880, edema__chx: 0.296, enlarged_cardiomediastinum__chx: 0.000, fracture__chx: 0.028, lung_lesion__chx: 0.907, lung_opacity__chx: 0.231, no_finding__chx: 0.333, pleural_effusion__chx: 0.676, pleural_other__chx: 0.944, pneumonia__chx: 0.204, pneumothorax__chx: 0.102, support_devices__chx: 0.954
Epoch 02 | train loss -0.5036 | val loss 6.8560 | time 89.72s
  Train summary: macro-acc 0.559 | macro-F1 0.222 | micro-P 0.159 | micro-R 0.861 | micro-F1 0.268 | macro-PR 0.165 | micro-PR 0.144
  Val summary:   macro-acc 0.543 | macro-F1 0.243 | micro-P 0.175 | micro-R 0.929 | micro-F1 0.294 | macro-PR 0.215 | micro-PR 0.154
  Train accuracy per class:
    Normal: 0.346, CHF: 0.376, pneumonia: 0.335, consolidation: 0.136, enlarged_cardiac_silhouette: 0.204, linear__patchy_atelectasis: 0.179, lobar__segmental_collapse: 0.587, not_otherwise_specified_opacity___pleural__parenchymal_opacity__: 0.396, pleural_effusion_or_thickening: 0.373, pulmonary_edema__hazy_opacity: 0.726, normal_anatomically: 0.485, elevated_hemidiaphragm: 0.008, hyperaeration: 0.046, vascular_redistribution: 0.017, atelectasis__chx: 0.091, cardiomegaly__chx: 0.156, consolidation__chx: 0.846, edema__chx: 0.121, enlarged_cardiomediastinum__chx: 0.007, fracture__chx: 0.008, lung_lesion__chx: 0.373, lung_opacity__chx: 0.235, no_finding__chx: 0.387, pleural_effusion__chx: 0.222, pleural_other__chx: 0.971, pneumonia__chx: 0.682, pneumothorax__chx: 0.038, support_devices__chx: 0.533
  Val accuracy per class:
    Normal: 0.306, CHF: 0.444, pneumonia: 0.287, consolidation: 0.167, enlarged_cardiac_silhouette: 0.250, linear__patchy_atelectasis: 0.176, lobar__segmental_collapse: 0.907, not_otherwise_specified_opacity___pleural__parenchymal_opacity__: 0.454, pleural_effusion_or_thickening: 0.222, pulmonary_edema__hazy_opacity: 0.519, normal_anatomically: 0.361, elevated_hemidiaphragm: 0.000, hyperaeration: 0.111, vascular_redistribution: 0.000, atelectasis__chx: 0.102, cardiomegaly__chx: 0.231, consolidation__chx: 0.843, edema__chx: 0.139, enlarged_cardiomediastinum__chx: 0.000, fracture__chx: 0.037, lung_lesion__chx: 0.491, lung_opacity__chx: 0.231, no_finding__chx: 0.361, pleural_effusion__chx: 0.472, pleural_other__chx: 0.963, pneumonia__chx: 0.815, pneumothorax__chx: 0.139, support_devices__chx: 0.407
Epoch 03 | train loss -6.3952 | val loss 7.7987 | time 90.70s
  Train summary: macro-acc 0.564 | macro-F1 0.215 | micro-P 0.166 | micro-R 0.861 | micro-F1 0.278 | macro-PR 0.164 | micro-PR 0.148
  Val summary:   macro-acc 0.574 | macro-F1 0.251 | micro-P 0.176 | micro-R 0.889 | micro-F1 0.294 | macro-PR 0.223 | micro-PR 0.142
  Train accuracy per class:
    Normal: 0.354, CHF: 0.360, pneumonia: 0.335, consolidation: 0.842, enlarged_cardiac_silhouette: 0.203, linear__patchy_atelectasis: 0.179, lobar__segmental_collapse: 0.789, not_otherwise_specified_opacity___pleural__parenchymal_opacity__: 0.397, pleural_effusion_or_thickening: 0.237, pulmonary_edema__hazy_opacity: 0.492, normal_anatomically: 0.351, elevated_hemidiaphragm: 0.008, hyperaeration: 0.885, vascular_redistribution: 0.017, atelectasis__chx: 0.141, cardiomegaly__chx: 0.303, consolidation__chx: 0.099, edema__chx: 0.168, enlarged_cardiomediastinum__chx: 0.007, fracture__chx: 0.033, lung_lesion__chx: 0.530, lung_opacity__chx: 0.235, no_finding__chx: 0.400, pleural_effusion__chx: 0.331, pleural_other__chx: 0.931, pneumonia__chx: 0.840, pneumothorax__chx: 0.099, support_devices__chx: 0.280
  Val accuracy per class:
    Normal: 0.324, CHF: 0.454, pneumonia: 0.287, consolidation: 0.833, enlarged_cardiac_silhouette: 0.241, linear__patchy_atelectasis: 0.176, lobar__segmental_collapse: 0.944, not_otherwise_specified_opacity___pleural__parenchymal_opacity__: 0.472, pleural_effusion_or_thickening: 0.204, pulmonary_edema__hazy_opacity: 0.519, normal_anatomically: 0.296, elevated_hemidiaphragm: 0.000, hyperaeration: 0.880, vascular_redistribution: 0.000, atelectasis__chx: 0.120, cardiomegaly__chx: 0.315, consolidation__chx: 0.056, edema__chx: 0.167, enlarged_cardiomediastinum__chx: 0.000, fracture__chx: 0.120, lung_lesion__chx: 0.519, lung_opacity__chx: 0.231, no_finding__chx: 0.352, pleural_effusion__chx: 0.704, pleural_other__chx: 0.907, pneumonia__chx: 0.815, pneumothorax__chx: 0.065, support_devices__chx: 0.222
Epoch 04 | train loss -15.1920 | val loss 6.6474 | time 89.16s
  Train summary: macro-acc 0.563 | macro-F1 0.217 | micro-P 0.156 | micro-R 0.845 | micro-F1 0.263 | macro-PR 0.193 | micro-PR 0.144
  Val summary:   macro-acc 0.574 | macro-F1 0.241 | micro-P 0.171 | micro-R 0.909 | micro-F1 0.288 | macro-PR 0.221 | micro-PR 0.151
  Train accuracy per class:
    Normal: 0.380, CHF: 0.323, pneumonia: 0.441, consolidation: 0.778, enlarged_cardiac_silhouette: 0.204, linear__patchy_atelectasis: 0.179, lobar__segmental_collapse: 0.586, not_otherwise_specified_opacity___pleural__parenchymal_opacity__: 0.402, pleural_effusion_or_thickening: 0.237, pulmonary_edema__hazy_opacity: 0.319, normal_anatomically: 0.351, elevated_hemidiaphragm: 0.008, hyperaeration: 0.075, vascular_redistribution: 0.017, atelectasis__chx: 0.088, cardiomegaly__chx: 0.274, consolidation__chx: 0.104, edema__chx: 0.121, enlarged_cardiomediastinum__chx: 0.007, fracture__chx: 0.004, lung_lesion__chx: 0.612, lung_opacity__chx: 0.235, no_finding__chx: 0.391, pleural_effusion__chx: 0.476, pleural_other__chx: 0.947, pneumonia__chx: 0.840, pneumothorax__chx: 0.142, support_devices__chx: 0.177
  Val accuracy per class:
    Normal: 0.380, CHF: 0.426, pneumonia: 0.343, consolidation: 0.769, enlarged_cardiac_silhouette: 0.241, linear__patchy_atelectasis: 0.176, lobar__segmental_collapse: 0.583, not_otherwise_specified_opacity___pleural__parenchymal_opacity__: 0.463, pleural_effusion_or_thickening: 0.204, pulmonary_edema__hazy_opacity: 0.389, normal_anatomically: 0.296, elevated_hemidiaphragm: 0.000, hyperaeration: 0.130, vascular_redistribution: 0.000, atelectasis__chx: 0.111, cardiomegaly__chx: 0.472, consolidation__chx: 0.065, edema__chx: 0.139, enlarged_cardiomediastinum__chx: 0.000, fracture__chx: 0.009, lung_lesion__chx: 0.648, lung_opacity__chx: 0.231, no_finding__chx: 0.352, pleural_effusion__chx: 0.593, pleural_other__chx: 0.972, pneumonia__chx: 0.815, pneumothorax__chx: 0.130, support_devices__chx: 0.333
Epoch 05 | train loss -33.3869 | val loss 5.7510 | time 89.30s
  Train summary: macro-acc 0.560 | macro-F1 0.216 | micro-P 0.154 | micro-R 0.810 | micro-F1 0.259 | macro-PR 0.156 | micro-PR 0.143
  Val summary:   macro-acc 0.570 | macro-F1 0.243 | micro-P 0.166 | micro-R 0.900 | micro-F1 0.280 | macro-PR 0.226 | micro-PR 0.149
  Train accuracy per class:
    Normal: 0.427, CHF: 0.323, pneumonia: 0.335, consolidation: 0.268, enlarged_cardiac_silhouette: 0.203, linear__patchy_atelectasis: 0.179, lobar__segmental_collapse: 0.216, not_otherwise_specified_opacity___pleural__parenchymal_opacity__: 0.409, pleural_effusion_or_thickening: 0.380, pulmonary_edema__hazy_opacity: 0.615, normal_anatomically: 0.367, elevated_hemidiaphragm: 0.008, hyperaeration: 0.136, vascular_redistribution: 0.017, atelectasis__chx: 0.135, cardiomegaly__chx: 0.310, consolidation__chx: 0.181, edema__chx: 0.121, enlarged_cardiomediastinum__chx: 0.007, fracture__chx: 0.004, lung_lesion__chx: 0.943, lung_opacity__chx: 0.235, no_finding__chx: 0.396, pleural_effusion__chx: 0.569, pleural_other__chx: 0.925, pneumonia__chx: 0.840, pneumothorax__chx: 0.125, support_devices__chx: 0.480
  Val accuracy per class:
    Normal: 0.398, CHF: 0.426, pneumonia: 0.287, consolidation: 0.167, enlarged_cardiac_silhouette: 0.241, linear__patchy_atelectasis: 0.176, lobar__segmental_collapse: 0.111, not_otherwise_specified_opacity___pleural__parenchymal_opacity__: 0.491, pleural_effusion_or_thickening: 0.250, pulmonary_edema__hazy_opacity: 0.648, normal_anatomically: 0.306, elevated_hemidiaphragm: 0.000, hyperaeration: 0.111, vascular_redistribution: 0.000, atelectasis__chx: 0.120, cardiomegaly__chx: 0.241, consolidation__chx: 0.213, edema__chx: 0.139, enlarged_cardiomediastinum__chx: 0.000, fracture__chx: 0.009, lung_lesion__chx: 0.963, lung_opacity__chx: 0.231, no_finding__chx: 0.343, pleural_effusion__chx: 0.694, pleural_other__chx: 0.972, pneumonia__chx: 0.806, pneumothorax__chx: 0.111, support_devices__chx: 0.278
Epoch 06 | train loss -62.5521 | val loss 9.9167 | time 90.45s
  Train summary: macro-acc 0.544 | macro-F1 0.208 | micro-P 0.148 | micro-R 0.755 | micro-F1 0.248 | macro-PR 0.155 | micro-PR 0.145
  Val summary:   macro-acc 0.567 | macro-F1 0.245 | micro-P 0.163 | micro-R 0.913 | micro-F1 0.277 | macro-PR 0.219 | micro-PR 0.146
  Train accuracy per class:
    Normal: 0.491, CHF: 0.389, pneumonia: 0.335, consolidation: 0.377, enlarged_cardiac_silhouette: 0.203, linear__patchy_atelectasis: 0.409, lobar__segmental_collapse: 0.284, not_otherwise_specified_opacity___pleural__parenchymal_opacity__: 0.384, pleural_effusion_or_thickening: 0.237, pulmonary_edema__hazy_opacity: 0.571, normal_anatomically: 0.351, elevated_hemidiaphragm: 0.008, hyperaeration: 0.212, vascular_redistribution: 0.017, atelectasis__chx: 0.244, cardiomegaly__chx: 0.388, consolidation__chx: 0.219, edema__chx: 0.121, enlarged_cardiomediastinum__chx: 0.007, fracture__chx: 0.004, lung_lesion__chx: 0.817, lung_opacity__chx: 0.319, no_finding__chx: 0.522, pleural_effusion__chx: 0.401, pleural_other__chx: 0.492, pneumonia__chx: 0.843, pneumothorax__chx: 0.144, support_devices__chx: 0.598
  Val accuracy per class:
    Normal: 0.343, CHF: 0.444, pneumonia: 0.287, consolidation: 0.204, enlarged_cardiac_silhouette: 0.241, linear__patchy_atelectasis: 0.269, lobar__segmental_collapse: 0.065, not_otherwise_specified_opacity___pleural__parenchymal_opacity__: 0.472, pleural_effusion_or_thickening: 0.204, pulmonary_edema__hazy_opacity: 0.435, normal_anatomically: 0.296, elevated_hemidiaphragm: 0.000, hyperaeration: 0.120, vascular_redistribution: 0.000, atelectasis__chx: 0.111, cardiomegaly__chx: 0.352, consolidation__chx: 0.185, edema__chx: 0.139, enlarged_cardiomediastinum__chx: 0.000, fracture__chx: 0.009, lung_lesion__chx: 0.963, lung_opacity__chx: 0.241, no_finding__chx: 0.454, pleural_effusion__chx: 0.306, pleural_other__chx: 0.343, pneumonia__chx: 0.815, pneumothorax__chx: 0.009, support_devices__chx: 0.806
Epoch 07 | train loss -109.1638 | val loss 10.1269 | time 89.00s
  Train summary: macro-acc 0.528 | macro-F1 0.237 | micro-P 0.158 | micro-R 0.826 | micro-F1 0.266 | macro-PR 0.155 | micro-PR 0.145
  Val summary:   macro-acc 0.558 | macro-F1 0.238 | micro-P 0.164 | micro-R 0.920 | micro-F1 0.278 | macro-PR 0.218 | micro-PR 0.157
  Train accuracy per class:
    Normal: 0.458, CHF: 0.447, pneumonia: 0.332, consolidation: 0.249, enlarged_cardiac_silhouette: 0.204, linear__patchy_atelectasis: 0.356, lobar__segmental_collapse: 0.185, not_otherwise_specified_opacity___pleural__parenchymal_opacity__: 0.396, pleural_effusion_or_thickening: 0.463, pulmonary_edema__hazy_opacity: 0.656, normal_anatomically: 0.351, elevated_hemidiaphragm: 0.008, hyperaeration: 0.347, vascular_redistribution: 0.017, atelectasis__chx: 0.102, cardiomegaly__chx: 0.454, consolidation__chx: 0.201, edema__chx: 0.215, enlarged_cardiomediastinum__chx: 0.008, fracture__chx: 0.008, lung_lesion__chx: 0.540, lung_opacity__chx: 0.234, no_finding__chx: 0.375, pleural_effusion__chx: 0.323, pleural_other__chx: 0.793, pneumonia__chx: 0.883, pneumothorax__chx: 0.182, support_devices__chx: 0.654
  Val accuracy per class:
    Normal: 0.333, CHF: 0.435, pneumonia: 0.287, consolidation: 0.120, enlarged_cardiac_silhouette: 0.241, linear__patchy_atelectasis: 0.231, lobar__segmental_collapse: 0.083, not_otherwise_specified_opacity___pleural__parenchymal_opacity__: 0.454, pleural_effusion_or_thickening: 0.287, pulmonary_edema__hazy_opacity: 0.537, normal_anatomically: 0.296, elevated_hemidiaphragm: 0.000, hyperaeration: 0.148, vascular_redistribution: 0.000, atelectasis__chx: 0.102, cardiomegaly__chx: 0.398, consolidation__chx: 0.222, edema__chx: 0.157, enlarged_cardiomediastinum__chx: 0.000, fracture__chx: 0.009, lung_lesion__chx: 0.722, lung_opacity__chx: 0.231, no_finding__chx: 0.324, pleural_effusion__chx: 0.352, pleural_other__chx: 0.602, pneumonia__chx: 0.815, pneumothorax__chx: 0.019, support_devices__chx: 0.704
Epoch 08 | train loss -157.5107 | val loss 17.8144 | time 89.59s
  Train summary: macro-acc 0.518 | macro-F1 0.230 | micro-P 0.154 | micro-R 0.797 | micro-F1 0.258 | macro-PR 0.158 | micro-PR 0.141
  Val summary:   macro-acc 0.544 | macro-F1 0.235 | micro-P 0.161 | micro-R 0.909 | micro-F1 0.274 | macro-PR 0.221 | micro-PR 0.152
  Train accuracy per class:
    Normal: 0.462, CHF: 0.323, pneumonia: 0.359, consolidation: 0.255, enlarged_cardiac_silhouette: 0.202, linear__patchy_atelectasis: 0.405, lobar__segmental_collapse: 0.142, not_otherwise_specified_opacity___pleural__parenchymal_opacity__: 0.394, pleural_effusion_or_thickening: 0.408, pulmonary_edema__hazy_opacity: 0.629, normal_anatomically: 0.351, elevated_hemidiaphragm: 0.008, hyperaeration: 0.450, vascular_redistribution: 0.018, atelectasis__chx: 0.117, cardiomegaly__chx: 0.274, consolidation__chx: 0.251, edema__chx: 0.127, enlarged_cardiomediastinum__chx: 0.009, fracture__chx: 0.026, lung_lesion__chx: 0.637, lung_opacity__chx: 0.340, no_finding__chx: 0.483, pleural_effusion__chx: 0.289, pleural_other__chx: 0.784, pneumonia__chx: 0.850, pneumothorax__chx: 0.276, support_devices__chx: 0.518
  Val accuracy per class:
    Normal: 0.407, CHF: 0.426, pneumonia: 0.296, consolidation: 0.231, enlarged_cardiac_silhouette: 0.241, linear__patchy_atelectasis: 0.389, lobar__segmental_collapse: 0.046, not_otherwise_specified_opacity___pleural__parenchymal_opacity__: 0.454, pleural_effusion_or_thickening: 0.241, pulmonary_edema__hazy_opacity: 0.435, normal_anatomically: 0.296, elevated_hemidiaphragm: 0.000, hyperaeration: 0.120, vascular_redistribution: 0.000, atelectasis__chx: 0.102, cardiomegaly__chx: 0.167, consolidation__chx: 0.407, edema__chx: 0.139, enlarged_cardiomediastinum__chx: 0.000, fracture__chx: 0.046, lung_lesion__chx: 0.935, lung_opacity__chx: 0.241, no_finding__chx: 0.333, pleural_effusion__chx: 0.296, pleural_other__chx: 0.500, pneumonia__chx: 0.815, pneumothorax__chx: 0.037, support_devices__chx: 0.287
Epoch 09 | train loss -224.7871 | val loss 11.2814 | time 91.33s
  Train summary: macro-acc 0.507 | macro-F1 0.229 | micro-P 0.155 | micro-R 0.773 | micro-F1 0.259 | macro-PR 0.151 | micro-PR 0.135
  Val summary:   macro-acc 0.513 | macro-F1 0.241 | micro-P 0.163 | micro-R 0.913 | micro-F1 0.276 | macro-PR 0.225 | micro-PR 0.127
  Train accuracy per class:
    Normal: 0.439, CHF: 0.483, pneumonia: 0.449, consolidation: 0.491, enlarged_cardiac_silhouette: 0.206, linear__patchy_atelectasis: 0.508, lobar__segmental_collapse: 0.343, not_otherwise_specified_opacity___pleural__parenchymal_opacity__: 0.402, pleural_effusion_or_thickening: 0.239, pulmonary_edema__hazy_opacity: 0.495, normal_anatomically: 0.348, elevated_hemidiaphragm: 0.008, hyperaeration: 0.041, vascular_redistribution: 0.026, atelectasis__chx: 0.154, cardiomegaly__chx: 0.425, consolidation__chx: 0.363, edema__chx: 0.397, enlarged_cardiomediastinum__chx: 0.012, fracture__chx: 0.078, lung_lesion__chx: 0.724, lung_opacity__chx: 0.240, no_finding__chx: 0.373, pleural_effusion__chx: 0.458, pleural_other__chx: 0.566, pneumonia__chx: 0.883, pneumothorax__chx: 0.470, support_devices__chx: 0.367
  Val accuracy per class:
    Normal: 0.315, CHF: 0.556, pneumonia: 0.296, consolidation: 0.315, enlarged_cardiac_silhouette: 0.241, linear__patchy_atelectasis: 0.259, lobar__segmental_collapse: 0.037, not_otherwise_specified_opacity___pleural__parenchymal_opacity__: 0.454, pleural_effusion_or_thickening: 0.204, pulmonary_edema__hazy_opacity: 0.444, normal_anatomically: 0.296, elevated_hemidiaphragm: 0.000, hyperaeration: 0.102, vascular_redistribution: 0.000, atelectasis__chx: 0.102, cardiomegaly__chx: 0.306, consolidation__chx: 0.315, edema__chx: 0.259, enlarged_cardiomediastinum__chx: 0.000, fracture__chx: 0.009, lung_lesion__chx: 0.935, lung_opacity__chx: 0.231, no_finding__chx: 0.324, pleural_effusion__chx: 0.176, pleural_other__chx: 0.667, pneumonia__chx: 0.815, pneumothorax__chx: 0.269, support_devices__chx: 0.102
  Checkpoint saved to /project/hnguyen2/mvu9/folder_04_ma/gaze-01/runs/st2/checkpoints_image_bbox_seg_text/20251027-013614_best.pt
Epoch 10 | train loss -313.7300 | val loss 0.5129 | time 90.71s
  Train summary: macro-acc 0.508 | macro-F1 0.232 | micro-P 0.161 | micro-R 0.781 | micro-F1 0.267 | macro-PR 0.161 | micro-PR 0.139
  Val summary:   macro-acc 0.521 | macro-F1 0.239 | micro-P 0.170 | micro-R 0.924 | micro-F1 0.287 | macro-PR 0.243 | micro-PR 0.117
  Train accuracy per class:
    Normal: 0.471, CHF: 0.323, pneumonia: 0.339, consolidation: 0.594, enlarged_cardiac_silhouette: 0.409, linear__patchy_atelectasis: 0.414, lobar__segmental_collapse: 0.408, not_otherwise_specified_opacity___pleural__parenchymal_opacity__: 0.397, pleural_effusion_or_thickening: 0.431, pulmonary_edema__hazy_opacity: 0.462, normal_anatomically: 0.351, elevated_hemidiaphragm: 0.008, hyperaeration: 0.468, vascular_redistribution: 0.042, atelectasis__chx: 0.181, cardiomegaly__chx: 0.401, consolidation__chx: 0.398, edema__chx: 0.144, enlarged_cardiomediastinum__chx: 0.044, fracture__chx: 0.119, lung_lesion__chx: 0.628, lung_opacity__chx: 0.421, no_finding__chx: 0.383, pleural_effusion__chx: 0.433, pleural_other__chx: 0.409, pneumonia__chx: 0.876, pneumothorax__chx: 0.624, support_devices__chx: 0.435
  Val accuracy per class:
    Normal: 0.306, CHF: 0.426, pneumonia: 0.287, consolidation: 0.417, enlarged_cardiac_silhouette: 0.250, linear__patchy_atelectasis: 0.222, lobar__segmental_collapse: 0.056, not_otherwise_specified_opacity___pleural__parenchymal_opacity__: 0.454, pleural_effusion_or_thickening: 0.278, pulmonary_edema__hazy_opacity: 0.657, normal_anatomically: 0.296, elevated_hemidiaphragm: 0.000, hyperaeration: 0.157, vascular_redistribution: 0.000, atelectasis__chx: 0.102, cardiomegaly__chx: 0.167, consolidation__chx: 0.583, edema__chx: 0.139, enlarged_cardiomediastinum__chx: 0.000, fracture__chx: 0.009, lung_lesion__chx: 0.917, lung_opacity__chx: 0.241, no_finding__chx: 0.324, pleural_effusion__chx: 0.269, pleural_other__chx: 0.620, pneumonia__chx: 0.815, pneumothorax__chx: 0.685, support_devices__chx: 0.185
Epoch 11 | train loss -419.7182 | val loss 18.3856 | time 88.24s
  Train summary: macro-acc 0.505 | macro-F1 0.229 | micro-P 0.155 | micro-R 0.755 | micro-F1 0.257 | macro-PR 0.157 | micro-PR 0.135
  Val summary:   macro-acc 0.502 | macro-F1 0.236 | micro-P 0.163 | micro-R 0.911 | micro-F1 0.277 | macro-PR 0.230 | micro-PR 0.119
  Train accuracy per class:
    Normal: 0.526, CHF: 0.496, pneumonia: 0.352, consolidation: 0.453, enlarged_cardiac_silhouette: 0.454, linear__patchy_atelectasis: 0.181, lobar__segmental_collapse: 0.323, not_otherwise_specified_opacity___pleural__parenchymal_opacity__: 0.396, pleural_effusion_or_thickening: 0.240, pulmonary_edema__hazy_opacity: 0.495, normal_anatomically: 0.368, elevated_hemidiaphragm: 0.013, hyperaeration: 0.565, vascular_redistribution: 0.042, atelectasis__chx: 0.427, cardiomegaly__chx: 0.431, consolidation__chx: 0.049, edema__chx: 0.165, enlarged_cardiomediastinum__chx: 0.157, fracture__chx: 0.141, lung_lesion__chx: 0.522, lung_opacity__chx: 0.239, no_finding__chx: 0.526, pleural_effusion__chx: 0.194, pleural_other__chx: 0.507, pneumonia__chx: 0.880, pneumothorax__chx: 0.714, support_devices__chx: 0.381
  Val accuracy per class:
    Normal: 0.352, CHF: 0.509, pneumonia: 0.287, consolidation: 0.509, enlarged_cardiac_silhouette: 0.250, linear__patchy_atelectasis: 0.176, lobar__segmental_collapse: 0.028, not_otherwise_specified_opacity___pleural__parenchymal_opacity__: 0.454, pleural_effusion_or_thickening: 0.204, pulmonary_edema__hazy_opacity: 0.435, normal_anatomically: 0.296, elevated_hemidiaphragm: 0.000, hyperaeration: 0.759, vascular_redistribution: 0.000, atelectasis__chx: 0.120, cardiomegaly__chx: 0.324, consolidation__chx: 0.028, edema__chx: 0.139, enlarged_cardiomediastinum__chx: 0.000, fracture__chx: 0.009, lung_lesion__chx: 0.565, lung_opacity__chx: 0.231, no_finding__chx: 0.343, pleural_effusion__chx: 0.167, pleural_other__chx: 0.463, pneumonia__chx: 0.815, pneumothorax__chx: 0.694, support_devices__chx: 0.046
Epoch 12 | train loss -540.1425 | val loss 1.3383 | time 88.53s
  Train summary: macro-acc 0.517 | macro-F1 0.240 | micro-P 0.173 | micro-R 0.857 | micro-F1 0.288 | macro-PR 0.156 | micro-PR 0.139
  Val summary:   macro-acc 0.485 | macro-F1 0.240 | micro-P 0.175 | micro-R 0.922 | micro-F1 0.294 | macro-PR 0.237 | micro-PR 0.110
  Train accuracy per class:
    Normal: 0.356, CHF: 0.319, pneumonia: 0.350, consolidation: 0.575, enlarged_cardiac_silhouette: 0.214, linear__patchy_atelectasis: 0.203, lobar__segmental_collapse: 0.373, not_otherwise_specified_opacity___pleural__parenchymal_opacity__: 0.401, pleural_effusion_or_thickening: 0.515, pulmonary_edema__hazy_opacity: 0.479, normal_anatomically: 0.367, elevated_hemidiaphragm: 0.028, hyperaeration: 0.516, vascular_redistribution: 0.061, atelectasis__chx: 0.470, cardiomegaly__chx: 0.157, consolidation__chx: 0.327, edema__chx: 0.197, enlarged_cardiomediastinum__chx: 0.326, fracture__chx: 0.371, lung_lesion__chx: 0.582, lung_opacity__chx: 0.240, no_finding__chx: 0.369, pleural_effusion__chx: 0.475, pleural_other__chx: 0.442, pneumonia__chx: 0.867, pneumothorax__chx: 0.770, support_devices__chx: 0.468
  Val accuracy per class:
    Normal: 0.287, CHF: 0.426, pneumonia: 0.287, consolidation: 0.537, enlarged_cardiac_silhouette: 0.241, linear__patchy_atelectasis: 0.176, lobar__segmental_collapse: 0.130, not_otherwise_specified_opacity___pleural__parenchymal_opacity__: 0.454, pleural_effusion_or_thickening: 0.444, pulmonary_edema__hazy_opacity: 0.556, normal_anatomically: 0.296, elevated_hemidiaphragm: 0.000, hyperaeration: 0.185, vascular_redistribution: 0.000, atelectasis__chx: 0.194, cardiomegaly__chx: 0.157, consolidation__chx: 0.389, edema__chx: 0.139, enlarged_cardiomediastinum__chx: 0.370, fracture__chx: 0.028, lung_lesion__chx: 0.750, lung_opacity__chx: 0.231, no_finding__chx: 0.324, pleural_effusion__chx: 0.204, pleural_other__chx: 0.574, pneumonia__chx: 0.806, pneumothorax__chx: 1.000, support_devices__chx: 0.333
Epoch 13 | train loss -681.2271 | val loss 27.4364 | time 90.26s
  Train summary: macro-acc 0.522 | macro-F1 0.229 | micro-P 0.157 | micro-R 0.716 | micro-F1 0.258 | macro-PR 0.155 | micro-PR 0.143
  Val summary:   macro-acc 0.551 | macro-F1 0.236 | micro-P 0.167 | micro-R 0.904 | micro-F1 0.281 | macro-PR 0.235 | micro-PR 0.133
  Train accuracy per class:
    Normal: 0.467, CHF: 0.335, pneumonia: 0.356, consolidation: 0.456, enlarged_cardiac_silhouette: 0.232, linear__patchy_atelectasis: 0.468, lobar__segmental_collapse: 0.289, not_otherwise_specified_opacity___pleural__parenchymal_opacity__: 0.400, pleural_effusion_or_thickening: 0.492, pulmonary_edema__hazy_opacity: 0.580, normal_anatomically: 0.504, elevated_hemidiaphragm: 0.038, hyperaeration: 0.520, vascular_redistribution: 0.057, atelectasis__chx: 0.397, cardiomegaly__chx: 0.497, consolidation__chx: 0.334, edema__chx: 0.202, enlarged_cardiomediastinum__chx: 0.376, fracture__chx: 0.223, lung_lesion__chx: 0.375, lung_opacity__chx: 0.253, no_finding__chx: 0.528, pleural_effusion__chx: 0.489, pleural_other__chx: 0.595, pneumonia__chx: 0.865, pneumothorax__chx: 0.823, support_devices__chx: 0.083
  Val accuracy per class:
    Normal: 0.306, CHF: 0.426, pneumonia: 0.287, consolidation: 0.565, enlarged_cardiac_silhouette: 0.241, linear__patchy_atelectasis: 0.380, lobar__segmental_collapse: 0.102, not_otherwise_specified_opacity___pleural__parenchymal_opacity__: 0.454, pleural_effusion_or_thickening: 0.509, pulmonary_edema__hazy_opacity: 0.463, normal_anatomically: 0.306, elevated_hemidiaphragm: 0.000, hyperaeration: 0.407, vascular_redistribution: 0.000, atelectasis__chx: 0.111, cardiomegaly__chx: 0.472, consolidation__chx: 0.157, edema__chx: 0.139, enlarged_cardiomediastinum__chx: 0.000, fracture__chx: 0.009, lung_lesion__chx: 0.333, lung_opacity__chx: 0.231, no_finding__chx: 0.333, pleural_effusion__chx: 0.176, pleural_other__chx: 0.481, pneumonia__chx: 0.815, pneumothorax__chx: 1.000, support_devices__chx: 0.037
Epoch 14 | train loss -821.0355 | val loss 19.2038 | time 92.29s
  Train summary: macro-acc 0.516 | macro-F1 0.237 | micro-P 0.166 | micro-R 0.815 | micro-F1 0.276 | macro-PR 0.155 | micro-PR 0.140
  Val summary:   macro-acc 0.520 | macro-F1 0.236 | micro-P 0.170 | micro-R 0.882 | micro-F1 0.284 | macro-PR 0.251 | micro-PR 0.122
  Train accuracy per class:
    Normal: 0.524, CHF: 0.325, pneumonia: 0.335, consolidation: 0.513, enlarged_cardiac_silhouette: 0.441, linear__patchy_atelectasis: 0.219, lobar__segmental_collapse: 0.288, not_otherwise_specified_opacity___pleural__parenchymal_opacity__: 0.391, pleural_effusion_or_thickening: 0.528, pulmonary_edema__hazy_opacity: 0.547, normal_anatomically: 0.398, elevated_hemidiaphragm: 0.036, hyperaeration: 0.583, vascular_redistribution: 0.046, atelectasis__chx: 0.183, cardiomegaly__chx: 0.166, consolidation__chx: 0.491, edema__chx: 0.216, enlarged_cardiomediastinum__chx: 0.427, fracture__chx: 0.290, lung_lesion__chx: 0.438, lung_opacity__chx: 0.247, no_finding__chx: 0.406, pleural_effusion__chx: 0.223, pleural_other__chx: 0.508, pneumonia__chx: 0.865, pneumothorax__chx: 0.860, support_devices__chx: 0.100
  Val accuracy per class:
    Normal: 0.343, CHF: 0.426, pneumonia: 0.287, consolidation: 0.685, enlarged_cardiac_silhouette: 0.398, linear__patchy_atelectasis: 0.176, lobar__segmental_collapse: 0.065, not_otherwise_specified_opacity___pleural__parenchymal_opacity__: 0.454, pleural_effusion_or_thickening: 0.657, pulmonary_edema__hazy_opacity: 0.537, normal_anatomically: 0.296, elevated_hemidiaphragm: 0.000, hyperaeration: 0.556, vascular_redistribution: 0.000, atelectasis__chx: 0.102, cardiomegaly__chx: 0.157, consolidation__chx: 0.815, edema__chx: 0.139, enlarged_cardiomediastinum__chx: 0.028, fracture__chx: 0.019, lung_lesion__chx: 0.361, lung_opacity__chx: 0.231, no_finding__chx: 0.324, pleural_effusion__chx: 0.167, pleural_other__chx: 0.435, pneumonia__chx: 0.815, pneumothorax__chx: 1.000, support_devices__chx: 0.037
Epoch 15 | train loss -982.6230 | val loss 33.5620 | time 90.35s
  Train summary: macro-acc 0.526 | macro-F1 0.232 | micro-P 0.164 | micro-R 0.767 | micro-F1 0.270 | macro-PR 0.159 | micro-PR 0.144
  Val summary:   macro-acc 0.485 | macro-F1 0.242 | micro-P 0.170 | micro-R 0.922 | micro-F1 0.287 | macro-PR 0.245 | micro-PR 0.130
  Train accuracy per class:
    Normal: 0.460, CHF: 0.342, pneumonia: 0.375, consolidation: 0.460, enlarged_cardiac_silhouette: 0.500, linear__patchy_atelectasis: 0.230, lobar__segmental_collapse: 0.334, not_otherwise_specified_opacity___pleural__parenchymal_opacity__: 0.394, pleural_effusion_or_thickening: 0.268, pulmonary_edema__hazy_opacity: 0.583, normal_anatomically: 0.504, elevated_hemidiaphragm: 0.054, hyperaeration: 0.438, vascular_redistribution: 0.049, atelectasis__chx: 0.173, cardiomegaly__chx: 0.450, consolidation__chx: 0.376, edema__chx: 0.215, enlarged_cardiomediastinum__chx: 0.451, fracture__chx: 0.216, lung_lesion__chx: 0.466, lung_opacity__chx: 0.249, no_finding__chx: 0.476, pleural_effusion__chx: 0.199, pleural_other__chx: 0.675, pneumonia__chx: 0.867, pneumothorax__chx: 0.869, support_devices__chx: 0.433
  Val accuracy per class:
    Normal: 0.296, CHF: 0.426, pneumonia: 0.287, consolidation: 0.250, enlarged_cardiac_silhouette: 0.380, linear__patchy_atelectasis: 0.176, lobar__segmental_collapse: 0.167, not_otherwise_specified_opacity___pleural__parenchymal_opacity__: 0.454, pleural_effusion_or_thickening: 0.204, pulmonary_edema__hazy_opacity: 0.565, normal_anatomically: 0.343, elevated_hemidiaphragm: 0.000, hyperaeration: 0.602, vascular_redistribution: 0.000, atelectasis__chx: 0.102, cardiomegaly__chx: 0.250, consolidation__chx: 0.120, edema__chx: 0.139, enlarged_cardiomediastinum__chx: 0.000, fracture__chx: 0.028, lung_lesion__chx: 0.843, lung_opacity__chx: 0.231, no_finding__chx: 0.343, pleural_effusion__chx: 0.167, pleural_other__chx: 0.546, pneumonia__chx: 0.815, pneumothorax__chx: 1.000, support_devices__chx: 0.157
Epoch 16 | train loss -1145.8204 | val loss 31.5802 | time 91.91s
  Train summary: macro-acc 0.543 | macro-F1 0.225 | micro-P 0.160 | micro-R 0.698 | micro-F1 0.260 | macro-PR 0.157 | micro-PR 0.149
  Val summary:   macro-acc 0.555 | macro-F1 0.234 | micro-P 0.170 | micro-R 0.911 | micro-F1 0.286 | macro-PR 0.235 | micro-PR 0.140
  Train accuracy per class:
    Normal: 0.380, CHF: 0.332, pneumonia: 0.482, consolidation: 0.463, enlarged_cardiac_silhouette: 0.468, linear__patchy_atelectasis: 0.478, lobar__segmental_collapse: 0.310, not_otherwise_specified_opacity___pleural__parenchymal_opacity__: 0.391, pleural_effusion_or_thickening: 0.471, pulmonary_edema__hazy_opacity: 0.517, normal_anatomically: 0.482, elevated_hemidiaphragm: 0.084, hyperaeration: 0.397, vascular_redistribution: 0.094, atelectasis__chx: 0.406, cardiomegaly__chx: 0.162, consolidation__chx: 0.389, edema__chx: 0.208, enlarged_cardiomediastinum__chx: 0.489, fracture__chx: 0.260, lung_lesion__chx: 0.596, lung_opacity__chx: 0.503, no_finding__chx: 0.421, pleural_effusion__chx: 0.500, pleural_other__chx: 0.683, pneumonia__chx: 0.854, pneumothorax__chx: 0.910, support_devices__chx: 0.132
  Val accuracy per class:
    Normal: 0.287, CHF: 0.426, pneumonia: 0.315, consolidation: 0.454, enlarged_cardiac_silhouette: 0.259, linear__patchy_atelectasis: 0.194, lobar__segmental_collapse: 0.130, not_otherwise_specified_opacity___pleural__parenchymal_opacity__: 0.454, pleural_effusion_or_thickening: 0.222, pulmonary_edema__hazy_opacity: 0.398, normal_anatomically: 0.398, elevated_hemidiaphragm: 0.000, hyperaeration: 0.130, vascular_redistribution: 0.000, atelectasis__chx: 0.176, cardiomegaly__chx: 0.157, consolidation__chx: 0.324, edema__chx: 0.139, enlarged_cardiomediastinum__chx: 0.065, fracture__chx: 0.037, lung_lesion__chx: 0.926, lung_opacity__chx: 0.389, no_finding__chx: 0.324, pleural_effusion__chx: 0.185, pleural_other__chx: 0.843, pneumonia__chx: 0.815, pneumothorax__chx: 1.000, support_devices__chx: 0.037
Epoch 17 | train loss -1332.9695 | val loss 70.3177 | time 89.90s
  Train summary: macro-acc 0.538 | macro-F1 0.230 | micro-P 0.165 | micro-R 0.719 | micro-F1 0.268 | macro-PR 0.159 | micro-PR 0.151
  Val summary:   macro-acc 0.514 | macro-F1 0.236 | micro-P 0.173 | micro-R 0.922 | micro-F1 0.292 | macro-PR 0.231 | micro-PR 0.134
  Train accuracy per class:
    Normal: 0.404, CHF: 0.541, pneumonia: 0.418, consolidation: 0.412, enlarged_cardiac_silhouette: 0.252, linear__patchy_atelectasis: 0.236, lobar__segmental_collapse: 0.425, not_otherwise_specified_opacity___pleural__parenchymal_opacity__: 0.391, pleural_effusion_or_thickening: 0.453, pulmonary_edema__hazy_opacity: 0.588, normal_anatomically: 0.470, elevated_hemidiaphragm: 0.087, hyperaeration: 0.582, vascular_redistribution: 0.102, atelectasis__chx: 0.186, cardiomegaly__chx: 0.164, consolidation__chx: 0.603, edema__chx: 0.256, enlarged_cardiomediastinum__chx: 0.534, fracture__chx: 0.224, lung_lesion__chx: 0.501, lung_opacity__chx: 0.598, no_finding__chx: 0.475, pleural_effusion__chx: 0.239, pleural_other__chx: 0.706, pneumonia__chx: 0.863, pneumothorax__chx: 0.925, support_devices__chx: 0.388
  Val accuracy per class:
    Normal: 0.287, CHF: 0.500, pneumonia: 0.324, consolidation: 0.148, enlarged_cardiac_silhouette: 0.241, linear__patchy_atelectasis: 0.176, lobar__segmental_collapse: 0.074, not_otherwise_specified_opacity___pleural__parenchymal_opacity__: 0.454, pleural_effusion_or_thickening: 0.241, pulmonary_edema__hazy_opacity: 0.417, normal_anatomically: 0.306, elevated_hemidiaphragm: 0.000, hyperaeration: 0.481, vascular_redistribution: 0.000, atelectasis__chx: 0.102, cardiomegaly__chx: 0.157, consolidation__chx: 0.852, edema__chx: 0.139, enlarged_cardiomediastinum__chx: 0.000, fracture__chx: 0.065, lung_lesion__chx: 0.454, lung_opacity__chx: 0.296, no_finding__chx: 0.398, pleural_effusion__chx: 0.167, pleural_other__chx: 0.454, pneumonia__chx: 0.815, pneumothorax__chx: 1.000, support_devices__chx: 0.787
Epoch 18 | train loss -1503.7077 | val loss 5.9207 | time 92.24s
  Train summary: macro-acc 0.539 | macro-F1 0.231 | micro-P 0.166 | micro-R 0.773 | micro-F1 0.273 | macro-PR 0.159 | micro-PR 0.149
  Val summary:   macro-acc 0.560 | macro-F1 0.234 | micro-P 0.171 | micro-R 0.927 | micro-F1 0.289 | macro-PR 0.242 | micro-PR 0.126
  Train accuracy per class:
    Normal: 0.409, CHF: 0.339, pneumonia: 0.497, consolidation: 0.503, enlarged_cardiac_silhouette: 0.255, linear__patchy_atelectasis: 0.241, lobar__segmental_collapse: 0.466, not_otherwise_specified_opacity___pleural__parenchymal_opacity__: 0.398, pleural_effusion_or_thickening: 0.431, pulmonary_edema__hazy_opacity: 0.488, normal_anatomically: 0.433, elevated_hemidiaphragm: 0.096, hyperaeration: 0.546, vascular_redistribution: 0.106, atelectasis__chx: 0.426, cardiomegaly__chx: 0.173, consolidation__chx: 0.383, edema__chx: 0.239, enlarged_cardiomediastinum__chx: 0.559, fracture__chx: 0.289, lung_lesion__chx: 0.116, lung_opacity__chx: 0.251, no_finding__chx: 0.500, pleural_effusion__chx: 0.232, pleural_other__chx: 0.661, pneumonia__chx: 0.871, pneumothorax__chx: 0.942, support_devices__chx: 0.431
  Val accuracy per class:
    Normal: 0.287, CHF: 0.426, pneumonia: 0.306, consolidation: 0.565, enlarged_cardiac_silhouette: 0.241, linear__patchy_atelectasis: 0.176, lobar__segmental_collapse: 0.111, not_otherwise_specified_opacity___pleural__parenchymal_opacity__: 0.454, pleural_effusion_or_thickening: 0.398, pulmonary_edema__hazy_opacity: 0.417, normal_anatomically: 0.296, elevated_hemidiaphragm: 0.000, hyperaeration: 0.222, vascular_redistribution: 0.000, atelectasis__chx: 0.176, cardiomegaly__chx: 0.157, consolidation__chx: 0.176, edema__chx: 0.139, enlarged_cardiomediastinum__chx: 0.444, fracture__chx: 0.028, lung_lesion__chx: 0.046, lung_opacity__chx: 0.231, no_finding__chx: 0.370, pleural_effusion__chx: 0.167, pleural_other__chx: 0.796, pneumonia__chx: 0.815, pneumothorax__chx: 1.000, support_devices__chx: 0.583
  Checkpoint saved to /project/hnguyen2/mvu9/folder_04_ma/gaze-01/runs/st2/checkpoints_image_bbox_seg_text/20251027-013614_best.pt
Epoch 19 | train loss -1694.4062 | val loss -1.2945 | time 89.94s
  Train summary: macro-acc 0.535 | macro-F1 0.226 | micro-P 0.163 | micro-R 0.716 | micro-F1 0.265 | macro-PR 0.160 | micro-PR 0.148
  Val summary:   macro-acc 0.514 | macro-F1 0.235 | micro-P 0.175 | micro-R 0.916 | micro-F1 0.293 | macro-PR 0.243 | micro-PR 0.138
  Train accuracy per class:
    Normal: 0.409, CHF: 0.342, pneumonia: 0.532, consolidation: 0.472, enlarged_cardiac_silhouette: 0.261, linear__patchy_atelectasis: 0.470, lobar__segmental_collapse: 0.460, not_otherwise_specified_opacity___pleural__parenchymal_opacity__: 0.381, pleural_effusion_or_thickening: 0.487, pulmonary_edema__hazy_opacity: 0.541, normal_anatomically: 0.466, elevated_hemidiaphragm: 0.108, hyperaeration: 0.602, vascular_redistribution: 0.127, atelectasis__chx: 0.387, cardiomegaly__chx: 0.181, consolidation__chx: 0.434, edema__chx: 0.230, enlarged_cardiomediastinum__chx: 0.584, fracture__chx: 0.121, lung_lesion__chx: 0.120, lung_opacity__chx: 0.236, no_finding__chx: 0.479, pleural_effusion__chx: 0.566, pleural_other__chx: 0.642, pneumonia__chx: 0.840, pneumothorax__chx: 0.950, support_devices__chx: 0.425
  Val accuracy per class:
    Normal: 0.287, CHF: 0.426, pneumonia: 0.315, consolidation: 0.435, enlarged_cardiac_silhouette: 0.241, linear__patchy_atelectasis: 0.185, lobar__segmental_collapse: 0.389, not_otherwise_specified_opacity___pleural__parenchymal_opacity__: 0.454, pleural_effusion_or_thickening: 0.287, pulmonary_edema__hazy_opacity: 0.528, normal_anatomically: 0.352, elevated_hemidiaphragm: 0.000, hyperaeration: 0.574, vascular_redistribution: 0.000, atelectasis__chx: 0.120, cardiomegaly__chx: 0.157, consolidation__chx: 0.556, edema__chx: 0.139, enlarged_cardiomediastinum__chx: 0.426, fracture__chx: 0.009, lung_lesion__chx: 0.046, lung_opacity__chx: 0.231, no_finding__chx: 0.389, pleural_effusion__chx: 0.176, pleural_other__chx: 0.500, pneumonia__chx: 0.815, pneumothorax__chx: 1.000, support_devices__chx: 0.583
Epoch 20 | train loss -1906.4635 | val loss 78.2337 | time 88.98s
  Train summary: macro-acc 0.533 | macro-F1 0.232 | micro-P 0.162 | micro-R 0.734 | micro-F1 0.266 | macro-PR 0.161 | micro-PR 0.148
  Val summary:   macro-acc 0.469 | macro-F1 0.233 | micro-P 0.166 | micro-R 0.931 | micro-F1 0.282 | macro-PR 0.225 | micro-PR 0.128
  Train accuracy per class:
    Normal: 0.422, CHF: 0.513, pneumonia: 0.346, consolidation: 0.193, enlarged_cardiac_silhouette: 0.259, linear__patchy_atelectasis: 0.562, lobar__segmental_collapse: 0.086, not_otherwise_specified_opacity___pleural__parenchymal_opacity__: 0.391, pleural_effusion_or_thickening: 0.396, pulmonary_edema__hazy_opacity: 0.598, normal_anatomically: 0.475, elevated_hemidiaphragm: 0.086, hyperaeration: 0.518, vascular_redistribution: 0.112, atelectasis__chx: 0.412, cardiomegaly__chx: 0.173, consolidation__chx: 0.492, edema__chx: 0.222, enlarged_cardiomediastinum__chx: 0.603, fracture__chx: 0.084, lung_lesion__chx: 0.128, lung_opacity__chx: 0.602, no_finding__chx: 0.447, pleural_effusion__chx: 0.509, pleural_other__chx: 0.708, pneumonia__chx: 0.840, pneumothorax__chx: 0.945, support_devices__chx: 0.398
  Val accuracy per class:
    Normal: 0.287, CHF: 0.454, pneumonia: 0.287, consolidation: 0.093, enlarged_cardiac_silhouette: 0.241, linear__patchy_atelectasis: 0.222, lobar__segmental_collapse: 0.009, not_otherwise_specified_opacity___pleural__parenchymal_opacity__: 0.454, pleural_effusion_or_thickening: 0.370, pulmonary_edema__hazy_opacity: 0.435, normal_anatomically: 0.315, elevated_hemidiaphragm: 0.000, hyperaeration: 0.398, vascular_redistribution: 0.000, atelectasis__chx: 0.333, cardiomegaly__chx: 0.157, consolidation__chx: 0.630, edema__chx: 0.139, enlarged_cardiomediastinum__chx: 0.000, fracture__chx: 0.009, lung_lesion__chx: 0.046, lung_opacity__chx: 0.241, no_finding__chx: 0.343, pleural_effusion__chx: 0.185, pleural_other__chx: 0.444, pneumonia__chx: 0.815, pneumothorax__chx: 1.000, support_devices__chx: 0.333
  Checkpoint saved to /project/hnguyen2/mvu9/folder_04_ma/gaze-01/runs/st2/checkpoints_image_bbox_seg_text/20251027-013614_best.pt
Epoch 21 | train loss -2097.6562 | val loss -6.7980 | time 89.02s
  Train summary: macro-acc 0.538 | macro-F1 0.234 | micro-P 0.175 | micro-R 0.776 | micro-F1 0.285 | macro-PR 0.167 | micro-PR 0.153
  Val summary:   macro-acc 0.569 | macro-F1 0.244 | micro-P 0.180 | micro-R 0.927 | micro-F1 0.301 | macro-PR 0.247 | micro-PR 0.133
  Train accuracy per class:
    Normal: 0.467, CHF: 0.334, pneumonia: 0.354, consolidation: 0.570, enlarged_cardiac_silhouette: 0.484, linear__patchy_atelectasis: 0.228, lobar__segmental_collapse: 0.570, not_otherwise_specified_opacity___pleural__parenchymal_opacity__: 0.388, pleural_effusion_or_thickening: 0.515, pulmonary_edema__hazy_opacity: 0.536, normal_anatomically: 0.456, elevated_hemidiaphragm: 0.079, hyperaeration: 0.493, vascular_redistribution: 0.120, atelectasis__chx: 0.199, cardiomegaly__chx: 0.201, consolidation__chx: 0.389, edema__chx: 0.235, enlarged_cardiomediastinum__chx: 0.616, fracture__chx: 0.550, lung_lesion__chx: 0.484, lung_opacity__chx: 0.241, no_finding__chx: 0.491, pleural_effusion__chx: 0.255, pleural_other__chx: 0.715, pneumonia__chx: 0.844, pneumothorax__chx: 0.956, support_devices__chx: 0.435
  Val accuracy per class:
    Normal: 0.324, CHF: 0.426, pneumonia: 0.287, consolidation: 0.704, enlarged_cardiac_silhouette: 0.259, linear__patchy_atelectasis: 0.176, lobar__segmental_collapse: 0.370, not_otherwise_specified_opacity___pleural__parenchymal_opacity__: 0.454, pleural_effusion_or_thickening: 0.269, pulmonary_edema__hazy_opacity: 0.481, normal_anatomically: 0.306, elevated_hemidiaphragm: 0.000, hyperaeration: 0.583, vascular_redistribution: 0.000, atelectasis__chx: 0.102, cardiomegaly__chx: 0.157, consolidation__chx: 0.296, edema__chx: 0.139, enlarged_cardiomediastinum__chx: 0.315, fracture__chx: 0.037, lung_lesion__chx: 0.843, lung_opacity__chx: 0.231, no_finding__chx: 0.333, pleural_effusion__chx: 0.167, pleural_other__chx: 0.889, pneumonia__chx: 0.824, pneumothorax__chx: 1.000, support_devices__chx: 0.111
Epoch 22 | train loss -2339.1707 | val loss 47.9609 | time 88.81s
  Train summary: macro-acc 0.539 | macro-F1 0.232 | micro-P 0.172 | micro-R 0.752 | micro-F1 0.279 | macro-PR 0.161 | micro-PR 0.146
  Val summary:   macro-acc 0.551 | macro-F1 0.240 | micro-P 0.171 | micro-R 0.924 | micro-F1 0.289 | macro-PR 0.232 | micro-PR 0.128
  Train accuracy per class:
    Normal: 0.450, CHF: 0.355, pneumonia: 0.331, consolidation: 0.202, enlarged_cardiac_silhouette: 0.508, linear__patchy_atelectasis: 0.223, lobar__segmental_collapse: 0.574, not_otherwise_specified_opacity___pleural__parenchymal_opacity__: 0.381, pleural_effusion_or_thickening: 0.482, pulmonary_edema__hazy_opacity: 0.613, normal_anatomically: 0.476, elevated_hemidiaphragm: 0.054, hyperaeration: 0.575, vascular_redistribution: 0.125, atelectasis__chx: 0.210, cardiomegaly__chx: 0.364, consolidation__chx: 0.546, edema__chx: 0.243, enlarged_cardiomediastinum__chx: 0.624, fracture__chx: 0.517, lung_lesion__chx: 0.475, lung_opacity__chx: 0.550, no_finding__chx: 0.484, pleural_effusion__chx: 0.243, pleural_other__chx: 0.701, pneumonia__chx: 0.846, pneumothorax__chx: 0.968, support_devices__chx: 0.113
  Val accuracy per class:
    Normal: 0.315, CHF: 0.426, pneumonia: 0.287, consolidation: 0.093, enlarged_cardiac_silhouette: 0.250, linear__patchy_atelectasis: 0.176, lobar__segmental_collapse: 0.083, not_otherwise_specified_opacity___pleural__parenchymal_opacity__: 0.454, pleural_effusion_or_thickening: 0.269, pulmonary_edema__hazy_opacity: 0.556, normal_anatomically: 0.315, elevated_hemidiaphragm: 0.000, hyperaeration: 0.741, vascular_redistribution: 0.000, atelectasis__chx: 0.102, cardiomegaly__chx: 0.167, consolidation__chx: 0.852, edema__chx: 0.139, enlarged_cardiomediastinum__chx: 0.019, fracture__chx: 0.074, lung_lesion__chx: 0.565, lung_opacity__chx: 0.241, no_finding__chx: 0.380, pleural_effusion__chx: 0.167, pleural_other__chx: 0.509, pneumonia__chx: 0.815, pneumothorax__chx: 1.000, support_devices__chx: 0.037
Epoch 23 | train loss -2555.2928 | val loss 0.5269 | time 89.54s
  Train summary: macro-acc 0.544 | macro-F1 0.236 | micro-P 0.177 | micro-R 0.787 | micro-F1 0.289 | macro-PR 0.165 | micro-PR 0.153
  Val summary:   macro-acc 0.552 | macro-F1 0.237 | micro-P 0.179 | micro-R 0.929 | micro-F1 0.300 | macro-PR 0.224 | micro-PR 0.135
  Train accuracy per class:
    Normal: 0.459, CHF: 0.375, pneumonia: 0.334, consolidation: 0.526, enlarged_cardiac_silhouette: 0.239, linear__patchy_atelectasis: 0.240, lobar__segmental_collapse: 0.526, not_otherwise_specified_opacity___pleural__parenchymal_opacity__: 0.384, pleural_effusion_or_thickening: 0.466, pulmonary_edema__hazy_opacity: 0.468, normal_anatomically: 0.463, elevated_hemidiaphragm: 0.079, hyperaeration: 0.563, vascular_redistribution: 0.137, atelectasis__chx: 0.234, cardiomegaly__chx: 0.198, consolidation__chx: 0.559, edema__chx: 0.227, enlarged_cardiomediastinum__chx: 0.670, fracture__chx: 0.463, lung_lesion__chx: 0.497, lung_opacity__chx: 0.499, no_finding__chx: 0.472, pleural_effusion__chx: 0.244, pleural_other__chx: 0.707, pneumonia__chx: 0.844, pneumothorax__chx: 0.970, support_devices__chx: 0.404
  Val accuracy per class:
    Normal: 0.296, CHF: 0.426, pneumonia: 0.287, consolidation: 0.343, enlarged_cardiac_silhouette: 0.241, linear__patchy_atelectasis: 0.176, lobar__segmental_collapse: 0.639, not_otherwise_specified_opacity___pleural__parenchymal_opacity__: 0.454, pleural_effusion_or_thickening: 0.231, pulmonary_edema__hazy_opacity: 0.389, normal_anatomically: 0.315, elevated_hemidiaphragm: 0.000, hyperaeration: 0.269, vascular_redistribution: 0.000, atelectasis__chx: 0.102, cardiomegaly__chx: 0.157, consolidation__chx: 0.722, edema__chx: 0.139, enlarged_cardiomediastinum__chx: 0.380, fracture__chx: 0.083, lung_lesion__chx: 0.204, lung_opacity__chx: 0.407, no_finding__chx: 0.343, pleural_effusion__chx: 0.167, pleural_other__chx: 0.787, pneumonia__chx: 0.815, pneumothorax__chx: 1.000, support_devices__chx: 0.565
  Checkpoint saved to /project/hnguyen2/mvu9/folder_04_ma/gaze-01/runs/st2/checkpoints_image_bbox_seg_text/20251027-013614_best.pt
Epoch 24 | train loss -2806.8463 | val loss -33.8563 | time 90.97s
  Train summary: macro-acc 0.553 | macro-F1 0.239 | micro-P 0.178 | micro-R 0.796 | micro-F1 0.291 | macro-PR 0.170 | micro-PR 0.156
  Val summary:   macro-acc 0.600 | macro-F1 0.240 | micro-P 0.175 | micro-R 0.911 | micro-F1 0.294 | macro-PR 0.226 | micro-PR 0.134
  Train accuracy per class:
    Normal: 0.459, CHF: 0.369, pneumonia: 0.350, consolidation: 0.507, enlarged_cardiac_silhouette: 0.249, linear__patchy_atelectasis: 0.232, lobar__segmental_collapse: 0.404, not_otherwise_specified_opacity___pleural__parenchymal_opacity__: 0.388, pleural_effusion_or_thickening: 0.515, pulmonary_edema__hazy_opacity: 0.561, normal_anatomically: 0.443, elevated_hemidiaphragm: 0.094, hyperaeration: 0.606, vascular_redistribution: 0.156, atelectasis__chx: 0.228, cardiomegaly__chx: 0.212, consolidation__chx: 0.563, edema__chx: 0.211, enlarged_cardiomediastinum__chx: 0.681, fracture__chx: 0.412, lung_lesion__chx: 0.485, lung_opacity__chx: 0.458, no_finding__chx: 0.458, pleural_effusion__chx: 0.228, pleural_other__chx: 0.689, pneumonia__chx: 0.856, pneumothorax__chx: 0.967, support_devices__chx: 0.441
  Val accuracy per class:
    Normal: 0.296, CHF: 0.426, pneumonia: 0.287, consolidation: 0.343, enlarged_cardiac_silhouette: 0.241, linear__patchy_atelectasis: 0.176, lobar__segmental_collapse: 0.083, not_otherwise_specified_opacity___pleural__parenchymal_opacity__: 0.454, pleural_effusion_or_thickening: 0.259, pulmonary_edema__hazy_opacity: 0.556, normal_anatomically: 0.296, elevated_hemidiaphragm: 0.000, hyperaeration: 0.417, vascular_redistribution: 0.000, atelectasis__chx: 0.102, cardiomegaly__chx: 0.157, consolidation__chx: 0.926, edema__chx: 0.139, enlarged_cardiomediastinum__chx: 0.546, fracture__chx: 0.222, lung_lesion__chx: 0.056, lung_opacity__chx: 0.509, no_finding__chx: 0.352, pleural_effusion__chx: 0.167, pleural_other__chx: 0.843, pneumonia__chx: 0.824, pneumothorax__chx: 1.000, support_devices__chx: 0.065
  Checkpoint saved to /project/hnguyen2/mvu9/folder_04_ma/gaze-01/runs/st2/checkpoints_image_bbox_seg_text/20251027-013614_best.pt
Epoch 25 | train loss -3062.5410 | val loss -57.0629 | time 91.97s
  Train summary: macro-acc 0.557 | macro-F1 0.225 | micro-P 0.160 | micro-R 0.734 | micro-F1 0.263 | macro-PR 0.162 | micro-PR 0.158
  Val summary:   macro-acc 0.618 | macro-F1 0.247 | micro-P 0.176 | micro-R 0.960 | micro-F1 0.298 | macro-PR 0.253 | micro-PR 0.161
  Train accuracy per class:
    Normal: 0.474, CHF: 0.371, pneumonia: 0.351, consolidation: 0.334, enlarged_cardiac_silhouette: 0.282, linear__patchy_atelectasis: 0.472, lobar__segmental_collapse: 0.381, not_otherwise_specified_opacity___pleural__parenchymal_opacity__: 0.387, pleural_effusion_or_thickening: 0.454, pulmonary_edema__hazy_opacity: 0.495, normal_anatomically: 0.489, elevated_hemidiaphragm: 0.084, hyperaeration: 0.466, vascular_redistribution: 0.162, atelectasis__chx: 0.228, cardiomegaly__chx: 0.218, consolidation__chx: 0.472, edema__chx: 0.220, enlarged_cardiomediastinum__chx: 0.673, fracture__chx: 0.062, lung_lesion__chx: 0.392, lung_opacity__chx: 0.328, no_finding__chx: 0.470, pleural_effusion__chx: 0.241, pleural_other__chx: 0.459, pneumonia__chx: 0.876, pneumothorax__chx: 0.974, support_devices__chx: 0.435
  Val accuracy per class:
    Normal: 0.315, CHF: 0.426, pneumonia: 0.287, consolidation: 0.102, enlarged_cardiac_silhouette: 0.241, linear__patchy_atelectasis: 0.222, lobar__segmental_collapse: 0.204, not_otherwise_specified_opacity___pleural__parenchymal_opacity__: 0.454, pleural_effusion_or_thickening: 0.250, pulmonary_edema__hazy_opacity: 0.556, normal_anatomically: 0.324, elevated_hemidiaphragm: 0.000, hyperaeration: 0.167, vascular_redistribution: 0.000, atelectasis__chx: 0.102, cardiomegaly__chx: 0.157, consolidation__chx: 0.880, edema__chx: 0.139, enlarged_cardiomediastinum__chx: 0.972, fracture__chx: 0.009, lung_lesion__chx: 0.111, lung_opacity__chx: 0.241, no_finding__chx: 0.370, pleural_effusion__chx: 0.167, pleural_other__chx: 0.546, pneumonia__chx: 0.583, pneumothorax__chx: 1.000, support_devices__chx: 0.315
Epoch 26 | train loss -3310.0864 | val loss 39.7366 | time 87.70s
  Train summary: macro-acc 0.556 | macro-F1 0.235 | micro-P 0.178 | micro-R 0.779 | micro-F1 0.290 | macro-PR 0.160 | micro-PR 0.152
  Val summary:   macro-acc 0.524 | macro-F1 0.241 | micro-P 0.179 | micro-R 0.902 | micro-F1 0.299 | macro-PR 0.228 | micro-PR 0.146
  Train accuracy per class:
    Normal: 0.447, CHF: 0.369, pneumonia: 0.338, consolidation: 0.504, enlarged_cardiac_silhouette: 0.274, linear__patchy_atelectasis: 0.591, lobar__segmental_collapse: 0.534, not_otherwise_specified_opacity___pleural__parenchymal_opacity__: 0.492, pleural_effusion_or_thickening: 0.260, pulmonary_edema__hazy_opacity: 0.557, normal_anatomically: 0.443, elevated_hemidiaphragm: 0.098, hyperaeration: 0.612, vascular_redistribution: 0.160, atelectasis__chx: 0.400, cardiomegaly__chx: 0.218, consolidation__chx: 0.722, edema__chx: 0.215, enlarged_cardiomediastinum__chx: 0.703, fracture__chx: 0.078, lung_lesion__chx: 0.500, lung_opacity__chx: 0.255, no_finding__chx: 0.446, pleural_effusion__chx: 0.220, pleural_other__chx: 0.807, pneumonia__chx: 0.855, pneumothorax__chx: 0.972, support_devices__chx: 0.423
  Val accuracy per class:
    Normal: 0.315, CHF: 0.426, pneumonia: 0.287, consolidation: 0.306, enlarged_cardiac_silhouette: 0.241, linear__patchy_atelectasis: 0.722, lobar__segmental_collapse: 0.296, not_otherwise_specified_opacity___pleural__parenchymal_opacity__: 0.528, pleural_effusion_or_thickening: 0.204, pulmonary_edema__hazy_opacity: 0.463, normal_anatomically: 0.324, elevated_hemidiaphragm: 0.000, hyperaeration: 0.361, vascular_redistribution: 0.000, atelectasis__chx: 0.111, cardiomegaly__chx: 0.157, consolidation__chx: 0.880, edema__chx: 0.139, enlarged_cardiomediastinum__chx: 0.306, fracture__chx: 0.009, lung_lesion__chx: 0.157, lung_opacity__chx: 0.231, no_finding__chx: 0.352, pleural_effusion__chx: 0.167, pleural_other__chx: 0.870, pneumonia__chx: 0.815, pneumothorax__chx: 1.000, support_devices__chx: 0.722
Epoch 27 | train loss -3560.2217 | val loss 11.1727 | time 89.99s
  Train summary: macro-acc 0.558 | macro-F1 0.239 | micro-P 0.184 | micro-R 0.795 | micro-F1 0.298 | macro-PR 0.163 | micro-PR 0.156
  Val summary:   macro-acc 0.528 | macro-F1 0.238 | micro-P 0.183 | micro-R 0.938 | micro-F1 0.306 | macro-PR 0.227 | micro-PR 0.137
  Train accuracy per class:
    Normal: 0.435, CHF: 0.355, pneumonia: 0.351, consolidation: 0.509, enlarged_cardiac_silhouette: 0.265, linear__patchy_atelectasis: 0.455, lobar__segmental_collapse: 0.620, not_otherwise_specified_opacity___pleural__parenchymal_opacity__: 0.400, pleural_effusion_or_thickening: 0.479, pulmonary_edema__hazy_opacity: 0.604, normal_anatomically: 0.471, elevated_hemidiaphragm: 0.096, hyperaeration: 0.574, vascular_redistribution: 0.215, atelectasis__chx: 0.227, cardiomegaly__chx: 0.230, consolidation__chx: 0.571, edema__chx: 0.212, enlarged_cardiomediastinum__chx: 0.674, fracture__chx: 0.600, lung_lesion__chx: 0.479, lung_opacity__chx: 0.247, no_finding__chx: 0.459, pleural_effusion__chx: 0.253, pleural_other__chx: 0.740, pneumonia__chx: 0.864, pneumothorax__chx: 0.975, support_devices__chx: 0.442
  Val accuracy per class:
    Normal: 0.315, CHF: 0.426, pneumonia: 0.287, consolidation: 0.130, enlarged_cardiac_silhouette: 0.241, linear__patchy_atelectasis: 0.185, lobar__segmental_collapse: 0.722, not_otherwise_specified_opacity___pleural__parenchymal_opacity__: 0.454, pleural_effusion_or_thickening: 0.269, pulmonary_edema__hazy_opacity: 0.481, normal_anatomically: 0.315, elevated_hemidiaphragm: 0.000, hyperaeration: 0.417, vascular_redistribution: 0.000, atelectasis__chx: 0.102, cardiomegaly__chx: 0.157, consolidation__chx: 0.694, edema__chx: 0.139, enlarged_cardiomediastinum__chx: 0.361, fracture__chx: 0.287, lung_lesion__chx: 0.102, lung_opacity__chx: 0.231, no_finding__chx: 0.343, pleural_effusion__chx: 0.167, pleural_other__chx: 0.824, pneumonia__chx: 0.815, pneumothorax__chx: 1.000, support_devices__chx: 0.815
Epoch 28 | train loss -3835.3337 | val loss -44.7989 | time 93.07s
  Train summary: macro-acc 0.560 | macro-F1 0.234 | micro-P 0.178 | micro-R 0.771 | micro-F1 0.289 | macro-PR 0.183 | micro-PR 0.159
  Val summary:   macro-acc 0.611 | macro-F1 0.235 | micro-P 0.181 | micro-R 0.920 | micro-F1 0.303 | macro-PR 0.230 | micro-PR 0.131
  Train accuracy per class:
    Normal: 0.478, CHF: 0.358, pneumonia: 0.340, consolidation: 0.503, enlarged_cardiac_silhouette: 0.274, linear__patchy_atelectasis: 0.223, lobar__segmental_collapse: 0.512, not_otherwise_specified_opacity___pleural__parenchymal_opacity__: 0.377, pleural_effusion_or_thickening: 0.458, pulmonary_edema__hazy_opacity: 0.537, normal_anatomically: 0.462, elevated_hemidiaphragm: 0.096, hyperaeration: 0.496, vascular_redistribution: 0.211, atelectasis__chx: 0.191, cardiomegaly__chx: 0.227, consolidation__chx: 0.462, edema__chx: 0.206, enlarged_cardiomediastinum__chx: 0.710, fracture__chx: 0.567, lung_lesion__chx: 0.409, lung_opacity__chx: 0.499, no_finding__chx: 0.483, pleural_effusion__chx: 0.501, pleural_other__chx: 0.773, pneumonia__chx: 0.831, pneumothorax__chx: 0.978, support_devices__chx: 0.438
  Val accuracy per class:
    Normal: 0.324, CHF: 0.426, pneumonia: 0.287, consolidation: 0.157, enlarged_cardiac_silhouette: 0.241, linear__patchy_atelectasis: 0.176, lobar__segmental_collapse: 0.602, not_otherwise_specified_opacity___pleural__parenchymal_opacity__: 0.454, pleural_effusion_or_thickening: 0.519, pulmonary_edema__hazy_opacity: 0.583, normal_anatomically: 0.315, elevated_hemidiaphragm: 0.000, hyperaeration: 0.130, vascular_redistribution: 0.000, atelectasis__chx: 0.102, cardiomegaly__chx: 0.157, consolidation__chx: 0.778, edema__chx: 0.139, enlarged_cardiomediastinum__chx: 0.574, fracture__chx: 0.204, lung_lesion__chx: 0.065, lung_opacity__chx: 0.241, no_finding__chx: 0.343, pleural_effusion__chx: 0.176, pleural_other__chx: 0.963, pneumonia__chx: 0.815, pneumothorax__chx: 1.000, support_devices__chx: 0.565
Epoch 29 | train loss -4121.5232 | val loss -24.9016 | time 95.63s
  Train summary: macro-acc 0.560 | macro-F1 0.230 | micro-P 0.165 | micro-R 0.743 | micro-F1 0.270 | macro-PR 0.168 | micro-PR 0.159
  Val summary:   macro-acc 0.615 | macro-F1 0.246 | micro-P 0.181 | micro-R 0.931 | micro-F1 0.304 | macro-PR 0.235 | micro-PR 0.153
  Train accuracy per class:
    Normal: 0.493, CHF: 0.351, pneumonia: 0.438, consolidation: 0.248, enlarged_cardiac_silhouette: 0.557, linear__patchy_atelectasis: 0.252, lobar__segmental_collapse: 0.384, not_otherwise_specified_opacity___pleural__parenchymal_opacity__: 0.387, pleural_effusion_or_thickening: 0.285, pulmonary_edema__hazy_opacity: 0.499, normal_anatomically: 0.449, elevated_hemidiaphragm: 0.113, hyperaeration: 0.273, vascular_redistribution: 0.212, atelectasis__chx: 0.232, cardiomegaly__chx: 0.220, consolidation__chx: 0.488, edema__chx: 0.206, enlarged_cardiomediastinum__chx: 0.695, fracture__chx: 0.420, lung_lesion__chx: 0.361, lung_opacity__chx: 0.230, no_finding__chx: 0.485, pleural_effusion__chx: 0.234, pleural_other__chx: 0.588, pneumonia__chx: 0.868, pneumothorax__chx: 0.989, support_devices__chx: 0.702
  Val accuracy per class:
    Normal: 0.306, CHF: 0.426, pneumonia: 0.370, consolidation: 0.167, enlarged_cardiac_silhouette: 0.704, linear__patchy_atelectasis: 0.176, lobar__segmental_collapse: 0.287, not_otherwise_specified_opacity___pleural__parenchymal_opacity__: 0.454, pleural_effusion_or_thickening: 0.204, pulmonary_edema__hazy_opacity: 0.472, normal_anatomically: 0.306, elevated_hemidiaphragm: 0.000, hyperaeration: 0.167, vascular_redistribution: 0.000, atelectasis__chx: 0.102, cardiomegaly__chx: 0.157, consolidation__chx: 0.731, edema__chx: 0.139, enlarged_cardiomediastinum__chx: 1.000, fracture__chx: 0.028, lung_lesion__chx: 0.065, lung_opacity__chx: 0.231, no_finding__chx: 0.343, pleural_effusion__chx: 0.167, pleural_other__chx: 0.935, pneumonia__chx: 0.500, pneumothorax__chx: 1.000, support_devices__chx: 0.759
Epoch 30 | train loss -4444.3852 | val loss 34.2255 | time 89.70s
  Train summary: macro-acc 0.564 | macro-F1 0.238 | micro-P 0.183 | micro-R 0.792 | micro-F1 0.298 | macro-PR 0.167 | micro-PR 0.162
  Val summary:   macro-acc 0.614 | macro-F1 0.242 | micro-P 0.185 | micro-R 0.929 | micro-F1 0.308 | macro-PR 0.229 | micro-PR 0.171
  Train accuracy per class:
    Normal: 0.464, CHF: 0.360, pneumonia: 0.354, consolidation: 0.558, enlarged_cardiac_silhouette: 0.268, linear__patchy_atelectasis: 0.234, lobar__segmental_collapse: 0.520, not_otherwise_specified_opacity___pleural__parenchymal_opacity__: 0.391, pleural_effusion_or_thickening: 0.429, pulmonary_edema__hazy_opacity: 0.540, normal_anatomically: 0.468, elevated_hemidiaphragm: 0.124, hyperaeration: 0.653, vascular_redistribution: 0.235, atelectasis__chx: 0.270, cardiomegaly__chx: 0.223, consolidation__chx: 0.658, edema__chx: 0.210, enlarged_cardiomediastinum__chx: 0.689, fracture__chx: 0.520, lung_lesion__chx: 0.496, lung_opacity__chx: 0.479, no_finding__chx: 0.462, pleural_effusion__chx: 0.232, pleural_other__chx: 0.736, pneumonia__chx: 0.840, pneumothorax__chx: 0.985, support_devices__chx: 0.409
  Val accuracy per class:
    Normal: 0.343, CHF: 0.426, pneumonia: 0.287, consolidation: 0.296, enlarged_cardiac_silhouette: 0.241, linear__patchy_atelectasis: 0.176, lobar__segmental_collapse: 0.509, not_otherwise_specified_opacity___pleural__parenchymal_opacity__: 0.454, pleural_effusion_or_thickening: 0.269, pulmonary_edema__hazy_opacity: 0.352, normal_anatomically: 0.324, elevated_hemidiaphragm: 0.000, hyperaeration: 0.565, vascular_redistribution: 0.000, atelectasis__chx: 0.102, cardiomegaly__chx: 0.157, consolidation__chx: 0.889, edema__chx: 0.139, enlarged_cardiomediastinum__chx: 0.306, fracture__chx: 0.519, lung_lesion__chx: 0.065, lung_opacity__chx: 0.287, no_finding__chx: 0.343, pleural_effusion__chx: 0.167, pleural_other__chx: 0.815, pneumonia__chx: 0.824, pneumothorax__chx: 1.000, support_devices__chx: 0.778
Epoch 31 | train loss -4748.7663 | val loss -29.8119 | time 92.91s
  Train summary: macro-acc 0.560 | macro-F1 0.228 | micro-P 0.166 | micro-R 0.726 | micro-F1 0.271 | macro-PR 0.165 | micro-PR 0.155
  Val summary:   macro-acc 0.652 | macro-F1 0.234 | micro-P 0.177 | micro-R 0.907 | micro-F1 0.296 | macro-PR 0.229 | micro-PR 0.149
  Train accuracy per class:
    Normal: 0.422, CHF: 0.450, pneumonia: 0.483, consolidation: 0.475, enlarged_cardiac_silhouette: 0.272, linear__patchy_atelectasis: 0.270, lobar__segmental_collapse: 0.464, not_otherwise_specified_opacity___pleural__parenchymal_opacity__: 0.392, pleural_effusion_or_thickening: 0.456, pulmonary_edema__hazy_opacity: 0.497, normal_anatomically: 0.495, elevated_hemidiaphragm: 0.173, hyperaeration: 0.563, vascular_redistribution: 0.278, atelectasis__chx: 0.326, cardiomegaly__chx: 0.222, consolidation__chx: 0.555, edema__chx: 0.251, enlarged_cardiomediastinum__chx: 0.608, fracture__chx: 0.115, lung_lesion__chx: 0.495, lung_opacity__chx: 0.249, no_finding__chx: 0.484, pleural_effusion__chx: 0.245, pleural_other__chx: 0.621, pneumonia__chx: 0.825, pneumothorax__chx: 0.985, support_devices__chx: 0.439
  Val accuracy per class:
    Normal: 0.287, CHF: 0.435, pneumonia: 0.417, consolidation: 0.157, enlarged_cardiac_silhouette: 0.241, linear__patchy_atelectasis: 0.176, lobar__segmental_collapse: 0.056, not_otherwise_specified_opacity___pleural__parenchymal_opacity__: 0.454, pleural_effusion_or_thickening: 0.611, pulmonary_edema__hazy_opacity: 0.352, normal_anatomically: 0.315, elevated_hemidiaphragm: 0.000, hyperaeration: 0.176, vascular_redistribution: 0.000, atelectasis__chx: 0.102, cardiomegaly__chx: 0.157, consolidation__chx: 0.898, edema__chx: 0.139, enlarged_cardiomediastinum__chx: 0.815, fracture__chx: 0.009, lung_lesion__chx: 0.315, lung_opacity__chx: 0.231, no_finding__chx: 0.361, pleural_effusion__chx: 0.167, pleural_other__chx: 0.889, pneumonia__chx: 0.815, pneumothorax__chx: 1.000, support_devices__chx: 0.472
Epoch 32 | train loss -4805.7974 | val loss -26.7411 | time 97.21s
  Train summary: macro-acc 0.552 | macro-F1 0.230 | micro-P 0.172 | micro-R 0.756 | micro-F1 0.280 | macro-PR 0.156 | micro-PR 0.145
  Val summary:   macro-acc 0.621 | macro-F1 0.238 | micro-P 0.176 | micro-R 0.944 | micro-F1 0.297 | macro-PR 0.223 | micro-PR 0.167
  Train accuracy per class:
    Normal: 0.416, CHF: 0.346, pneumonia: 0.392, consolidation: 0.251, enlarged_cardiac_silhouette: 0.274, linear__patchy_atelectasis: 0.293, lobar__segmental_collapse: 0.467, not_otherwise_specified_opacity___pleural__parenchymal_opacity__: 0.400, pleural_effusion_or_thickening: 0.414, pulmonary_edema__hazy_opacity: 0.553, normal_anatomically: 0.474, elevated_hemidiaphragm: 0.234, hyperaeration: 0.609, vascular_redistribution: 0.276, atelectasis__chx: 0.310, cardiomegaly__chx: 0.327, consolidation__chx: 0.555, edema__chx: 0.249, enlarged_cardiomediastinum__chx: 0.553, fracture__chx: 0.474, lung_lesion__chx: 0.434, lung_opacity__chx: 0.314, no_finding__chx: 0.484, pleural_effusion__chx: 0.284, pleural_other__chx: 0.639, pneumonia__chx: 0.865, pneumothorax__chx: 0.980, support_devices__chx: 0.330
  Val accuracy per class:
    Normal: 0.287, CHF: 0.426, pneumonia: 0.287, consolidation: 0.093, enlarged_cardiac_silhouette: 0.241, linear__patchy_atelectasis: 0.176, lobar__segmental_collapse: 0.426, not_otherwise_specified_opacity___pleural__parenchymal_opacity__: 0.454, pleural_effusion_or_thickening: 0.213, pulmonary_edema__hazy_opacity: 0.519, normal_anatomically: 0.315, elevated_hemidiaphragm: 0.000, hyperaeration: 0.352, vascular_redistribution: 0.000, atelectasis__chx: 0.102, cardiomegaly__chx: 0.167, consolidation__chx: 0.787, edema__chx: 0.139, enlarged_cardiomediastinum__chx: 0.509, fracture__chx: 0.333, lung_lesion__chx: 0.074, lung_opacity__chx: 0.231, no_finding__chx: 0.324, pleural_effusion__chx: 0.167, pleural_other__chx: 0.861, pneumonia__chx: 0.824, pneumothorax__chx: 1.000, support_devices__chx: 0.083
Epoch 33 | train loss -4900.7880 | val loss 388.2717 | time 100.80s
  Train summary: macro-acc 0.550 | macro-F1 0.215 | micro-P 0.157 | micro-R 0.630 | micro-F1 0.252 | macro-PR 0.160 | micro-PR 0.151
  Val summary:   macro-acc 0.443 | macro-F1 0.229 | micro-P 0.178 | micro-R 0.887 | micro-F1 0.297 | macro-PR 0.243 | micro-PR 0.125
  Train accuracy per class:
    Normal: 0.435, CHF: 0.363, pneumonia: 0.558, consolidation: 0.358, enlarged_cardiac_silhouette: 0.319, linear__patchy_atelectasis: 0.297, lobar__segmental_collapse: 0.653, not_otherwise_specified_opacity___pleural__parenchymal_opacity__: 0.520, pleural_effusion_or_thickening: 0.557, pulmonary_edema__hazy_opacity: 0.644, normal_anatomically: 0.443, elevated_hemidiaphragm: 0.230, hyperaeration: 0.149, vascular_redistribution: 0.255, atelectasis__chx: 0.335, cardiomegaly__chx: 0.228, consolidation__chx: 0.749, edema__chx: 0.636, enlarged_cardiomediastinum__chx: 0.547, fracture__chx: 0.127, lung_lesion__chx: 0.384, lung_opacity__chx: 0.268, no_finding__chx: 0.421, pleural_effusion__chx: 0.569, pleural_other__chx: 0.636, pneumonia__chx: 0.801, pneumothorax__chx: 0.988, support_devices__chx: 0.311
  Val accuracy per class:
    Normal: 0.306, CHF: 0.426, pneumonia: 0.426, consolidation: 0.574, enlarged_cardiac_silhouette: 0.241, linear__patchy_atelectasis: 0.176, lobar__segmental_collapse: 0.481, not_otherwise_specified_opacity___pleural__parenchymal_opacity__: 0.463, pleural_effusion_or_thickening: 0.343, pulmonary_edema__hazy_opacity: 0.648, normal_anatomically: 0.306, elevated_hemidiaphragm: 0.000, hyperaeration: 0.102, vascular_redistribution: 0.009, atelectasis__chx: 0.435, cardiomegaly__chx: 0.157, consolidation__chx: 0.731, edema__chx: 0.194, enlarged_cardiomediastinum__chx: 0.000, fracture__chx: 0.009, lung_lesion__chx: 0.056, lung_opacity__chx: 0.231, no_finding__chx: 0.343, pleural_effusion__chx: 0.176, pleural_other__chx: 0.889, pneumonia__chx: 0.815, pneumothorax__chx: 1.000, support_devices__chx: 0.963
Epoch 34 | train loss -5140.3761 | val loss 15.5022 | time 99.68s
  Train summary: macro-acc 0.543 | macro-F1 0.224 | micro-P 0.162 | micro-R 0.719 | micro-F1 0.264 | macro-PR 0.149 | micro-PR 0.148
  Val summary:   macro-acc 0.629 | macro-F1 0.240 | micro-P 0.172 | micro-R 0.907 | micro-F1 0.290 | macro-PR 0.245 | micro-PR 0.156
  Train accuracy per class:
    Normal: 0.475, CHF: 0.359, pneumonia: 0.401, consolidation: 0.525, enlarged_cardiac_silhouette: 0.293, linear__patchy_atelectasis: 0.263, lobar__segmental_collapse: 0.173, not_otherwise_specified_opacity___pleural__parenchymal_opacity__: 0.421, pleural_effusion_or_thickening: 0.451, pulmonary_edema__hazy_opacity: 0.496, normal_anatomically: 0.463, elevated_hemidiaphragm: 0.139, hyperaeration: 0.538, vascular_redistribution: 0.231, atelectasis__chx: 0.317, cardiomegaly__chx: 0.245, consolidation__chx: 0.152, edema__chx: 0.459, enlarged_cardiomediastinum__chx: 0.599, fracture__chx: 0.602, lung_lesion__chx: 0.416, lung_opacity__chx: 0.277, no_finding__chx: 0.485, pleural_effusion__chx: 0.245, pleural_other__chx: 0.542, pneumonia__chx: 0.785, pneumothorax__chx: 0.989, support_devices__chx: 0.401
  Val accuracy per class:
    Normal: 0.463, CHF: 0.426, pneumonia: 0.287, consolidation: 0.176, enlarged_cardiac_silhouette: 0.241, linear__patchy_atelectasis: 0.176, lobar__segmental_collapse: 0.009, not_otherwise_specified_opacity___pleural__parenchymal_opacity__: 0.454, pleural_effusion_or_thickening: 0.269, pulmonary_edema__hazy_opacity: 0.648, normal_anatomically: 0.407, elevated_hemidiaphragm: 0.000, hyperaeration: 0.120, vascular_redistribution: 0.000, atelectasis__chx: 0.102, cardiomegaly__chx: 0.157, consolidation__chx: 0.028, edema__chx: 0.648, enlarged_cardiomediastinum__chx: 0.722, fracture__chx: 0.852, lung_lesion__chx: 0.111, lung_opacity__chx: 0.231, no_finding__chx: 0.352, pleural_effusion__chx: 0.167, pleural_other__chx: 0.148, pneumonia__chx: 0.815, pneumothorax__chx: 1.000, support_devices__chx: 0.472
Epoch 35 | train loss -5445.8152 | val loss 123.3214 | time 96.08s
  Train summary: macro-acc 0.554 | macro-F1 0.224 | micro-P 0.163 | micro-R 0.710 | micro-F1 0.266 | macro-PR 0.158 | micro-PR 0.150
  Val summary:   macro-acc 0.640 | macro-F1 0.235 | micro-P 0.174 | micro-R 0.904 | micro-F1 0.292 | macro-PR 0.230 | micro-PR 0.145
  Train accuracy per class:
    Normal: 0.404, CHF: 0.579, pneumonia: 0.449, consolidation: 0.277, enlarged_cardiac_silhouette: 0.306, linear__patchy_atelectasis: 0.284, lobar__segmental_collapse: 0.172, not_otherwise_specified_opacity___pleural__parenchymal_opacity__: 0.423, pleural_effusion_or_thickening: 0.405, pulmonary_edema__hazy_opacity: 0.507, normal_anatomically: 0.459, elevated_hemidiaphragm: 0.157, hyperaeration: 0.650, vascular_redistribution: 0.274, atelectasis__chx: 0.294, cardiomegaly__chx: 0.252, consolidation__chx: 0.550, edema__chx: 0.224, enlarged_cardiomediastinum__chx: 0.580, fracture__chx: 0.652, lung_lesion__chx: 0.344, lung_opacity__chx: 0.294, no_finding__chx: 0.491, pleural_effusion__chx: 0.266, pleural_other__chx: 0.660, pneumonia__chx: 0.810, pneumothorax__chx: 0.979, support_devices__chx: 0.310
  Val accuracy per class:
    Normal: 0.287, CHF: 0.537, pneumonia: 0.296, consolidation: 0.093, enlarged_cardiac_silhouette: 0.241, linear__patchy_atelectasis: 0.176, lobar__segmental_collapse: 0.009, not_otherwise_specified_opacity___pleural__parenchymal_opacity__: 0.454, pleural_effusion_or_thickening: 0.361, pulmonary_edema__hazy_opacity: 0.407, normal_anatomically: 0.315, elevated_hemidiaphragm: 0.000, hyperaeration: 0.491, vascular_redistribution: 0.000, atelectasis__chx: 0.102, cardiomegaly__chx: 0.157, consolidation__chx: 0.713, edema__chx: 0.139, enlarged_cardiomediastinum__chx: 0.093, fracture__chx: 0.889, lung_lesion__chx: 0.352, lung_opacity__chx: 0.231, no_finding__chx: 0.370, pleural_effusion__chx: 0.167, pleural_other__chx: 0.685, pneumonia__chx: 0.815, pneumothorax__chx: 1.000, support_devices__chx: 0.380
Epoch 36 | train loss -5673.7970 | val loss 185.2515 | time 93.24s
  Train summary: macro-acc 0.558 | macro-F1 0.228 | micro-P 0.172 | micro-R 0.695 | micro-F1 0.276 | macro-PR 0.160 | micro-PR 0.149
  Val summary:   macro-acc 0.506 | macro-F1 0.242 | micro-P 0.180 | micro-R 0.920 | micro-F1 0.301 | macro-PR 0.240 | micro-PR 0.125
  Train accuracy per class:
    Normal: 0.467, CHF: 0.385, pneumonia: 0.412, consolidation: 0.612, enlarged_cardiac_silhouette: 0.314, linear__patchy_atelectasis: 0.276, lobar__segmental_collapse: 0.190, not_otherwise_specified_opacity___pleural__parenchymal_opacity__: 0.414, pleural_effusion_or_thickening: 0.420, pulmonary_edema__hazy_opacity: 0.608, normal_anatomically: 0.470, elevated_hemidiaphragm: 0.193, hyperaeration: 0.636, vascular_redistribution: 0.243, atelectasis__chx: 0.330, cardiomegaly__chx: 0.280, consolidation__chx: 0.722, edema__chx: 0.594, enlarged_cardiomediastinum__chx: 0.571, fracture__chx: 0.642, lung_lesion__chx: 0.322, lung_opacity__chx: 0.617, no_finding__chx: 0.464, pleural_effusion__chx: 0.294, pleural_other__chx: 0.656, pneumonia__chx: 0.799, pneumothorax__chx: 0.985, support_devices__chx: 0.280
  Val accuracy per class:
    Normal: 0.296, CHF: 0.426, pneumonia: 0.287, consolidation: 0.120, enlarged_cardiac_silhouette: 0.241, linear__patchy_atelectasis: 0.176, lobar__segmental_collapse: 0.009, not_otherwise_specified_opacity___pleural__parenchymal_opacity__: 0.454, pleural_effusion_or_thickening: 0.213, pulmonary_edema__hazy_opacity: 0.574, normal_anatomically: 0.315, elevated_hemidiaphragm: 0.000, hyperaeration: 0.306, vascular_redistribution: 0.000, atelectasis__chx: 0.102, cardiomegaly__chx: 0.157, consolidation__chx: 0.907, edema__chx: 0.639, enlarged_cardiomediastinum__chx: 0.000, fracture__chx: 0.417, lung_lesion__chx: 0.519, lung_opacity__chx: 0.361, no_finding__chx: 0.352, pleural_effusion__chx: 0.167, pleural_other__chx: 0.861, pneumonia__chx: 0.815, pneumothorax__chx: 1.000, support_devices__chx: 0.472
Epoch 37 | train loss -5754.0674 | val loss 153.3064 | time 89.18s
  Train summary: macro-acc 0.555 | macro-F1 0.225 | micro-P 0.176 | micro-R 0.750 | micro-F1 0.285 | macro-PR 0.156 | micro-PR 0.146
  Val summary:   macro-acc 0.629 | macro-F1 0.243 | micro-P 0.185 | micro-R 0.911 | micro-F1 0.308 | macro-PR 0.225 | micro-PR 0.135
  Train accuracy per class:
    Normal: 0.414, CHF: 0.388, pneumonia: 0.429, consolidation: 0.462, enlarged_cardiac_silhouette: 0.307, linear__patchy_atelectasis: 0.309, lobar__segmental_collapse: 0.459, not_otherwise_specified_opacity___pleural__parenchymal_opacity__: 0.421, pleural_effusion_or_thickening: 0.458, pulmonary_edema__hazy_opacity: 0.522, normal_anatomically: 0.425, elevated_hemidiaphragm: 0.165, hyperaeration: 0.636, vascular_redistribution: 0.208, atelectasis__chx: 0.339, cardiomegaly__chx: 0.282, consolidation__chx: 0.741, edema__chx: 0.230, enlarged_cardiomediastinum__chx: 0.615, fracture__chx: 0.583, lung_lesion__chx: 0.495, lung_opacity__chx: 0.290, no_finding__chx: 0.413, pleural_effusion__chx: 0.298, pleural_other__chx: 0.743, pneumonia__chx: 0.749, pneumothorax__chx: 0.984, support_devices__chx: 0.361
  Val accuracy per class:
    Normal: 0.287, CHF: 0.426, pneumonia: 0.296, consolidation: 0.102, enlarged_cardiac_silhouette: 0.241, linear__patchy_atelectasis: 0.176, lobar__segmental_collapse: 0.102, not_otherwise_specified_opacity___pleural__parenchymal_opacity__: 0.454, pleural_effusion_or_thickening: 0.556, pulmonary_edema__hazy_opacity: 0.648, normal_anatomically: 0.296, elevated_hemidiaphragm: 0.000, hyperaeration: 0.389, vascular_redistribution: 0.000, atelectasis__chx: 0.102, cardiomegaly__chx: 0.157, consolidation__chx: 0.944, edema__chx: 0.139, enlarged_cardiomediastinum__chx: 0.454, fracture__chx: 0.778, lung_lesion__chx: 0.231, lung_opacity__chx: 0.231, no_finding__chx: 0.324, pleural_effusion__chx: 0.167, pleural_other__chx: 0.907, pneumonia__chx: 0.815, pneumothorax__chx: 1.000, support_devices__chx: 0.713
Epoch 38 | train loss -6114.5085 | val loss 121.9656 | time 90.48s
  Train summary: macro-acc 0.547 | macro-F1 0.228 | micro-P 0.172 | micro-R 0.747 | micro-F1 0.280 | macro-PR 0.155 | micro-PR 0.150
  Val summary:   macro-acc 0.535 | macro-F1 0.234 | micro-P 0.175 | micro-R 0.907 | micro-F1 0.293 | macro-PR 0.232 | micro-PR 0.125
  Train accuracy per class:
    Normal: 0.439, CHF: 0.397, pneumonia: 0.433, consolidation: 0.607, enlarged_cardiac_silhouette: 0.323, linear__patchy_atelectasis: 0.294, lobar__segmental_collapse: 0.463, not_otherwise_specified_opacity___pleural__parenchymal_opacity__: 0.427, pleural_effusion_or_thickening: 0.460, pulmonary_edema__hazy_opacity: 0.511, normal_anatomically: 0.421, elevated_hemidiaphragm: 0.183, hyperaeration: 0.631, vascular_redistribution: 0.256, atelectasis__chx: 0.354, cardiomegaly__chx: 0.288, consolidation__chx: 0.645, edema__chx: 0.239, enlarged_cardiomediastinum__chx: 0.529, fracture__chx: 0.149, lung_lesion__chx: 0.525, lung_opacity__chx: 0.290, no_finding__chx: 0.442, pleural_effusion__chx: 0.280, pleural_other__chx: 0.661, pneumonia__chx: 0.805, pneumothorax__chx: 0.979, support_devices__chx: 0.334
  Val accuracy per class:
    Normal: 0.287, CHF: 0.426, pneumonia: 0.287, consolidation: 0.583, enlarged_cardiac_silhouette: 0.241, linear__patchy_atelectasis: 0.176, lobar__segmental_collapse: 0.019, not_otherwise_specified_opacity___pleural__parenchymal_opacity__: 0.454, pleural_effusion_or_thickening: 0.426, pulmonary_edema__hazy_opacity: 0.546, normal_anatomically: 0.296, elevated_hemidiaphragm: 0.000, hyperaeration: 0.426, vascular_redistribution: 0.000, atelectasis__chx: 0.102, cardiomegaly__chx: 0.157, consolidation__chx: 0.889, edema__chx: 0.139, enlarged_cardiomediastinum__chx: 0.324, fracture__chx: 0.009, lung_lesion__chx: 0.065, lung_opacity__chx: 0.231, no_finding__chx: 0.324, pleural_effusion__chx: 0.167, pleural_other__chx: 0.852, pneumonia__chx: 0.815, pneumothorax__chx: 1.000, support_devices__chx: 0.500
Epoch 39 | train loss -6406.0631 | val loss 113.8360 | time 90.64s
  Train summary: macro-acc 0.555 | macro-F1 0.226 | micro-P 0.169 | micro-R 0.721 | micro-F1 0.274 | macro-PR 0.157 | micro-PR 0.148
  Val summary:   macro-acc 0.562 | macro-F1 0.236 | micro-P 0.180 | micro-R 0.920 | micro-F1 0.301 | macro-PR 0.240 | micro-PR 0.129
  Train accuracy per class:
    Normal: 0.467, CHF: 0.372, pneumonia: 0.450, consolidation: 0.240, enlarged_cardiac_silhouette: 0.313, linear__patchy_atelectasis: 0.313, lobar__segmental_collapse: 0.470, not_otherwise_specified_opacity___pleural__parenchymal_opacity__: 0.417, pleural_effusion_or_thickening: 0.485, pulmonary_edema__hazy_opacity: 0.480, normal_anatomically: 0.458, elevated_hemidiaphragm: 0.161, hyperaeration: 0.487, vascular_redistribution: 0.251, atelectasis__chx: 0.330, cardiomegaly__chx: 0.260, consolidation__chx: 0.669, edema__chx: 0.251, enlarged_cardiomediastinum__chx: 0.541, fracture__chx: 0.637, lung_lesion__chx: 0.683, lung_opacity__chx: 0.277, no_finding__chx: 0.437, pleural_effusion__chx: 0.286, pleural_other__chx: 0.615, pneumonia__chx: 0.838, pneumothorax__chx: 0.989, support_devices__chx: 0.309
  Val accuracy per class:
    Normal: 0.324, CHF: 0.426, pneumonia: 0.361, consolidation: 0.093, enlarged_cardiac_silhouette: 0.241, linear__patchy_atelectasis: 0.176, lobar__segmental_collapse: 0.546, not_otherwise_specified_opacity___pleural__parenchymal_opacity__: 0.454, pleural_effusion_or_thickening: 0.306, pulmonary_edema__hazy_opacity: 0.370, normal_anatomically: 0.324, elevated_hemidiaphragm: 0.000, hyperaeration: 0.380, vascular_redistribution: 0.000, atelectasis__chx: 0.102, cardiomegaly__chx: 0.157, consolidation__chx: 0.852, edema__chx: 0.139, enlarged_cardiomediastinum__chx: 0.000, fracture__chx: 0.694, lung_lesion__chx: 0.861, lung_opacity__chx: 0.231, no_finding__chx: 0.324, pleural_effusion__chx: 0.167, pleural_other__chx: 0.361, pneumonia__chx: 0.815, pneumothorax__chx: 1.000, support_devices__chx: 0.491
Epoch 40 | train loss -6806.5857 | val loss 118.6795 | time 89.27s
  Train summary: macro-acc 0.556 | macro-F1 0.229 | micro-P 0.174 | micro-R 0.775 | micro-F1 0.285 | macro-PR 0.159 | micro-PR 0.151
  Val summary:   macro-acc 0.598 | macro-F1 0.249 | micro-P 0.189 | micro-R 0.929 | micro-F1 0.314 | macro-PR 0.234 | micro-PR 0.130
  Train accuracy per class:
    Normal: 0.456, CHF: 0.365, pneumonia: 0.384, consolidation: 0.244, enlarged_cardiac_silhouette: 0.301, linear__patchy_atelectasis: 0.274, lobar__segmental_collapse: 0.726, not_otherwise_specified_opacity___pleural__parenchymal_opacity__: 0.406, pleural_effusion_or_thickening: 0.431, pulmonary_edema__hazy_opacity: 0.587, normal_anatomically: 0.468, elevated_hemidiaphragm: 0.120, hyperaeration: 0.624, vascular_redistribution: 0.215, atelectasis__chx: 0.245, cardiomegaly__chx: 0.266, consolidation__chx: 0.679, edema__chx: 0.244, enlarged_cardiomediastinum__chx: 0.633, fracture__chx: 0.584, lung_lesion__chx: 0.194, lung_opacity__chx: 0.247, no_finding__chx: 0.450, pleural_effusion__chx: 0.259, pleural_other__chx: 0.689, pneumonia__chx: 0.747, pneumothorax__chx: 0.996, support_devices__chx: 0.334
  Val accuracy per class:
    Normal: 0.306, CHF: 0.426, pneumonia: 0.287, consolidation: 0.093, enlarged_cardiac_silhouette: 0.241, linear__patchy_atelectasis: 0.176, lobar__segmental_collapse: 0.685, not_otherwise_specified_opacity___pleural__parenchymal_opacity__: 0.454, pleural_effusion_or_thickening: 0.213, pulmonary_edema__hazy_opacity: 0.574, normal_anatomically: 0.343, elevated_hemidiaphragm: 0.000, hyperaeration: 0.574, vascular_redistribution: 0.000, atelectasis__chx: 0.102, cardiomegaly__chx: 0.157, consolidation__chx: 0.944, edema__chx: 0.139, enlarged_cardiomediastinum__chx: 0.481, fracture__chx: 0.935, lung_lesion__chx: 0.046, lung_opacity__chx: 0.231, no_finding__chx: 0.370, pleural_effusion__chx: 0.167, pleural_other__chx: 0.778, pneumonia__chx: 0.815, pneumothorax__chx: 1.000, support_devices__chx: 0.565
Epoch 41 | train loss -7226.7106 | val loss 517.1889 | time 89.60s
  Train summary: macro-acc 0.554 | macro-F1 0.234 | micro-P 0.169 | micro-R 0.764 | micro-F1 0.277 | macro-PR 0.157 | micro-PR 0.148
  Val summary:   macro-acc 0.599 | macro-F1 0.234 | micro-P 0.174 | micro-R 0.940 | micro-F1 0.293 | macro-PR 0.231 | micro-PR 0.132
  Train accuracy per class:
    Normal: 0.420, CHF: 0.377, pneumonia: 0.393, consolidation: 0.479, enlarged_cardiac_silhouette: 0.331, linear__patchy_atelectasis: 0.297, lobar__segmental_collapse: 0.112, not_otherwise_specified_opacity___pleural__parenchymal_opacity__: 0.429, pleural_effusion_or_thickening: 0.441, pulmonary_edema__hazy_opacity: 0.526, normal_anatomically: 0.451, elevated_hemidiaphragm: 0.177, hyperaeration: 0.310, vascular_redistribution: 0.282, atelectasis__chx: 0.285, cardiomegaly__chx: 0.282, consolidation__chx: 0.542, edema__chx: 0.319, enlarged_cardiomediastinum__chx: 0.546, fracture__chx: 0.620, lung_lesion__chx: 0.269, lung_opacity__chx: 0.260, no_finding__chx: 0.439, pleural_effusion__chx: 0.321, pleural_other__chx: 0.703, pneumonia__chx: 0.850, pneumothorax__chx: 0.992, support_devices__chx: 0.334
  Val accuracy per class:
    Normal: 0.287, CHF: 0.426, pneumonia: 0.287, consolidation: 0.102, enlarged_cardiac_silhouette: 0.241, linear__patchy_atelectasis: 0.176, lobar__segmental_collapse: 0.009, not_otherwise_specified_opacity___pleural__parenchymal_opacity__: 0.454, pleural_effusion_or_thickening: 0.306, pulmonary_edema__hazy_opacity: 0.426, normal_anatomically: 0.306, elevated_hemidiaphragm: 0.000, hyperaeration: 0.333, vascular_redistribution: 1.000, atelectasis__chx: 0.102, cardiomegaly__chx: 0.157, consolidation__chx: 0.907, edema__chx: 0.139, enlarged_cardiomediastinum__chx: 0.000, fracture__chx: 0.120, lung_lesion__chx: 0.074, lung_opacity__chx: 0.231, no_finding__chx: 0.324, pleural_effusion__chx: 0.167, pleural_other__chx: 0.685, pneumonia__chx: 0.815, pneumothorax__chx: 1.000, support_devices__chx: 0.046
Epoch 42 | train loss -7544.0017 | val loss 195.5588 | time 91.56s
  Train summary: macro-acc 0.562 | macro-F1 0.224 | micro-P 0.167 | micro-R 0.709 | micro-F1 0.271 | macro-PR 0.154 | micro-PR 0.149
  Val summary:   macro-acc 0.609 | macro-F1 0.236 | micro-P 0.170 | micro-R 0.896 | micro-F1 0.285 | macro-PR 0.216 | micro-PR 0.158
  Train accuracy per class:
    Normal: 0.383, CHF: 0.393, pneumonia: 0.458, consolidation: 0.234, enlarged_cardiac_silhouette: 0.351, linear__patchy_atelectasis: 0.288, lobar__segmental_collapse: 0.511, not_otherwise_specified_opacity___pleural__parenchymal_opacity__: 0.431, pleural_effusion_or_thickening: 0.348, pulmonary_edema__hazy_opacity: 0.599, normal_anatomically: 0.413, elevated_hemidiaphragm: 0.154, hyperaeration: 0.496, vascular_redistribution: 0.299, atelectasis__chx: 0.302, cardiomegaly__chx: 0.278, consolidation__chx: 0.682, edema__chx: 0.302, enlarged_cardiomediastinum__chx: 0.586, fracture__chx: 0.509, lung_lesion__chx: 0.332, lung_opacity__chx: 0.541, no_finding__chx: 0.503, pleural_effusion__chx: 0.309, pleural_other__chx: 0.582, pneumonia__chx: 0.823, pneumothorax__chx: 0.983, support_devices__chx: 0.405
  Val accuracy per class:
    Normal: 0.287, CHF: 0.426, pneumonia: 0.519, consolidation: 0.093, enlarged_cardiac_silhouette: 0.241, linear__patchy_atelectasis: 0.176, lobar__segmental_collapse: 0.065, not_otherwise_specified_opacity___pleural__parenchymal_opacity__: 0.454, pleural_effusion_or_thickening: 0.204, pulmonary_edema__hazy_opacity: 0.583, normal_anatomically: 0.296, elevated_hemidiaphragm: 0.000, hyperaeration: 0.722, vascular_redistribution: 0.009, atelectasis__chx: 0.102, cardiomegaly__chx: 0.157, consolidation__chx: 0.843, edema__chx: 0.139, enlarged_cardiomediastinum__chx: 0.009, fracture__chx: 0.241, lung_lesion__chx: 0.324, lung_opacity__chx: 0.380, no_finding__chx: 0.333, pleural_effusion__chx: 0.167, pleural_other__chx: 0.528, pneumonia__chx: 0.815, pneumothorax__chx: 1.000, support_devices__chx: 0.194
Epoch 43 | train loss -7932.8494 | val loss 322.1958 | time 89.55s
  Train summary: macro-acc 0.566 | macro-F1 0.232 | micro-P 0.179 | micro-R 0.789 | micro-F1 0.292 | macro-PR 0.161 | micro-PR 0.154
  Val summary:   macro-acc 0.548 | macro-F1 0.242 | micro-P 0.179 | micro-R 0.911 | micro-F1 0.299 | macro-PR 0.229 | micro-PR 0.150
  Train accuracy per class:
    Normal: 0.421, CHF: 0.359, pneumonia: 0.365, consolidation: 0.232, enlarged_cardiac_silhouette: 0.302, linear__patchy_atelectasis: 0.269, lobar__segmental_collapse: 0.505, not_otherwise_specified_opacity___pleural__parenchymal_opacity__: 0.412, pleural_effusion_or_thickening: 0.464, pulmonary_edema__hazy_opacity: 0.598, normal_anatomically: 0.433, elevated_hemidiaphragm: 0.169, hyperaeration: 0.697, vascular_redistribution: 0.243, atelectasis__chx: 0.274, cardiomegaly__chx: 0.234, consolidation__chx: 0.770, edema__chx: 0.245, enlarged_cardiomediastinum__chx: 0.665, fracture__chx: 0.778, lung_lesion__chx: 0.232, lung_opacity__chx: 0.274, no_finding__chx: 0.471, pleural_effusion__chx: 0.269, pleural_other__chx: 0.818, pneumonia__chx: 0.796, pneumothorax__chx: 0.991, support_devices__chx: 0.183
  Val accuracy per class:
    Normal: 0.296, CHF: 0.426, pneumonia: 0.287, consolidation: 0.093, enlarged_cardiac_silhouette: 0.241, linear__patchy_atelectasis: 0.176, lobar__segmental_collapse: 0.352, not_otherwise_specified_opacity___pleural__parenchymal_opacity__: 0.454, pleural_effusion_or_thickening: 0.472, pulmonary_edema__hazy_opacity: 0.546, normal_anatomically: 0.333, elevated_hemidiaphragm: 0.000, hyperaeration: 0.380, vascular_redistribution: 0.148, atelectasis__chx: 0.120, cardiomegaly__chx: 0.157, consolidation__chx: 0.907, edema__chx: 0.139, enlarged_cardiomediastinum__chx: 0.000, fracture__chx: 0.944, lung_lesion__chx: 0.546, lung_opacity__chx: 0.231, no_finding__chx: 0.333, pleural_effusion__chx: 0.167, pleural_other__chx: 0.611, pneumonia__chx: 0.815, pneumothorax__chx: 1.000, support_devices__chx: 0.046
Epoch 44 | train loss -8417.1003 | val loss 29.2631 | time 90.37s
  Train summary: macro-acc 0.561 | macro-F1 0.226 | micro-P 0.172 | micro-R 0.735 | micro-F1 0.279 | macro-PR 0.160 | micro-PR 0.156
  Val summary:   macro-acc 0.575 | macro-F1 0.237 | micro-P 0.181 | micro-R 0.936 | micro-F1 0.303 | macro-PR 0.208 | micro-PR 0.141
  Train accuracy per class:
    Normal: 0.471, CHF: 0.391, pneumonia: 0.372, consolidation: 0.538, enlarged_cardiac_silhouette: 0.319, linear__patchy_atelectasis: 0.296, lobar__segmental_collapse: 0.522, not_otherwise_specified_opacity___pleural__parenchymal_opacity__: 0.405, pleural_effusion_or_thickening: 0.302, pulmonary_edema__hazy_opacity: 0.561, normal_anatomically: 0.488, elevated_hemidiaphragm: 0.161, hyperaeration: 0.669, vascular_redistribution: 0.249, atelectasis__chx: 0.286, cardiomegaly__chx: 0.273, consolidation__chx: 0.654, edema__chx: 0.251, enlarged_cardiomediastinum__chx: 0.633, fracture__chx: 0.463, lung_lesion__chx: 0.418, lung_opacity__chx: 0.269, no_finding__chx: 0.495, pleural_effusion__chx: 0.269, pleural_other__chx: 0.678, pneumonia__chx: 0.789, pneumothorax__chx: 0.999, support_devices__chx: 0.368
  Val accuracy per class:
    Normal: 0.296, CHF: 0.426, pneumonia: 0.287, consolidation: 0.102, enlarged_cardiac_silhouette: 0.241, linear__patchy_atelectasis: 0.176, lobar__segmental_collapse: 0.185, not_otherwise_specified_opacity___pleural__parenchymal_opacity__: 0.454, pleural_effusion_or_thickening: 0.204, pulmonary_edema__hazy_opacity: 0.454, normal_anatomically: 0.306, elevated_hemidiaphragm: 0.000, hyperaeration: 0.185, vascular_redistribution: 0.000, atelectasis__chx: 0.102, cardiomegaly__chx: 0.157, consolidation__chx: 0.889, edema__chx: 0.139, enlarged_cardiomediastinum__chx: 0.556, fracture__chx: 0.546, lung_lesion__chx: 0.537, lung_opacity__chx: 0.231, no_finding__chx: 0.343, pleural_effusion__chx: 0.167, pleural_other__chx: 0.519, pneumonia__chx: 0.815, pneumothorax__chx: 1.000, support_devices__chx: 0.778
Epoch 45 | train loss -8823.2896 | val loss 286.9780 | time 90.05s
  Train summary: macro-acc 0.555 | macro-F1 0.232 | micro-P 0.177 | micro-R 0.804 | micro-F1 0.291 | macro-PR 0.160 | micro-PR 0.153
  Val summary:   macro-acc 0.451 | macro-F1 0.236 | micro-P 0.176 | micro-R 0.902 | micro-F1 0.294 | macro-PR 0.254 | micro-PR 0.119
  Train accuracy per class:
    Normal: 0.445, CHF: 0.356, pneumonia: 0.334, consolidation: 0.190, enlarged_cardiac_silhouette: 0.288, linear__patchy_atelectasis: 0.257, lobar__segmental_collapse: 0.086, not_otherwise_specified_opacity___pleural__parenchymal_opacity__: 0.369, pleural_effusion_or_thickening: 0.662, pulmonary_edema__hazy_opacity: 0.245, normal_anatomically: 0.445, elevated_hemidiaphragm: 0.109, hyperaeration: 0.764, vascular_redistribution: 0.197, atelectasis__chx: 0.227, cardiomegaly__chx: 0.269, consolidation__chx: 0.786, edema__chx: 0.566, enlarged_cardiomediastinum__chx: 0.687, fracture__chx: 0.789, lung_lesion__chx: 0.247, lung_opacity__chx: 0.261, no_finding__chx: 0.470, pleural_effusion__chx: 0.247, pleural_other__chx: 0.784, pneumonia__chx: 0.722, pneumothorax__chx: 0.995, support_devices__chx: 0.245
  Val accuracy per class:
    Normal: 0.324, CHF: 0.426, pneumonia: 0.287, consolidation: 0.093, enlarged_cardiac_silhouette: 0.241, linear__patchy_atelectasis: 0.176, lobar__segmental_collapse: 0.009, not_otherwise_specified_opacity___pleural__parenchymal_opacity__: 0.454, pleural_effusion_or_thickening: 0.565, pulmonary_edema__hazy_opacity: 0.167, normal_anatomically: 0.343, elevated_hemidiaphragm: 0.000, hyperaeration: 0.611, vascular_redistribution: 0.111, atelectasis__chx: 0.102, cardiomegaly__chx: 0.157, consolidation__chx: 0.833, edema__chx: 0.176, enlarged_cardiomediastinum__chx: 0.000, fracture__chx: 0.796, lung_lesion__chx: 0.472, lung_opacity__chx: 0.231, no_finding__chx: 0.389, pleural_effusion__chx: 0.167, pleural_other__chx: 0.361, pneumonia__chx: 0.815, pneumothorax__chx: 1.000, support_devices__chx: 0.667
  Checkpoint saved to /project/hnguyen2/mvu9/folder_04_ma/gaze-01/runs/st2/checkpoints_image_bbox_seg_text/20251027-013614_best.pt
Epoch 46 | train loss -9317.5473 | val loss -113.7730 | time 88.72s
  Train summary: macro-acc 0.550 | macro-F1 0.220 | micro-P 0.169 | micro-R 0.710 | micro-F1 0.273 | macro-PR 0.158 | micro-PR 0.150
  Val summary:   macro-acc 0.548 | macro-F1 0.261 | micro-P 0.198 | micro-R 0.924 | micro-F1 0.327 | macro-PR 0.270 | micro-PR 0.140
  Train accuracy per class:
    Normal: 0.441, CHF: 0.367, pneumonia: 0.354, consolidation: 0.203, enlarged_cardiac_silhouette: 0.303, linear__patchy_atelectasis: 0.261, lobar__segmental_collapse: 0.352, not_otherwise_specified_opacity___pleural__parenchymal_opacity__: 0.416, pleural_effusion_or_thickening: 0.496, pulmonary_edema__hazy_opacity: 0.613, normal_anatomically: 0.487, elevated_hemidiaphragm: 0.082, hyperaeration: 0.657, vascular_redistribution: 0.222, atelectasis__chx: 0.220, cardiomegaly__chx: 0.264, consolidation__chx: 0.596, edema__chx: 0.413, enlarged_cardiomediastinum__chx: 0.648, fracture__chx: 0.704, lung_lesion__chx: 0.608, lung_opacity__chx: 0.269, no_finding__chx: 0.491, pleural_effusion__chx: 0.272, pleural_other__chx: 0.644, pneumonia__chx: 0.835, pneumothorax__chx: 0.995, support_devices__chx: 0.426
  Val accuracy per class:
    Normal: 0.296, CHF: 0.426, pneumonia: 0.287, consolidation: 0.093, enlarged_cardiac_silhouette: 0.241, linear__patchy_atelectasis: 0.176, lobar__segmental_collapse: 0.213, not_otherwise_specified_opacity___pleural__parenchymal_opacity__: 0.481, pleural_effusion_or_thickening: 0.231, pulmonary_edema__hazy_opacity: 0.519, normal_anatomically: 0.352, elevated_hemidiaphragm: 0.000, hyperaeration: 0.713, vascular_redistribution: 0.000, atelectasis__chx: 0.102, cardiomegaly__chx: 0.157, consolidation__chx: 0.778, edema__chx: 0.380, enlarged_cardiomediastinum__chx: 0.907, fracture__chx: 0.963, lung_lesion__chx: 0.880, lung_opacity__chx: 0.231, no_finding__chx: 0.380, pleural_effusion__chx: 0.167, pleural_other__chx: 0.787, pneumonia__chx: 0.722, pneumothorax__chx: 1.000, support_devices__chx: 0.648
Epoch 47 | train loss -9794.4734 | val loss 36.7792 | time 90.71s
  Train summary: macro-acc 0.554 | macro-F1 0.235 | micro-P 0.188 | micro-R 0.785 | micro-F1 0.304 | macro-PR 0.167 | micro-PR 0.152
  Val summary:   macro-acc 0.507 | macro-F1 0.241 | micro-P 0.189 | micro-R 0.891 | micro-F1 0.312 | macro-PR 0.247 | micro-PR 0.124
  Train accuracy per class:
    Normal: 0.451, CHF: 0.371, pneumonia: 0.358, consolidation: 0.201, enlarged_cardiac_silhouette: 0.307, linear__patchy_atelectasis: 0.228, lobar__segmental_collapse: 0.664, not_otherwise_specified_opacity___pleural__parenchymal_opacity__: 0.380, pleural_effusion_or_thickening: 0.517, pulmonary_edema__hazy_opacity: 0.611, normal_anatomically: 0.456, elevated_hemidiaphragm: 0.075, hyperaeration: 0.753, vascular_redistribution: 0.220, atelectasis__chx: 0.245, cardiomegaly__chx: 0.244, consolidation__chx: 0.766, edema__chx: 0.210, enlarged_cardiomediastinum__chx: 0.708, fracture__chx: 0.755, lung_lesion__chx: 0.788, lung_opacity__chx: 0.611, no_finding__chx: 0.454, pleural_effusion__chx: 0.235, pleural_other__chx: 0.788, pneumonia__chx: 0.745, pneumothorax__chx: 0.993, support_devices__chx: 0.237
  Val accuracy per class:
    Normal: 0.306, CHF: 0.426, pneumonia: 0.287, consolidation: 0.093, enlarged_cardiac_silhouette: 0.241, linear__patchy_atelectasis: 0.176, lobar__segmental_collapse: 0.028, not_otherwise_specified_opacity___pleural__parenchymal_opacity__: 0.454, pleural_effusion_or_thickening: 0.620, pulmonary_edema__hazy_opacity: 0.593, normal_anatomically: 0.315, elevated_hemidiaphragm: 0.000, hyperaeration: 0.593, vascular_redistribution: 0.019, atelectasis__chx: 0.102, cardiomegaly__chx: 0.157, consolidation__chx: 0.796, edema__chx: 0.139, enlarged_cardiomediastinum__chx: 0.491, fracture__chx: 0.880, lung_lesion__chx: 0.889, lung_opacity__chx: 0.241, no_finding__chx: 0.352, pleural_effusion__chx: 0.167, pleural_other__chx: 0.787, pneumonia__chx: 0.815, pneumothorax__chx: 1.000, support_devices__chx: 0.667
Epoch 48 | train loss -10269.6588 | val loss -68.4627 | time 87.52s
  Train summary: macro-acc 0.557 | macro-F1 0.232 | micro-P 0.177 | micro-R 0.806 | micro-F1 0.290 | macro-PR 0.167 | micro-PR 0.154
  Val summary:   macro-acc 0.559 | macro-F1 0.249 | micro-P 0.193 | micro-R 0.924 | micro-F1 0.320 | macro-PR 0.244 | micro-PR 0.133
  Train accuracy per class:
    Normal: 0.484, CHF: 0.372, pneumonia: 0.348, consolidation: 0.199, enlarged_cardiac_silhouette: 0.296, linear__patchy_atelectasis: 0.243, lobar__segmental_collapse: 0.484, not_otherwise_specified_opacity___pleural__parenchymal_opacity__: 0.388, pleural_effusion_or_thickening: 0.280, pulmonary_edema__hazy_opacity: 0.571, normal_anatomically: 0.475, elevated_hemidiaphragm: 0.088, hyperaeration: 0.135, vascular_redistribution: 0.222, atelectasis__chx: 0.223, cardiomegaly__chx: 0.234, consolidation__chx: 0.675, edema__chx: 0.202, enlarged_cardiomediastinum__chx: 0.719, fracture__chx: 0.723, lung_lesion__chx: 0.761, lung_opacity__chx: 0.240, no_finding__chx: 0.480, pleural_effusion__chx: 0.247, pleural_other__chx: 0.743, pneumonia__chx: 0.765, pneumothorax__chx: 0.997, support_devices__chx: 0.351
  Val accuracy per class:
    Normal: 0.333, CHF: 0.426, pneumonia: 0.287, consolidation: 0.093, enlarged_cardiac_silhouette: 0.241, linear__patchy_atelectasis: 0.176, lobar__segmental_collapse: 0.370, not_otherwise_specified_opacity___pleural__parenchymal_opacity__: 0.454, pleural_effusion_or_thickening: 0.204, pulmonary_edema__hazy_opacity: 0.509, normal_anatomically: 0.315, elevated_hemidiaphragm: 0.000, hyperaeration: 0.102, vascular_redistribution: 0.000, atelectasis__chx: 0.102, cardiomegaly__chx: 0.157, consolidation__chx: 0.870, edema__chx: 0.139, enlarged_cardiomediastinum__chx: 0.972, fracture__chx: 0.972, lung_lesion__chx: 0.880, lung_opacity__chx: 0.231, no_finding__chx: 0.352, pleural_effusion__chx: 0.167, pleural_other__chx: 0.778, pneumonia__chx: 0.815, pneumothorax__chx: 1.000, support_devices__chx: 0.648
Epoch 49 | train loss -10801.6510 | val loss 210.4841 | time 89.37s
  Train summary: macro-acc 0.560 | macro-F1 0.241 | micro-P 0.191 | micro-R 0.854 | micro-F1 0.312 | macro-PR 0.171 | micro-PR 0.161
  Val summary:   macro-acc 0.470 | macro-F1 0.238 | micro-P 0.186 | micro-R 0.920 | micro-F1 0.310 | macro-PR 0.235 | micro-PR 0.122
  Train accuracy per class:
    Normal: 0.472, CHF: 0.376, pneumonia: 0.340, consolidation: 0.186, enlarged_cardiac_silhouette: 0.282, linear__patchy_atelectasis: 0.268, lobar__segmental_collapse: 0.736, not_otherwise_specified_opacity___pleural__parenchymal_opacity__: 0.406, pleural_effusion_or_thickening: 0.298, pulmonary_edema__hazy_opacity: 0.471, normal_anatomically: 0.470, elevated_hemidiaphragm: 0.099, hyperaeration: 0.677, vascular_redistribution: 0.224, atelectasis__chx: 0.211, cardiomegaly__chx: 0.252, consolidation__chx: 0.778, edema__chx: 0.216, enlarged_cardiomediastinum__chx: 0.731, fracture__chx: 0.784, lung_lesion__chx: 0.723, lung_opacity__chx: 0.230, no_finding__chx: 0.471, pleural_effusion__chx: 0.236, pleural_other__chx: 0.785, pneumonia__chx: 0.759, pneumothorax__chx: 0.997, support_devices__chx: 0.234
  Val accuracy per class:
    Normal: 0.306, CHF: 0.426, pneumonia: 0.287, consolidation: 0.093, enlarged_cardiac_silhouette: 0.241, linear__patchy_atelectasis: 0.176, lobar__segmental_collapse: 0.435, not_otherwise_specified_opacity___pleural__parenchymal_opacity__: 0.454, pleural_effusion_or_thickening: 0.204, pulmonary_edema__hazy_opacity: 0.630, normal_anatomically: 0.315, elevated_hemidiaphragm: 0.000, hyperaeration: 0.676, vascular_redistribution: 0.333, atelectasis__chx: 0.102, cardiomegaly__chx: 0.157, consolidation__chx: 0.861, edema__chx: 0.139, enlarged_cardiomediastinum__chx: 0.370, fracture__chx: 0.750, lung_lesion__chx: 0.111, lung_opacity__chx: 0.231, no_finding__chx: 0.343, pleural_effusion__chx: 0.167, pleural_other__chx: 0.750, pneumonia__chx: 0.815, pneumothorax__chx: 1.000, support_devices__chx: 0.574
Epoch 50 | train loss -11299.8910 | val loss 155.4408 | time 89.68s
  Train summary: macro-acc 0.561 | macro-F1 0.230 | micro-P 0.174 | micro-R 0.818 | micro-F1 0.286 | macro-PR 0.157 | micro-PR 0.154
  Val summary:   macro-acc 0.418 | macro-F1 0.233 | micro-P 0.174 | micro-R 0.911 | micro-F1 0.292 | macro-PR 0.230 | micro-PR 0.118
  Train accuracy per class:
    Normal: 0.437, CHF: 0.384, pneumonia: 0.358, consolidation: 0.197, enlarged_cardiac_silhouette: 0.270, linear__patchy_atelectasis: 0.237, lobar__segmental_collapse: 0.773, not_otherwise_specified_opacity___pleural__parenchymal_opacity__: 0.368, pleural_effusion_or_thickening: 0.587, pulmonary_edema__hazy_opacity: 0.239, normal_anatomically: 0.445, elevated_hemidiaphragm: 0.123, hyperaeration: 0.674, vascular_redistribution: 0.220, atelectasis__chx: 0.219, cardiomegaly__chx: 0.236, consolidation__chx: 0.773, edema__chx: 0.244, enlarged_cardiomediastinum__chx: 0.739, fracture__chx: 0.055, lung_lesion__chx: 0.133, lung_opacity__chx: 0.235, no_finding__chx: 0.489, pleural_effusion__chx: 0.231, pleural_other__chx: 0.790, pneumonia__chx: 0.760, pneumothorax__chx: 0.993, support_devices__chx: 0.215
  Val accuracy per class:
    Normal: 0.315, CHF: 0.426, pneumonia: 0.287, consolidation: 0.093, enlarged_cardiac_silhouette: 0.241, linear__patchy_atelectasis: 0.176, lobar__segmental_collapse: 0.491, not_otherwise_specified_opacity___pleural__parenchymal_opacity__: 0.454, pleural_effusion_or_thickening: 0.602, pulmonary_edema__hazy_opacity: 0.167, normal_anatomically: 0.296, elevated_hemidiaphragm: 0.000, hyperaeration: 0.556, vascular_redistribution: 0.417, atelectasis__chx: 0.102, cardiomegaly__chx: 0.157, consolidation__chx: 0.880, edema__chx: 0.139, enlarged_cardiomediastinum__chx: 0.000, fracture__chx: 0.009, lung_lesion__chx: 0.046, lung_opacity__chx: 0.231, no_finding__chx: 0.352, pleural_effusion__chx: 0.167, pleural_other__chx: 0.509, pneumonia__chx: 0.815, pneumothorax__chx: 1.000, support_devices__chx: 0.648
Epoch 51 | train loss -11796.9723 | val loss 145.5818 | time 89.19s
  Train summary: macro-acc 0.554 | macro-F1 0.228 | micro-P 0.176 | micro-R 0.711 | micro-F1 0.282 | macro-PR 0.162 | micro-PR 0.151
  Val summary:   macro-acc 0.453 | macro-F1 0.232 | micro-P 0.176 | micro-R 0.900 | micro-F1 0.295 | macro-PR 0.223 | micro-PR 0.120
  Train accuracy per class:
    Normal: 0.446, CHF: 0.376, pneumonia: 0.512, consolidation: 0.197, enlarged_cardiac_silhouette: 0.318, linear__patchy_atelectasis: 0.247, lobar__segmental_collapse: 0.528, not_otherwise_specified_opacity___pleural__parenchymal_opacity__: 0.503, pleural_effusion_or_thickening: 0.460, pulmonary_edema__hazy_opacity: 0.635, normal_anatomically: 0.455, elevated_hemidiaphragm: 0.140, hyperaeration: 0.669, vascular_redistribution: 0.256, atelectasis__chx: 0.220, cardiomegaly__chx: 0.252, consolidation__chx: 0.753, edema__chx: 0.255, enlarged_cardiomediastinum__chx: 0.687, fracture__chx: 0.701, lung_lesion__chx: 0.549, lung_opacity__chx: 0.579, no_finding__chx: 0.459, pleural_effusion__chx: 0.226, pleural_other__chx: 0.772, pneumonia__chx: 0.823, pneumothorax__chx: 0.999, support_devices__chx: 0.263
  Val accuracy per class:
    Normal: 0.296, CHF: 0.426, pneumonia: 0.315, consolidation: 0.093, enlarged_cardiac_silhouette: 0.241, linear__patchy_atelectasis: 0.176, lobar__segmental_collapse: 0.120, not_otherwise_specified_opacity___pleural__parenchymal_opacity__: 0.500, pleural_effusion_or_thickening: 0.241, pulmonary_edema__hazy_opacity: 0.528, normal_anatomically: 0.296, elevated_hemidiaphragm: 0.000, hyperaeration: 0.611, vascular_redistribution: 0.278, atelectasis__chx: 0.102, cardiomegaly__chx: 0.157, consolidation__chx: 0.713, edema__chx: 0.139, enlarged_cardiomediastinum__chx: 0.324, fracture__chx: 0.361, lung_lesion__chx: 0.065, lung_opacity__chx: 0.417, no_finding__chx: 0.324, pleural_effusion__chx: 0.167, pleural_other__chx: 0.741, pneumonia__chx: 0.815, pneumothorax__chx: 1.000, support_devices__chx: 0.639
Epoch 52 | train loss -12369.3575 | val loss 38.8837 | time 88.45s
  Train summary: macro-acc 0.564 | macro-F1 0.235 | micro-P 0.183 | micro-R 0.795 | micro-F1 0.297 | macro-PR 0.173 | micro-PR 0.161
  Val summary:   macro-acc 0.559 | macro-F1 0.242 | micro-P 0.185 | micro-R 0.929 | micro-F1 0.308 | macro-PR 0.215 | micro-PR 0.146
  Train accuracy per class:
    Normal: 0.468, CHF: 0.387, pneumonia: 0.497, consolidation: 0.220, enlarged_cardiac_silhouette: 0.268, linear__patchy_atelectasis: 0.247, lobar__segmental_collapse: 0.474, not_otherwise_specified_opacity___pleural__parenchymal_opacity__: 0.367, pleural_effusion_or_thickening: 0.298, pulmonary_edema__hazy_opacity: 0.621, normal_anatomically: 0.429, elevated_hemidiaphragm: 0.142, hyperaeration: 0.632, vascular_redistribution: 0.216, atelectasis__chx: 0.235, cardiomegaly__chx: 0.236, consolidation__chx: 0.657, edema__chx: 0.234, enlarged_cardiomediastinum__chx: 0.732, fracture__chx: 0.732, lung_lesion__chx: 0.538, lung_opacity__chx: 0.532, no_finding__chx: 0.463, pleural_effusion__chx: 0.231, pleural_other__chx: 0.740, pneumonia__chx: 0.790, pneumothorax__chx: 0.992, support_devices__chx: 0.332
  Val accuracy per class:
    Normal: 0.306, CHF: 0.426, pneumonia: 0.315, consolidation: 0.093, enlarged_cardiac_silhouette: 0.241, linear__patchy_atelectasis: 0.176, lobar__segmental_collapse: 0.204, not_otherwise_specified_opacity___pleural__parenchymal_opacity__: 0.454, pleural_effusion_or_thickening: 0.204, pulmonary_edema__hazy_opacity: 0.463, normal_anatomically: 0.296, elevated_hemidiaphragm: 0.000, hyperaeration: 0.565, vascular_redistribution: 0.000, atelectasis__chx: 0.102, cardiomegaly__chx: 0.157, consolidation__chx: 0.907, edema__chx: 0.139, enlarged_cardiomediastinum__chx: 0.574, fracture__chx: 0.787, lung_lesion__chx: 0.074, lung_opacity__chx: 0.278, no_finding__chx: 0.324, pleural_effusion__chx: 0.167, pleural_other__chx: 0.741, pneumonia__chx: 0.815, pneumothorax__chx: 1.000, support_devices__chx: 0.815
Epoch 53 | train loss -13003.2025 | val loss 103.8181 | time 88.86s
  Train summary: macro-acc 0.570 | macro-F1 0.240 | micro-P 0.182 | micro-R 0.842 | micro-F1 0.299 | macro-PR 0.170 | micro-PR 0.165
  Val summary:   macro-acc 0.586 | macro-F1 0.237 | micro-P 0.182 | micro-R 0.916 | micro-F1 0.304 | macro-PR 0.218 | micro-PR 0.161
  Train accuracy per class:
    Normal: 0.445, CHF: 0.360, pneumonia: 0.343, consolidation: 0.172, enlarged_cardiac_silhouette: 0.263, linear__patchy_atelectasis: 0.249, lobar__segmental_collapse: 0.492, not_otherwise_specified_opacity___pleural__parenchymal_opacity__: 0.388, pleural_effusion_or_thickening: 0.274, pulmonary_edema__hazy_opacity: 0.644, normal_anatomically: 0.433, elevated_hemidiaphragm: 0.115, hyperaeration: 0.619, vascular_redistribution: 0.197, atelectasis__chx: 0.195, cardiomegaly__chx: 0.231, consolidation__chx: 0.451, edema__chx: 0.240, enlarged_cardiomediastinum__chx: 0.772, fracture__chx: 0.798, lung_lesion__chx: 0.111, lung_opacity__chx: 0.687, no_finding__chx: 0.471, pleural_effusion__chx: 0.220, pleural_other__chx: 0.844, pneumonia__chx: 0.735, pneumothorax__chx: 0.999, support_devices__chx: 0.228
  Val accuracy per class:
    Normal: 0.287, CHF: 0.426, pneumonia: 0.287, consolidation: 0.093, enlarged_cardiac_silhouette: 0.241, linear__patchy_atelectasis: 0.176, lobar__segmental_collapse: 0.213, not_otherwise_specified_opacity___pleural__parenchymal_opacity__: 0.454, pleural_effusion_or_thickening: 0.204, pulmonary_edema__hazy_opacity: 0.565, normal_anatomically: 0.296, elevated_hemidiaphragm: 0.000, hyperaeration: 0.213, vascular_redistribution: 0.157, atelectasis__chx: 0.102, cardiomegaly__chx: 0.222, consolidation__chx: 0.713, edema__chx: 0.139, enlarged_cardiomediastinum__chx: 0.481, fracture__chx: 0.889, lung_lesion__chx: 0.046, lung_opacity__chx: 0.463, no_finding__chx: 0.343, pleural_effusion__chx: 0.167, pleural_other__chx: 0.843, pneumonia__chx: 0.815, pneumothorax__chx: 1.000, support_devices__chx: 0.704
Epoch 54 | train loss -13534.1765 | val loss 182.4168 | time 89.60s
  Train summary: macro-acc 0.558 | macro-F1 0.239 | micro-P 0.183 | micro-R 0.814 | micro-F1 0.299 | macro-PR 0.169 | micro-PR 0.161
  Val summary:   macro-acc 0.523 | macro-F1 0.235 | micro-P 0.182 | micro-R 0.913 | micro-F1 0.304 | macro-PR 0.230 | micro-PR 0.153
  Train accuracy per class:
    Normal: 0.455, CHF: 0.401, pneumonia: 0.369, consolidation: 0.214, enlarged_cardiac_silhouette: 0.298, linear__patchy_atelectasis: 0.243, lobar__segmental_collapse: 0.693, not_otherwise_specified_opacity___pleural__parenchymal_opacity__: 0.388, pleural_effusion_or_thickening: 0.311, pulmonary_edema__hazy_opacity: 0.623, normal_anatomically: 0.433, elevated_hemidiaphragm: 0.148, hyperaeration: 0.759, vascular_redistribution: 0.263, atelectasis__chx: 0.252, cardiomegaly__chx: 0.260, consolidation__chx: 0.764, edema__chx: 0.226, enlarged_cardiomediastinum__chx: 0.726, fracture__chx: 0.273, lung_lesion__chx: 0.148, lung_opacity__chx: 0.679, no_finding__chx: 0.480, pleural_effusion__chx: 0.244, pleural_other__chx: 0.773, pneumonia__chx: 0.796, pneumothorax__chx: 0.996, support_devices__chx: 0.285
  Val accuracy per class:
    Normal: 0.306, CHF: 0.426, pneumonia: 0.287, consolidation: 0.093, enlarged_cardiac_silhouette: 0.241, linear__patchy_atelectasis: 0.176, lobar__segmental_collapse: 0.454, not_otherwise_specified_opacity___pleural__parenchymal_opacity__: 0.454, pleural_effusion_or_thickening: 0.204, pulmonary_edema__hazy_opacity: 0.481, normal_anatomically: 0.296, elevated_hemidiaphragm: 0.000, hyperaeration: 0.611, vascular_redistribution: 0.611, atelectasis__chx: 0.102, cardiomegaly__chx: 0.157, consolidation__chx: 0.898, edema__chx: 0.139, enlarged_cardiomediastinum__chx: 0.315, fracture__chx: 0.019, lung_lesion__chx: 0.046, lung_opacity__chx: 0.444, no_finding__chx: 0.343, pleural_effusion__chx: 0.167, pleural_other__chx: 0.796, pneumonia__chx: 0.815, pneumothorax__chx: 1.000, support_devices__chx: 0.685
Epoch 55 | train loss -14122.4171 | val loss 209.9387 | time 89.74s
  Train summary: macro-acc 0.560 | macro-F1 0.234 | micro-P 0.186 | micro-R 0.724 | micro-F1 0.296 | macro-PR 0.170 | micro-PR 0.165
  Val summary:   macro-acc 0.506 | macro-F1 0.224 | micro-P 0.182 | micro-R 0.824 | micro-F1 0.299 | macro-PR 0.223 | micro-PR 0.155
  Train accuracy per class:
    Normal: 0.463, CHF: 0.367, pneumonia: 0.350, consolidation: 0.207, enlarged_cardiac_silhouette: 0.266, linear__patchy_atelectasis: 0.685, lobar__segmental_collapse: 0.677, not_otherwise_specified_opacity___pleural__parenchymal_opacity__: 0.377, pleural_effusion_or_thickening: 0.584, pulmonary_edema__hazy_opacity: 0.617, normal_anatomically: 0.460, elevated_hemidiaphragm: 0.177, hyperaeration: 0.739, vascular_redistribution: 0.268, atelectasis__chx: 0.260, cardiomegaly__chx: 0.232, consolidation__chx: 0.781, edema__chx: 0.488, enlarged_cardiomediastinum__chx: 0.716, fracture__chx: 0.162, lung_lesion__chx: 0.447, lung_opacity__chx: 0.694, no_finding__chx: 0.479, pleural_effusion__chx: 0.621, pleural_other__chx: 0.807, pneumonia__chx: 0.803, pneumothorax__chx: 0.996, support_devices__chx: 0.277
  Val accuracy per class:
    Normal: 0.324, CHF: 0.426, pneumonia: 0.287, consolidation: 0.093, enlarged_cardiac_silhouette: 0.241, linear__patchy_atelectasis: 0.602, lobar__segmental_collapse: 0.370, not_otherwise_specified_opacity___pleural__parenchymal_opacity__: 0.454, pleural_effusion_or_thickening: 0.574, pulmonary_edema__hazy_opacity: 0.389, normal_anatomically: 0.370, elevated_hemidiaphragm: 0.000, hyperaeration: 0.139, vascular_redistribution: 0.787, atelectasis__chx: 0.333, cardiomegaly__chx: 0.157, consolidation__chx: 0.824, edema__chx: 0.148, enlarged_cardiomediastinum__chx: 0.083, fracture__chx: 0.241, lung_lesion__chx: 0.500, lung_opacity__chx: 0.417, no_finding__chx: 0.333, pleural_effusion__chx: 0.194, pleural_other__chx: 0.852, pneumonia__chx: 0.815, pneumothorax__chx: 1.000, support_devices__chx: 0.907
Epoch 56 | train loss -14684.4668 | val loss 516.2709 | time 89.52s
  Train summary: macro-acc 0.562 | macro-F1 0.229 | micro-P 0.167 | micro-R 0.773 | micro-F1 0.274 | macro-PR 0.163 | micro-PR 0.162
  Val summary:   macro-acc 0.526 | macro-F1 0.216 | micro-P 0.184 | micro-R 0.833 | micro-F1 0.301 | macro-PR 0.215 | micro-PR 0.129
  Train accuracy per class:
    Normal: 0.429, CHF: 0.369, pneumonia: 0.613, consolidation: 0.207, enlarged_cardiac_silhouette: 0.292, linear__patchy_atelectasis: 0.222, lobar__segmental_collapse: 0.115, not_otherwise_specified_opacity___pleural__parenchymal_opacity__: 0.391, pleural_effusion_or_thickening: 0.278, pulmonary_edema__hazy_opacity: 0.665, normal_anatomically: 0.439, elevated_hemidiaphragm: 0.157, hyperaeration: 0.139, vascular_redistribution: 0.284, atelectasis__chx: 0.260, cardiomegaly__chx: 0.245, consolidation__chx: 0.807, edema__chx: 0.220, enlarged_cardiomediastinum__chx: 0.732, fracture__chx: 0.227, lung_lesion__chx: 0.156, lung_opacity__chx: 0.249, no_finding__chx: 0.454, pleural_effusion__chx: 0.632, pleural_other__chx: 0.814, pneumonia__chx: 0.731, pneumothorax__chx: 0.997, support_devices__chx: 0.260
  Val accuracy per class:
    Normal: 0.287, CHF: 0.426, pneumonia: 0.324, consolidation: 0.093, enlarged_cardiac_silhouette: 0.241, linear__patchy_atelectasis: 0.176, lobar__segmental_collapse: 0.009, not_otherwise_specified_opacity___pleural__parenchymal_opacity__: 0.454, pleural_effusion_or_thickening: 0.204, pulmonary_edema__hazy_opacity: 0.583, normal_anatomically: 0.426, elevated_hemidiaphragm: 0.000, hyperaeration: 0.102, vascular_redistribution: 1.000, atelectasis__chx: 0.898, cardiomegaly__chx: 0.157, consolidation__chx: 0.778, edema__chx: 0.139, enlarged_cardiomediastinum__chx: 0.000, fracture__chx: 0.991, lung_lesion__chx: 0.046, lung_opacity__chx: 0.231, no_finding__chx: 0.333, pleural_effusion__chx: 0.778, pleural_other__chx: 0.454, pneumonia__chx: 0.815, pneumothorax__chx: 1.000, support_devices__chx: 0.963
Epoch 57 | train loss -15412.7761 | val loss 237.9623 | time 89.73s
  Train summary: macro-acc 0.561 | macro-F1 0.234 | micro-P 0.182 | micro-R 0.727 | micro-F1 0.292 | macro-PR 0.169 | micro-PR 0.164
  Val summary:   macro-acc 0.560 | macro-F1 0.233 | micro-P 0.183 | micro-R 0.882 | micro-F1 0.303 | macro-PR 0.219 | micro-PR 0.140
  Train accuracy per class:
    Normal: 0.454, CHF: 0.389, pneumonia: 0.338, consolidation: 0.198, enlarged_cardiac_silhouette: 0.455, linear__patchy_atelectasis: 0.571, lobar__segmental_collapse: 0.632, not_otherwise_specified_opacity___pleural__parenchymal_opacity__: 0.534, pleural_effusion_or_thickening: 0.488, pulmonary_edema__hazy_opacity: 0.724, normal_anatomically: 0.438, elevated_hemidiaphragm: 0.156, hyperaeration: 0.685, vascular_redistribution: 0.280, atelectasis__chx: 0.269, cardiomegaly__chx: 0.237, consolidation__chx: 0.722, edema__chx: 0.211, enlarged_cardiomediastinum__chx: 0.730, fracture__chx: 0.208, lung_lesion__chx: 0.740, lung_opacity__chx: 0.679, no_finding__chx: 0.454, pleural_effusion__chx: 0.241, pleural_other__chx: 0.799, pneumonia__chx: 0.753, pneumothorax__chx: 0.997, support_devices__chx: 0.256
  Val accuracy per class:
    Normal: 0.287, CHF: 0.426, pneumonia: 0.287, consolidation: 0.093, enlarged_cardiac_silhouette: 0.352, linear__patchy_atelectasis: 0.343, lobar__segmental_collapse: 0.324, not_otherwise_specified_opacity___pleural__parenchymal_opacity__: 0.509, pleural_effusion_or_thickening: 0.648, pulmonary_edema__hazy_opacity: 0.444, normal_anatomically: 0.296, elevated_hemidiaphragm: 0.000, hyperaeration: 0.278, vascular_redistribution: 0.759, atelectasis__chx: 0.130, cardiomegaly__chx: 0.157, consolidation__chx: 0.713, edema__chx: 0.139, enlarged_cardiomediastinum__chx: 0.213, fracture__chx: 0.046, lung_lesion__chx: 0.213, lung_opacity__chx: 0.389, no_finding__chx: 0.324, pleural_effusion__chx: 0.167, pleural_other__chx: 0.917, pneumonia__chx: 0.815, pneumothorax__chx: 1.000, support_devices__chx: 0.796
Epoch 58 | train loss -16017.9634 | val loss 195.5672 | time 89.02s
  Train summary: macro-acc 0.558 | macro-F1 0.233 | micro-P 0.179 | micro-R 0.770 | micro-F1 0.290 | macro-PR 0.168 | micro-PR 0.165
  Val summary:   macro-acc 0.554 | macro-F1 0.232 | micro-P 0.181 | micro-R 0.891 | micro-F1 0.301 | macro-PR 0.219 | micro-PR 0.158
  Train accuracy per class:
    Normal: 0.456, CHF: 0.348, pneumonia: 0.319, consolidation: 0.170, enlarged_cardiac_silhouette: 0.365, linear__patchy_atelectasis: 0.232, lobar__segmental_collapse: 0.784, not_otherwise_specified_opacity___pleural__parenchymal_opacity__: 0.623, pleural_effusion_or_thickening: 0.285, pulmonary_edema__hazy_opacity: 0.645, normal_anatomically: 0.443, elevated_hemidiaphragm: 0.136, hyperaeration: 0.691, vascular_redistribution: 0.216, atelectasis__chx: 0.222, cardiomegaly__chx: 0.228, consolidation__chx: 0.823, edema__chx: 0.214, enlarged_cardiomediastinum__chx: 0.781, fracture__chx: 0.410, lung_lesion__chx: 0.079, lung_opacity__chx: 0.772, no_finding__chx: 0.472, pleural_effusion__chx: 0.222, pleural_other__chx: 0.838, pneumonia__chx: 0.681, pneumothorax__chx: 0.997, support_devices__chx: 0.218
  Val accuracy per class:
    Normal: 0.287, CHF: 0.426, pneumonia: 0.287, consolidation: 0.093, enlarged_cardiac_silhouette: 0.519, linear__patchy_atelectasis: 0.176, lobar__segmental_collapse: 0.417, not_otherwise_specified_opacity___pleural__parenchymal_opacity__: 0.491, pleural_effusion_or_thickening: 0.204, pulmonary_edema__hazy_opacity: 0.417, normal_anatomically: 0.306, elevated_hemidiaphragm: 0.000, hyperaeration: 0.333, vascular_redistribution: 0.704, atelectasis__chx: 0.231, cardiomegaly__chx: 0.157, consolidation__chx: 0.713, edema__chx: 0.139, enlarged_cardiomediastinum__chx: 0.306, fracture__chx: 0.037, lung_lesion__chx: 0.046, lung_opacity__chx: 0.417, no_finding__chx: 0.333, pleural_effusion__chx: 0.167, pleural_other__chx: 0.944, pneumonia__chx: 0.815, pneumothorax__chx: 1.000, support_devices__chx: 0.759
Epoch 59 | train loss -16617.4811 | val loss 156.1631 | time 90.29s
  Train summary: macro-acc 0.570 | macro-F1 0.228 | micro-P 0.181 | micro-R 0.796 | micro-F1 0.295 | macro-PR 0.180 | micro-PR 0.177
  Val summary:   macro-acc 0.504 | macro-F1 0.225 | micro-P 0.181 | micro-R 0.824 | micro-F1 0.296 | macro-PR 0.224 | micro-PR 0.162
  Train accuracy per class:
    Normal: 0.468, CHF: 0.384, pneumonia: 0.332, consolidation: 0.164, enlarged_cardiac_silhouette: 0.270, linear__patchy_atelectasis: 0.236, lobar__segmental_collapse: 0.092, not_otherwise_specified_opacity___pleural__parenchymal_opacity__: 0.372, pleural_effusion_or_thickening: 0.645, pulmonary_edema__hazy_opacity: 0.690, normal_anatomically: 0.474, elevated_hemidiaphragm: 0.111, hyperaeration: 0.748, vascular_redistribution: 0.241, atelectasis__chx: 0.231, cardiomegaly__chx: 0.239, consolidation__chx: 0.831, edema__chx: 0.198, enlarged_cardiomediastinum__chx: 0.798, fracture__chx: 0.121, lung_lesion__chx: 0.666, lung_opacity__chx: 0.239, no_finding__chx: 0.493, pleural_effusion__chx: 0.728, pleural_other__chx: 0.855, pneumonia__chx: 0.716, pneumothorax__chx: 1.000, support_devices__chx: 0.214
  Val accuracy per class:
    Normal: 0.296, CHF: 0.426, pneumonia: 0.287, consolidation: 0.093, enlarged_cardiac_silhouette: 0.241, linear__patchy_atelectasis: 0.176, lobar__segmental_collapse: 0.009, not_otherwise_specified_opacity___pleural__parenchymal_opacity__: 0.454, pleural_effusion_or_thickening: 0.509, pulmonary_edema__hazy_opacity: 0.407, normal_anatomically: 0.324, elevated_hemidiaphragm: 0.000, hyperaeration: 0.722, vascular_redistribution: 0.815, atelectasis__chx: 0.269, cardiomegaly__chx: 0.315, consolidation__chx: 0.704, edema__chx: 0.139, enlarged_cardiomediastinum__chx: 0.361, fracture__chx: 0.065, lung_lesion__chx: 0.176, lung_opacity__chx: 0.231, no_finding__chx: 0.352, pleural_effusion__chx: 0.778, pleural_other__chx: 0.870, pneumonia__chx: 0.815, pneumothorax__chx: 1.000, support_devices__chx: 0.852
Epoch 60 | train loss -17244.5285 | val loss 72.1526 | time 89.69s
  Train summary: macro-acc 0.571 | macro-F1 0.235 | micro-P 0.178 | micro-R 0.728 | micro-F1 0.286 | macro-PR 0.183 | micro-PR 0.179
  Val summary:   macro-acc 0.513 | macro-F1 0.236 | micro-P 0.184 | micro-R 0.842 | micro-F1 0.303 | macro-PR 0.230 | micro-PR 0.164
  Train accuracy per class:
    Normal: 0.462, CHF: 0.372, pneumonia: 0.336, consolidation: 0.165, enlarged_cardiac_silhouette: 0.278, linear__patchy_atelectasis: 0.664, lobar__segmental_collapse: 0.468, not_otherwise_specified_opacity___pleural__parenchymal_opacity__: 0.582, pleural_effusion_or_thickening: 0.654, pulmonary_edema__hazy_opacity: 0.665, normal_anatomically: 0.458, elevated_hemidiaphragm: 0.091, hyperaeration: 0.681, vascular_redistribution: 0.239, atelectasis__chx: 0.268, cardiomegaly__chx: 0.231, consolidation__chx: 0.803, edema__chx: 0.482, enlarged_cardiomediastinum__chx: 0.792, fracture__chx: 0.150, lung_lesion__chx: 0.098, lung_opacity__chx: 0.691, no_finding__chx: 0.505, pleural_effusion__chx: 0.222, pleural_other__chx: 0.831, pneumonia__chx: 0.785, pneumothorax__chx: 0.997, support_devices__chx: 0.230
  Val accuracy per class:
    Normal: 0.324, CHF: 0.426, pneumonia: 0.287, consolidation: 0.093, enlarged_cardiac_silhouette: 0.241, linear__patchy_atelectasis: 0.741, lobar__segmental_collapse: 0.269, not_otherwise_specified_opacity___pleural__parenchymal_opacity__: 0.472, pleural_effusion_or_thickening: 0.491, pulmonary_edema__hazy_opacity: 0.481, normal_anatomically: 0.315, elevated_hemidiaphragm: 0.000, hyperaeration: 0.574, vascular_redistribution: 0.630, atelectasis__chx: 0.630, cardiomegaly__chx: 0.157, consolidation__chx: 0.639, edema__chx: 0.472, enlarged_cardiomediastinum__chx: 0.407, fracture__chx: 0.009, lung_lesion__chx: 0.046, lung_opacity__chx: 0.287, no_finding__chx: 0.352, pleural_effusion__chx: 0.167, pleural_other__chx: 0.833, pneumonia__chx: 0.815, pneumothorax__chx: 1.000, support_devices__chx: 0.667
Epoch 61 | train loss -17927.5408 | val loss -69.8963 | time 90.15s
  Train summary: macro-acc 0.573 | macro-F1 0.240 | micro-P 0.186 | micro-R 0.802 | micro-F1 0.302 | macro-PR 0.181 | micro-PR 0.176
  Val summary:   macro-acc 0.557 | macro-F1 0.245 | micro-P 0.192 | micro-R 0.871 | micro-F1 0.315 | macro-PR 0.224 | micro-PR 0.152
  Train accuracy per class:
    Normal: 0.474, CHF: 0.371, pneumonia: 0.319, consolidation: 0.609, enlarged_cardiac_silhouette: 0.263, linear__patchy_atelectasis: 0.413, lobar__segmental_collapse: 0.518, not_otherwise_specified_opacity___pleural__parenchymal_opacity__: 0.388, pleural_effusion_or_thickening: 0.621, pulmonary_edema__hazy_opacity: 0.569, normal_anatomically: 0.467, elevated_hemidiaphragm: 0.088, hyperaeration: 0.459, vascular_redistribution: 0.220, atelectasis__chx: 0.387, cardiomegaly__chx: 0.224, consolidation__chx: 0.807, edema__chx: 0.201, enlarged_cardiomediastinum__chx: 0.807, fracture__chx: 0.164, lung_lesion__chx: 0.454, lung_opacity__chx: 0.501, no_finding__chx: 0.500, pleural_effusion__chx: 0.240, pleural_other__chx: 0.832, pneumonia__chx: 0.794, pneumothorax__chx: 0.996, support_devices__chx: 0.281
  Val accuracy per class:
    Normal: 0.296, CHF: 0.426, pneumonia: 0.287, consolidation: 0.278, enlarged_cardiac_silhouette: 0.241, linear__patchy_atelectasis: 0.222, lobar__segmental_collapse: 0.361, not_otherwise_specified_opacity___pleural__parenchymal_opacity__: 0.454, pleural_effusion_or_thickening: 0.546, pulmonary_edema__hazy_opacity: 0.676, normal_anatomically: 0.306, elevated_hemidiaphragm: 0.000, hyperaeration: 0.509, vascular_redistribution: 0.546, atelectasis__chx: 0.657, cardiomegaly__chx: 0.157, consolidation__chx: 0.759, edema__chx: 0.139, enlarged_cardiomediastinum__chx: 0.602, fracture__chx: 0.352, lung_lesion__chx: 0.120, lung_opacity__chx: 0.389, no_finding__chx: 0.333, pleural_effusion__chx: 0.167, pleural_other__chx: 0.926, pneumonia__chx: 0.713, pneumothorax__chx: 1.000, support_devices__chx: 0.722
Epoch 62 | train loss -18686.7925 | val loss -80.7841 | time 89.01s
  Train summary: macro-acc 0.577 | macro-F1 0.236 | micro-P 0.175 | micro-R 0.805 | micro-F1 0.287 | macro-PR 0.183 | micro-PR 0.179
  Val summary:   macro-acc 0.559 | macro-F1 0.239 | micro-P 0.189 | micro-R 0.876 | micro-F1 0.310 | macro-PR 0.218 | micro-PR 0.147
  Train accuracy per class:
    Normal: 0.475, CHF: 0.363, pneumonia: 0.334, consolidation: 0.154, enlarged_cardiac_silhouette: 0.425, linear__patchy_atelectasis: 0.207, lobar__segmental_collapse: 0.074, not_otherwise_specified_opacity___pleural__parenchymal_opacity__: 0.483, pleural_effusion_or_thickening: 0.620, pulmonary_edema__hazy_opacity: 0.645, normal_anatomically: 0.472, elevated_hemidiaphragm: 0.079, hyperaeration: 0.561, vascular_redistribution: 0.224, atelectasis__chx: 0.389, cardiomegaly__chx: 0.240, consolidation__chx: 0.854, edema__chx: 0.193, enlarged_cardiomediastinum__chx: 0.801, fracture__chx: 0.194, lung_lesion__chx: 0.095, lung_opacity__chx: 0.234, no_finding__chx: 0.508, pleural_effusion__chx: 0.227, pleural_other__chx: 0.840, pneumonia__chx: 0.788, pneumothorax__chx: 0.996, support_devices__chx: 0.269
  Val accuracy per class:
    Normal: 0.306, CHF: 0.426, pneumonia: 0.287, consolidation: 0.093, enlarged_cardiac_silhouette: 0.269, linear__patchy_atelectasis: 0.176, lobar__segmental_collapse: 0.009, not_otherwise_specified_opacity___pleural__parenchymal_opacity__: 0.472, pleural_effusion_or_thickening: 0.602, pulmonary_edema__hazy_opacity: 0.509, normal_anatomically: 0.306, elevated_hemidiaphragm: 0.000, hyperaeration: 0.343, vascular_redistribution: 0.519, atelectasis__chx: 0.667, cardiomegaly__chx: 0.454, consolidation__chx: 0.907, edema__chx: 0.139, enlarged_cardiomediastinum__chx: 0.537, fracture__chx: 0.491, lung_lesion__chx: 0.046, lung_opacity__chx: 0.231, no_finding__chx: 0.343, pleural_effusion__chx: 0.167, pleural_other__chx: 0.861, pneumonia__chx: 0.815, pneumothorax__chx: 1.000, support_devices__chx: 0.815
Epoch 63 | train loss -19347.5984 | val loss 320.1025 | time 89.82s
  Train summary: macro-acc 0.577 | macro-F1 0.244 | micro-P 0.185 | micro-R 0.813 | micro-F1 0.302 | macro-PR 0.186 | micro-PR 0.180
  Val summary:   macro-acc 0.489 | macro-F1 0.203 | micro-P 0.165 | micro-R 0.687 | micro-F1 0.266 | macro-PR 0.219 | micro-PR 0.137
  Train accuracy per class:
    Normal: 0.479, CHF: 0.384, pneumonia: 0.327, consolidation: 0.154, enlarged_cardiac_silhouette: 0.319, linear__patchy_atelectasis: 0.232, lobar__segmental_collapse: 0.739, not_otherwise_specified_opacity___pleural__parenchymal_opacity__: 0.389, pleural_effusion_or_thickening: 0.639, pulmonary_edema__hazy_opacity: 0.606, normal_anatomically: 0.471, elevated_hemidiaphragm: 0.103, hyperaeration: 0.826, vascular_redistribution: 0.224, atelectasis__chx: 0.222, cardiomegaly__chx: 0.224, consolidation__chx: 0.073, edema__chx: 0.203, enlarged_cardiomediastinum__chx: 0.793, fracture__chx: 0.177, lung_lesion__chx: 0.781, lung_opacity__chx: 0.803, no_finding__chx: 0.493, pleural_effusion__chx: 0.226, pleural_other__chx: 0.842, pneumonia__chx: 0.764, pneumothorax__chx: 0.997, support_devices__chx: 0.208
  Val accuracy per class:
    Normal: 0.481, CHF: 0.426, pneumonia: 0.287, consolidation: 0.093, enlarged_cardiac_silhouette: 0.398, linear__patchy_atelectasis: 0.176, lobar__segmental_collapse: 0.333, not_otherwise_specified_opacity___pleural__parenchymal_opacity__: 0.454, pleural_effusion_or_thickening: 0.583, pulmonary_edema__hazy_opacity: 0.602, normal_anatomically: 0.583, elevated_hemidiaphragm: 0.000, hyperaeration: 0.407, vascular_redistribution: 1.000, atelectasis__chx: 0.704, cardiomegaly__chx: 0.361, consolidation__chx: 0.028, edema__chx: 0.139, enlarged_cardiomediastinum__chx: 0.000, fracture__chx: 0.778, lung_lesion__chx: 0.185, lung_opacity__chx: 0.398, no_finding__chx: 0.556, pleural_effusion__chx: 0.167, pleural_other__chx: 0.278, pneumonia__chx: 0.815, pneumothorax__chx: 1.000, support_devices__chx: 0.963
Epoch 64 | train loss -20132.3018 | val loss 116.9264 | time 89.78s
  Train summary: macro-acc 0.580 | macro-F1 0.243 | micro-P 0.181 | micro-R 0.804 | micro-F1 0.295 | macro-PR 0.183 | micro-PR 0.185
  Val summary:   macro-acc 0.527 | macro-F1 0.215 | micro-P 0.175 | micro-R 0.758 | micro-F1 0.285 | macro-PR 0.220 | micro-PR 0.162
  Train accuracy per class:
    Normal: 0.455, CHF: 0.379, pneumonia: 0.328, consolidation: 0.161, enlarged_cardiac_silhouette: 0.311, linear__patchy_atelectasis: 0.219, lobar__segmental_collapse: 0.455, not_otherwise_specified_opacity___pleural__parenchymal_opacity__: 0.364, pleural_effusion_or_thickening: 0.706, pulmonary_edema__hazy_opacity: 0.661, normal_anatomically: 0.482, elevated_hemidiaphragm: 0.088, hyperaeration: 0.665, vascular_redistribution: 0.214, atelectasis__chx: 0.223, cardiomegaly__chx: 0.237, consolidation__chx: 0.838, edema__chx: 0.207, enlarged_cardiomediastinum__chx: 0.810, fracture__chx: 0.158, lung_lesion__chx: 0.098, lung_opacity__chx: 0.793, no_finding__chx: 0.500, pleural_effusion__chx: 0.224, pleural_other__chx: 0.850, pneumonia__chx: 0.759, pneumothorax__chx: 0.999, support_devices__chx: 0.208
  Val accuracy per class:
    Normal: 0.333, CHF: 0.426, pneumonia: 0.287, consolidation: 0.093, enlarged_cardiac_silhouette: 0.380, linear__patchy_atelectasis: 0.176, lobar__segmental_collapse: 0.028, not_otherwise_specified_opacity___pleural__parenchymal_opacity__: 0.454, pleural_effusion_or_thickening: 0.593, pulmonary_edema__hazy_opacity: 0.463, normal_anatomically: 0.417, elevated_hemidiaphragm: 0.000, hyperaeration: 0.231, vascular_redistribution: 1.000, atelectasis__chx: 0.565, cardiomegaly__chx: 0.537, consolidation__chx: 0.852, edema__chx: 0.139, enlarged_cardiomediastinum__chx: 0.287, fracture__chx: 0.250, lung_lesion__chx: 0.046, lung_opacity__chx: 0.333, no_finding__chx: 0.435, pleural_effusion__chx: 0.167, pleural_other__chx: 0.870, pneumonia__chx: 0.815, pneumothorax__chx: 1.000, support_devices__chx: 0.963
Epoch 65 | train loss -20799.3396 | val loss 541.6541 | time 89.01s
  Train summary: macro-acc 0.580 | macro-F1 0.234 | micro-P 0.178 | micro-R 0.789 | micro-F1 0.291 | macro-PR 0.184 | micro-PR 0.187
  Val summary:   macro-acc 0.498 | macro-F1 0.163 | micro-P 0.164 | micro-R 0.624 | micro-F1 0.259 | macro-PR 0.223 | micro-PR 0.142
  Train accuracy per class:
    Normal: 0.467, CHF: 0.394, pneumonia: 0.343, consolidation: 0.168, enlarged_cardiac_silhouette: 0.296, linear__patchy_atelectasis: 0.639, lobar__segmental_collapse: 0.826, not_otherwise_specified_opacity___pleural__parenchymal_opacity__: 0.371, pleural_effusion_or_thickening: 0.706, pulmonary_edema__hazy_opacity: 0.712, normal_anatomically: 0.468, elevated_hemidiaphragm: 0.112, hyperaeration: 0.474, vascular_redistribution: 0.240, atelectasis__chx: 0.223, cardiomegaly__chx: 0.268, consolidation__chx: 0.061, edema__chx: 0.210, enlarged_cardiomediastinum__chx: 0.801, fracture__chx: 0.164, lung_lesion__chx: 0.083, lung_opacity__chx: 0.235, no_finding__chx: 0.504, pleural_effusion__chx: 0.760, pleural_other__chx: 0.854, pneumonia__chx: 0.774, pneumothorax__chx: 1.000, support_devices__chx: 0.199
  Val accuracy per class:
    Normal: 0.713, CHF: 0.444, pneumonia: 0.287, consolidation: 0.093, enlarged_cardiac_silhouette: 0.278, linear__patchy_atelectasis: 0.204, lobar__segmental_collapse: 0.269, not_otherwise_specified_opacity___pleural__parenchymal_opacity__: 0.454, pleural_effusion_or_thickening: 0.611, pulmonary_edema__hazy_opacity: 0.352, normal_anatomically: 0.704, elevated_hemidiaphragm: 0.000, hyperaeration: 0.296, vascular_redistribution: 1.000, atelectasis__chx: 0.898, cardiomegaly__chx: 0.843, consolidation__chx: 0.028, edema__chx: 0.139, enlarged_cardiomediastinum__chx: 0.000, fracture__chx: 0.991, lung_lesion__chx: 0.046, lung_opacity__chx: 0.231, no_finding__chx: 0.676, pleural_effusion__chx: 0.528, pleural_other__chx: 0.269, pneumonia__chx: 0.815, pneumothorax__chx: 1.000, support_devices__chx: 0.963
Epoch 66 | train loss -21504.2867 | val loss 106.2403 | time 88.21s
  Train summary: macro-acc 0.580 | macro-F1 0.245 | micro-P 0.192 | micro-R 0.766 | micro-F1 0.307 | macro-PR 0.187 | micro-PR 0.175
  Val summary:   macro-acc 0.508 | macro-F1 0.232 | micro-P 0.191 | micro-R 0.860 | micro-F1 0.313 | macro-PR 0.223 | micro-PR 0.150
  Train accuracy per class:
    Normal: 0.459, CHF: 0.371, pneumonia: 0.317, consolidation: 0.801, enlarged_cardiac_silhouette: 0.418, linear__patchy_atelectasis: 0.224, lobar__segmental_collapse: 0.753, not_otherwise_specified_opacity___pleural__parenchymal_opacity__: 0.617, pleural_effusion_or_thickening: 0.269, pulmonary_edema__hazy_opacity: 0.648, normal_anatomically: 0.466, elevated_hemidiaphragm: 0.111, hyperaeration: 0.743, vascular_redistribution: 0.240, atelectasis__chx: 0.224, cardiomegaly__chx: 0.244, consolidation__chx: 0.821, edema__chx: 0.210, enlarged_cardiomediastinum__chx: 0.794, fracture__chx: 0.189, lung_lesion__chx: 0.683, lung_opacity__chx: 0.777, no_finding__chx: 0.501, pleural_effusion__chx: 0.210, pleural_other__chx: 0.848, pneumonia__chx: 0.805, pneumothorax__chx: 1.000, support_devices__chx: 0.215
  Val accuracy per class:
    Normal: 0.287, CHF: 0.426, pneumonia: 0.287, consolidation: 0.556, enlarged_cardiac_silhouette: 0.528, linear__patchy_atelectasis: 0.176, lobar__segmental_collapse: 0.343, not_otherwise_specified_opacity___pleural__parenchymal_opacity__: 0.491, pleural_effusion_or_thickening: 0.204, pulmonary_edema__hazy_opacity: 0.444, normal_anatomically: 0.306, elevated_hemidiaphragm: 0.000, hyperaeration: 0.296, vascular_redistribution: 0.769, atelectasis__chx: 0.528, cardiomegaly__chx: 0.185, consolidation__chx: 0.704, edema__chx: 0.139, enlarged_cardiomediastinum__chx: 0.278, fracture__chx: 0.713, lung_lesion__chx: 0.157, lung_opacity__chx: 0.389, no_finding__chx: 0.352, pleural_effusion__chx: 0.167, pleural_other__chx: 0.917, pneumonia__chx: 0.815, pneumothorax__chx: 1.000, support_devices__chx: 0.787
  Checkpoint saved to /project/hnguyen2/mvu9/folder_04_ma/gaze-01/runs/st2/checkpoints_image_bbox_seg_text/20251027-013614_best.pt
Epoch 67 | train loss -22263.4852 | val loss -153.7559 | time 89.61s
  Train summary: macro-acc 0.581 | macro-F1 0.240 | micro-P 0.184 | micro-R 0.832 | micro-F1 0.301 | macro-PR 0.192 | micro-PR 0.181
  Val summary:   macro-acc 0.567 | macro-F1 0.239 | micro-P 0.187 | micro-R 0.887 | micro-F1 0.308 | macro-PR 0.217 | micro-PR 0.158
  Train accuracy per class:
    Normal: 0.454, CHF: 0.364, pneumonia: 0.326, consolidation: 0.158, enlarged_cardiac_silhouette: 0.459, linear__patchy_atelectasis: 0.207, lobar__segmental_collapse: 0.466, not_otherwise_specified_opacity___pleural__parenchymal_opacity__: 0.380, pleural_effusion_or_thickening: 0.270, pulmonary_edema__hazy_opacity: 0.648, normal_anatomically: 0.484, elevated_hemidiaphragm: 0.075, hyperaeration: 0.645, vascular_redistribution: 0.232, atelectasis__chx: 0.492, cardiomegaly__chx: 0.245, consolidation__chx: 0.790, edema__chx: 0.208, enlarged_cardiomediastinum__chx: 0.801, fracture__chx: 0.208, lung_lesion__chx: 0.426, lung_opacity__chx: 0.463, no_finding__chx: 0.497, pleural_effusion__chx: 0.218, pleural_other__chx: 0.716, pneumonia__chx: 0.825, pneumothorax__chx: 0.999, support_devices__chx: 0.252
  Val accuracy per class:
    Normal: 0.296, CHF: 0.426, pneumonia: 0.287, consolidation: 0.093, enlarged_cardiac_silhouette: 0.537, linear__patchy_atelectasis: 0.176, lobar__segmental_collapse: 0.231, not_otherwise_specified_opacity___pleural__parenchymal_opacity__: 0.454, pleural_effusion_or_thickening: 0.204, pulmonary_edema__hazy_opacity: 0.519, normal_anatomically: 0.287, elevated_hemidiaphragm: 0.000, hyperaeration: 0.315, vascular_redistribution: 0.454, atelectasis__chx: 0.676, cardiomegaly__chx: 0.176, consolidation__chx: 0.815, edema__chx: 0.139, enlarged_cardiomediastinum__chx: 0.602, fracture__chx: 0.463, lung_lesion__chx: 0.074, lung_opacity__chx: 0.315, no_finding__chx: 0.324, pleural_effusion__chx: 0.167, pleural_other__chx: 0.917, pneumonia__chx: 0.778, pneumothorax__chx: 1.000, support_devices__chx: 0.694
Epoch 68 | train loss -23101.8862 | val loss 343.7968 | time 88.31s
  Train summary: macro-acc 0.585 | macro-F1 0.241 | micro-P 0.194 | micro-R 0.791 | micro-F1 0.312 | macro-PR 0.178 | micro-PR 0.179
  Val summary:   macro-acc 0.492 | macro-F1 0.202 | micro-P 0.176 | micro-R 0.718 | micro-F1 0.283 | macro-PR 0.209 | micro-PR 0.145
  Train accuracy per class:
    Normal: 0.484, CHF: 0.371, pneumonia: 0.334, consolidation: 0.160, enlarged_cardiac_silhouette: 0.354, linear__patchy_atelectasis: 0.232, lobar__segmental_collapse: 0.840, not_otherwise_specified_opacity___pleural__parenchymal_opacity__: 0.384, pleural_effusion_or_thickening: 0.677, pulmonary_edema__hazy_opacity: 0.752, normal_anatomically: 0.472, elevated_hemidiaphragm: 0.067, hyperaeration: 0.811, vascular_redistribution: 0.226, atelectasis__chx: 0.208, cardiomegaly__chx: 0.215, consolidation__chx: 0.836, edema__chx: 0.202, enlarged_cardiomediastinum__chx: 0.802, fracture__chx: 0.211, lung_lesion__chx: 0.805, lung_opacity__chx: 0.809, no_finding__chx: 0.495, pleural_effusion__chx: 0.227, pleural_other__chx: 0.877, pneumonia__chx: 0.756, pneumothorax__chx: 0.997, support_devices__chx: 0.219
  Val accuracy per class:
    Normal: 0.583, CHF: 0.426, pneumonia: 0.287, consolidation: 0.093, enlarged_cardiac_silhouette: 0.269, linear__patchy_atelectasis: 0.176, lobar__segmental_collapse: 0.241, not_otherwise_specified_opacity___pleural__parenchymal_opacity__: 0.454, pleural_effusion_or_thickening: 0.500, pulmonary_edema__hazy_opacity: 0.454, normal_anatomically: 0.519, elevated_hemidiaphragm: 0.000, hyperaeration: 0.278, vascular_redistribution: 1.000, atelectasis__chx: 0.620, cardiomegaly__chx: 0.157, consolidation__chx: 0.620, edema__chx: 0.139, enlarged_cardiomediastinum__chx: 0.000, fracture__chx: 0.991, lung_lesion__chx: 0.176, lung_opacity__chx: 0.398, no_finding__chx: 0.565, pleural_effusion__chx: 0.167, pleural_other__chx: 0.926, pneumonia__chx: 0.815, pneumothorax__chx: 1.000, support_devices__chx: 0.963
Epoch 69 | train loss -23932.6759 | val loss -136.0661 | time 90.69s
  Train summary: macro-acc 0.582 | macro-F1 0.239 | micro-P 0.190 | micro-R 0.819 | micro-F1 0.309 | macro-PR 0.183 | micro-PR 0.182
  Val summary:   macro-acc 0.543 | macro-F1 0.242 | micro-P 0.189 | micro-R 0.893 | micro-F1 0.313 | macro-PR 0.214 | micro-PR 0.139
  Train accuracy per class:
    Normal: 0.478, CHF: 0.368, pneumonia: 0.331, consolidation: 0.579, enlarged_cardiac_silhouette: 0.286, linear__patchy_atelectasis: 0.479, lobar__segmental_collapse: 0.478, not_otherwise_specified_opacity___pleural__parenchymal_opacity__: 0.384, pleural_effusion_or_thickening: 0.264, pulmonary_edema__hazy_opacity: 0.596, normal_anatomically: 0.467, elevated_hemidiaphragm: 0.075, hyperaeration: 0.553, vascular_redistribution: 0.236, atelectasis__chx: 0.546, cardiomegaly__chx: 0.223, consolidation__chx: 0.828, edema__chx: 0.215, enlarged_cardiomediastinum__chx: 0.802, fracture__chx: 0.219, lung_lesion__chx: 0.391, lung_opacity__chx: 0.423, no_finding__chx: 0.501, pleural_effusion__chx: 0.224, pleural_other__chx: 0.844, pneumonia__chx: 0.846, pneumothorax__chx: 0.997, support_devices__chx: 0.459
  Val accuracy per class:
    Normal: 0.315, CHF: 0.426, pneumonia: 0.287, consolidation: 0.278, enlarged_cardiac_silhouette: 0.241, linear__patchy_atelectasis: 0.296, lobar__segmental_collapse: 0.259, not_otherwise_specified_opacity___pleural__parenchymal_opacity__: 0.454, pleural_effusion_or_thickening: 0.204, pulmonary_edema__hazy_opacity: 0.500, normal_anatomically: 0.315, elevated_hemidiaphragm: 0.000, hyperaeration: 0.185, vascular_redistribution: 0.565, atelectasis__chx: 0.676, cardiomegaly__chx: 0.185, consolidation__chx: 0.759, edema__chx: 0.139, enlarged_cardiomediastinum__chx: 0.546, fracture__chx: 0.565, lung_lesion__chx: 0.130, lung_opacity__chx: 0.361, no_finding__chx: 0.343, pleural_effusion__chx: 0.167, pleural_other__chx: 0.926, pneumonia__chx: 0.731, pneumothorax__chx: 1.000, support_devices__chx: 0.778
Epoch 70 | train loss -24682.5287 | val loss -56.8417 | time 88.69s
  Train summary: macro-acc 0.586 | macro-F1 0.238 | micro-P 0.184 | micro-R 0.816 | micro-F1 0.300 | macro-PR 0.185 | micro-PR 0.181
  Val summary:   macro-acc 0.562 | macro-F1 0.250 | micro-P 0.185 | micro-R 0.900 | micro-F1 0.307 | macro-PR 0.232 | micro-PR 0.145
  Train accuracy per class:
    Normal: 0.470, CHF: 0.373, pneumonia: 0.332, consolidation: 0.154, enlarged_cardiac_silhouette: 0.493, linear__patchy_atelectasis: 0.216, lobar__segmental_collapse: 0.083, not_otherwise_specified_opacity___pleural__parenchymal_opacity__: 0.376, pleural_effusion_or_thickening: 0.578, pulmonary_edema__hazy_opacity: 0.577, normal_anatomically: 0.479, elevated_hemidiaphragm: 0.058, hyperaeration: 0.325, vascular_redistribution: 0.234, atelectasis__chx: 0.724, cardiomegaly__chx: 0.311, consolidation__chx: 0.797, edema__chx: 0.212, enlarged_cardiomediastinum__chx: 0.809, fracture__chx: 0.189, lung_lesion__chx: 0.111, lung_opacity__chx: 0.223, no_finding__chx: 0.492, pleural_effusion__chx: 0.228, pleural_other__chx: 0.836, pneumonia__chx: 0.840, pneumothorax__chx: 0.996, support_devices__chx: 0.975
  Val accuracy per class:
    Normal: 0.287, CHF: 0.426, pneumonia: 0.287, consolidation: 0.093, enlarged_cardiac_silhouette: 0.343, linear__patchy_atelectasis: 0.176, lobar__segmental_collapse: 0.194, not_otherwise_specified_opacity___pleural__parenchymal_opacity__: 0.463, pleural_effusion_or_thickening: 0.574, pulmonary_edema__hazy_opacity: 0.528, normal_anatomically: 0.296, elevated_hemidiaphragm: 0.000, hyperaeration: 0.241, vascular_redistribution: 0.278, atelectasis__chx: 0.685, cardiomegaly__chx: 0.491, consolidation__chx: 0.769, edema__chx: 0.139, enlarged_cardiomediastinum__chx: 0.972, fracture__chx: 0.056, lung_lesion__chx: 0.046, lung_opacity__chx: 0.324, no_finding__chx: 0.324, pleural_effusion__chx: 0.167, pleural_other__chx: 0.907, pneumonia__chx: 0.602, pneumothorax__chx: 0.685, support_devices__chx: 0.741
Epoch 71 | train loss -25641.5472 | val loss 253.5784 | time 89.69s
  Train summary: macro-acc 0.586 | macro-F1 0.234 | micro-P 0.182 | micro-R 0.721 | micro-F1 0.290 | macro-PR 0.187 | micro-PR 0.186
  Val summary:   macro-acc 0.454 | macro-F1 0.209 | micro-P 0.165 | micro-R 0.724 | micro-F1 0.269 | macro-PR 0.220 | micro-PR 0.132
  Train accuracy per class:
    Normal: 0.471, CHF: 0.412, pneumonia: 0.332, consolidation: 0.169, enlarged_cardiac_silhouette: 0.467, linear__patchy_atelectasis: 0.228, lobar__segmental_collapse: 0.815, not_otherwise_specified_opacity___pleural__parenchymal_opacity__: 0.675, pleural_effusion_or_thickening: 0.685, pulmonary_edema__hazy_opacity: 0.722, normal_anatomically: 0.484, elevated_hemidiaphragm: 0.087, hyperaeration: 0.796, vascular_redistribution: 0.232, atelectasis__chx: 0.214, cardiomegaly__chx: 0.240, consolidation__chx: 0.801, edema__chx: 0.547, enlarged_cardiomediastinum__chx: 0.806, fracture__chx: 0.172, lung_lesion__chx: 0.092, lung_opacity__chx: 0.226, no_finding__chx: 0.503, pleural_effusion__chx: 0.628, pleural_other__chx: 0.828, pneumonia__chx: 0.840, pneumothorax__chx: 0.997, support_devices__chx: 0.212
  Val accuracy per class:
    Normal: 0.454, CHF: 0.444, pneumonia: 0.287, consolidation: 0.093, enlarged_cardiac_silhouette: 0.278, linear__patchy_atelectasis: 0.176, lobar__segmental_collapse: 0.269, not_otherwise_specified_opacity___pleural__parenchymal_opacity__: 0.491, pleural_effusion_or_thickening: 0.519, pulmonary_edema__hazy_opacity: 0.528, normal_anatomically: 0.500, elevated_hemidiaphragm: 0.000, hyperaeration: 0.213, vascular_redistribution: 1.000, atelectasis__chx: 0.630, cardiomegaly__chx: 0.157, consolidation__chx: 0.056, edema__chx: 0.417, enlarged_cardiomediastinum__chx: 0.009, fracture__chx: 0.639, lung_lesion__chx: 0.046, lung_opacity__chx: 0.231, no_finding__chx: 0.491, pleural_effusion__chx: 0.519, pleural_other__chx: 0.352, pneumonia__chx: 0.815, pneumothorax__chx: 1.000, support_devices__chx: 0.963
Epoch 72 | train loss -26354.2703 | val loss 254.4607 | time 88.92s
  Train summary: macro-acc 0.576 | macro-F1 0.248 | micro-P 0.191 | micro-R 0.774 | micro-F1 0.307 | macro-PR 0.182 | micro-PR 0.180
  Val summary:   macro-acc 0.467 | macro-F1 0.207 | micro-P 0.167 | micro-R 0.742 | micro-F1 0.273 | macro-PR 0.227 | micro-PR 0.134
  Train accuracy per class:
    Normal: 0.467, CHF: 0.365, pneumonia: 0.319, consolidation: 0.799, enlarged_cardiac_silhouette: 0.272, linear__patchy_atelectasis: 0.620, lobar__segmental_collapse: 0.835, not_otherwise_specified_opacity___pleural__parenchymal_opacity__: 0.369, pleural_effusion_or_thickening: 0.627, pulmonary_edema__hazy_opacity: 0.577, normal_anatomically: 0.493, elevated_hemidiaphragm: 0.090, hyperaeration: 0.117, vascular_redistribution: 0.240, atelectasis__chx: 0.234, cardiomegaly__chx: 0.226, consolidation__chx: 0.814, edema__chx: 0.183, enlarged_cardiomediastinum__chx: 0.806, fracture__chx: 0.165, lung_lesion__chx: 0.743, lung_opacity__chx: 0.813, no_finding__chx: 0.515, pleural_effusion__chx: 0.223, pleural_other__chx: 0.818, pneumonia__chx: 0.840, pneumothorax__chx: 0.999, support_devices__chx: 0.220
  Val accuracy per class:
    Normal: 0.444, CHF: 0.426, pneumonia: 0.287, consolidation: 0.194, enlarged_cardiac_silhouette: 0.241, linear__patchy_atelectasis: 0.213, lobar__segmental_collapse: 0.407, not_otherwise_specified_opacity___pleural__parenchymal_opacity__: 0.454, pleural_effusion_or_thickening: 0.639, pulmonary_edema__hazy_opacity: 0.389, normal_anatomically: 0.454, elevated_hemidiaphragm: 0.000, hyperaeration: 0.102, vascular_redistribution: 1.000, atelectasis__chx: 0.639, cardiomegaly__chx: 0.157, consolidation__chx: 0.241, edema__chx: 0.139, enlarged_cardiomediastinum__chx: 0.250, fracture__chx: 0.556, lung_lesion__chx: 0.157, lung_opacity__chx: 0.380, no_finding__chx: 0.444, pleural_effusion__chx: 0.167, pleural_other__chx: 0.333, pneumonia__chx: 0.815, pneumothorax__chx: 1.000, support_devices__chx: 0.963
Epoch 73 | train loss -27217.7707 | val loss -75.5905 | time 88.75s
  Train summary: macro-acc 0.582 | macro-F1 0.244 | micro-P 0.186 | micro-R 0.839 | micro-F1 0.305 | macro-PR 0.184 | micro-PR 0.185
  Val summary:   macro-acc 0.566 | macro-F1 0.232 | micro-P 0.181 | micro-R 0.809 | micro-F1 0.295 | macro-PR 0.226 | micro-PR 0.139
  Train accuracy per class:
    Normal: 0.488, CHF: 0.373, pneumonia: 0.322, consolidation: 0.158, enlarged_cardiac_silhouette: 0.431, linear__patchy_atelectasis: 0.235, lobar__segmental_collapse: 0.641, not_otherwise_specified_opacity___pleural__parenchymal_opacity__: 0.389, pleural_effusion_or_thickening: 0.545, pulmonary_edema__hazy_opacity: 0.598, normal_anatomically: 0.480, elevated_hemidiaphragm: 0.116, hyperaeration: 0.588, vascular_redistribution: 0.245, atelectasis__chx: 0.326, cardiomegaly__chx: 0.251, consolidation__chx: 0.823, edema__chx: 0.190, enlarged_cardiomediastinum__chx: 0.803, fracture__chx: 0.181, lung_lesion__chx: 0.456, lung_opacity__chx: 0.234, no_finding__chx: 0.515, pleural_effusion__chx: 0.219, pleural_other__chx: 0.803, pneumonia__chx: 0.798, pneumothorax__chx: 1.000, support_devices__chx: 0.239
  Val accuracy per class:
    Normal: 0.296, CHF: 0.426, pneumonia: 0.287, consolidation: 0.093, enlarged_cardiac_silhouette: 0.398, linear__patchy_atelectasis: 0.176, lobar__segmental_collapse: 0.287, not_otherwise_specified_opacity___pleural__parenchymal_opacity__: 0.454, pleural_effusion_or_thickening: 0.602, pulmonary_edema__hazy_opacity: 0.472, normal_anatomically: 0.315, elevated_hemidiaphragm: 0.000, hyperaeration: 0.528, vascular_redistribution: 0.611, atelectasis__chx: 0.685, cardiomegaly__chx: 0.398, consolidation__chx: 0.889, edema__chx: 0.139, enlarged_cardiomediastinum__chx: 0.528, fracture__chx: 0.481, lung_lesion__chx: 0.074, lung_opacity__chx: 0.231, no_finding__chx: 0.361, pleural_effusion__chx: 0.167, pleural_other__chx: 0.454, pneumonia__chx: 0.815, pneumothorax__chx: 1.000, support_devices__chx: 0.750
Epoch 74 | train loss -28060.0666 | val loss 631.2306 | time 88.91s
  Train summary: macro-acc 0.579 | macro-F1 0.233 | micro-P 0.165 | micro-R 0.799 | micro-F1 0.274 | macro-PR 0.177 | micro-PR 0.178
  Val summary:   macro-acc 0.510 | macro-F1 0.162 | micro-P 0.158 | micro-R 0.651 | micro-F1 0.255 | macro-PR 0.216 | micro-PR 0.136
  Train accuracy per class:
    Normal: 0.484, CHF: 0.368, pneumonia: 0.323, consolidation: 0.150, enlarged_cardiac_silhouette: 0.268, linear__patchy_atelectasis: 0.756, lobar__segmental_collapse: 0.063, not_otherwise_specified_opacity___pleural__parenchymal_opacity__: 0.377, pleural_effusion_or_thickening: 0.679, pulmonary_edema__hazy_opacity: 0.640, normal_anatomically: 0.482, elevated_hemidiaphragm: 0.098, hyperaeration: 0.144, vascular_redistribution: 0.243, atelectasis__chx: 0.236, cardiomegaly__chx: 0.235, consolidation__chx: 0.856, edema__chx: 0.190, enlarged_cardiomediastinum__chx: 0.811, fracture__chx: 0.189, lung_lesion__chx: 0.098, lung_opacity__chx: 0.223, no_finding__chx: 0.487, pleural_effusion__chx: 0.236, pleural_other__chx: 0.094, pneumonia__chx: 0.858, pneumothorax__chx: 1.000, support_devices__chx: 0.219
  Val accuracy per class:
    Normal: 0.713, CHF: 0.426, pneumonia: 0.287, consolidation: 0.093, enlarged_cardiac_silhouette: 0.463, linear__patchy_atelectasis: 0.306, lobar__segmental_collapse: 0.009, not_otherwise_specified_opacity___pleural__parenchymal_opacity__: 0.454, pleural_effusion_or_thickening: 0.296, pulmonary_edema__hazy_opacity: 0.306, normal_anatomically: 0.704, elevated_hemidiaphragm: 0.000, hyperaeration: 0.102, vascular_redistribution: 1.000, atelectasis__chx: 0.898, cardiomegaly__chx: 0.843, consolidation__chx: 0.204, edema__chx: 0.139, enlarged_cardiomediastinum__chx: 0.000, fracture__chx: 0.991, lung_lesion__chx: 0.046, lung_opacity__chx: 0.231, no_finding__chx: 0.676, pleural_effusion__chx: 0.167, pleural_other__chx: 0.000, pneumonia__chx: 0.815, pneumothorax__chx: 1.000, support_devices__chx: 0.963
Epoch 75 | train loss -28850.2915 | val loss 417.9817 | time 88.98s
  Train summary: macro-acc 0.584 | macro-F1 0.244 | micro-P 0.181 | micro-R 0.841 | micro-F1 0.297 | macro-PR 0.185 | micro-PR 0.190
  Val summary:   macro-acc 0.510 | macro-F1 0.173 | micro-P 0.165 | micro-R 0.651 | micro-F1 0.263 | macro-PR 0.208 | micro-PR 0.145
  Train accuracy per class:
    Normal: 0.475, CHF: 0.375, pneumonia: 0.325, consolidation: 0.166, enlarged_cardiac_silhouette: 0.309, linear__patchy_atelectasis: 0.220, lobar__segmental_collapse: 0.092, not_otherwise_specified_opacity___pleural__parenchymal_opacity__: 0.373, pleural_effusion_or_thickening: 0.632, pulmonary_edema__hazy_opacity: 0.736, normal_anatomically: 0.474, elevated_hemidiaphragm: 0.109, hyperaeration: 0.786, vascular_redistribution: 0.237, atelectasis__chx: 0.239, cardiomegaly__chx: 0.240, consolidation__chx: 0.860, edema__chx: 0.212, enlarged_cardiomediastinum__chx: 0.801, fracture__chx: 0.189, lung_lesion__chx: 0.111, lung_opacity__chx: 0.239, no_finding__chx: 0.516, pleural_effusion__chx: 0.223, pleural_other__chx: 0.851, pneumonia__chx: 0.818, pneumothorax__chx: 1.000, support_devices__chx: 0.227
  Val accuracy per class:
    Normal: 0.537, CHF: 0.426, pneumonia: 0.287, consolidation: 0.093, enlarged_cardiac_silhouette: 0.278, linear__patchy_atelectasis: 0.176, lobar__segmental_collapse: 0.009, not_otherwise_specified_opacity___pleural__parenchymal_opacity__: 0.454, pleural_effusion_or_thickening: 0.472, pulmonary_edema__hazy_opacity: 0.407, normal_anatomically: 0.704, elevated_hemidiaphragm: 0.000, hyperaeration: 0.361, vascular_redistribution: 1.000, atelectasis__chx: 0.898, cardiomegaly__chx: 0.796, consolidation__chx: 0.750, edema__chx: 0.139, enlarged_cardiomediastinum__chx: 0.000, fracture__chx: 0.991, lung_lesion__chx: 0.046, lung_opacity__chx: 0.231, no_finding__chx: 0.676, pleural_effusion__chx: 0.167, pleural_other__chx: 0.130, pneumonia__chx: 0.815, pneumothorax__chx: 1.000, support_devices__chx: 0.963
Epoch 76 | train loss -29712.1012 | val loss -105.0660 | time 89.28s
  Train summary: macro-acc 0.587 | macro-F1 0.242 | micro-P 0.180 | micro-R 0.851 | micro-F1 0.297 | macro-PR 0.177 | micro-PR 0.185
  Val summary:   macro-acc 0.613 | macro-F1 0.231 | micro-P 0.182 | micro-R 0.878 | micro-F1 0.301 | macro-PR 0.215 | micro-PR 0.159
  Train accuracy per class:
    Normal: 0.471, CHF: 0.429, pneumonia: 0.332, consolidation: 0.150, enlarged_cardiac_silhouette: 0.273, linear__patchy_atelectasis: 0.224, lobar__segmental_collapse: 0.587, not_otherwise_specified_opacity___pleural__parenchymal_opacity__: 0.380, pleural_effusion_or_thickening: 0.265, pulmonary_edema__hazy_opacity: 0.646, normal_anatomically: 0.476, elevated_hemidiaphragm: 0.096, hyperaeration: 0.646, vascular_redistribution: 0.239, atelectasis__chx: 0.398, cardiomegaly__chx: 0.228, consolidation__chx: 0.570, edema__chx: 0.218, enlarged_cardiomediastinum__chx: 0.809, fracture__chx: 0.187, lung_lesion__chx: 0.115, lung_opacity__chx: 0.228, no_finding__chx: 0.499, pleural_effusion__chx: 0.240, pleural_other__chx: 0.854, pneumonia__chx: 0.847, pneumothorax__chx: 1.000, support_devices__chx: 0.228
  Val accuracy per class:
    Normal: 0.324, CHF: 0.444, pneumonia: 0.287, consolidation: 0.093, enlarged_cardiac_silhouette: 0.241, linear__patchy_atelectasis: 0.176, lobar__segmental_collapse: 0.222, not_otherwise_specified_opacity___pleural__parenchymal_opacity__: 0.454, pleural_effusion_or_thickening: 0.204, pulmonary_edema__hazy_opacity: 0.602, normal_anatomically: 0.315, elevated_hemidiaphragm: 0.000, hyperaeration: 0.148, vascular_redistribution: 0.491, atelectasis__chx: 0.694, cardiomegaly__chx: 0.185, consolidation__chx: 0.759, edema__chx: 0.139, enlarged_cardiomediastinum__chx: 0.630, fracture__chx: 0.417, lung_lesion__chx: 0.046, lung_opacity__chx: 0.231, no_finding__chx: 0.333, pleural_effusion__chx: 0.167, pleural_other__chx: 0.898, pneumonia__chx: 0.815, pneumothorax__chx: 1.000, support_devices__chx: 0.713
Epoch 77 | train loss -30742.1251 | val loss 449.7159 | time 89.84s
  Train summary: macro-acc 0.587 | macro-F1 0.241 | micro-P 0.169 | micro-R 0.782 | micro-F1 0.278 | macro-PR 0.177 | micro-PR 0.186
  Val summary:   macro-acc 0.487 | macro-F1 0.164 | micro-P 0.167 | micro-R 0.620 | micro-F1 0.263 | macro-PR 0.219 | micro-PR 0.139
  Train accuracy per class:
    Normal: 0.476, CHF: 0.383, pneumonia: 0.335, consolidation: 0.153, enlarged_cardiac_silhouette: 0.348, linear__patchy_atelectasis: 0.740, lobar__segmental_collapse: 0.046, not_otherwise_specified_opacity___pleural__parenchymal_opacity__: 0.377, pleural_effusion_or_thickening: 0.621, pulmonary_edema__hazy_opacity: 0.587, normal_anatomically: 0.489, elevated_hemidiaphragm: 0.100, hyperaeration: 0.129, vascular_redistribution: 0.245, atelectasis__chx: 0.237, cardiomegaly__chx: 0.245, consolidation__chx: 0.844, edema__chx: 0.206, enlarged_cardiomediastinum__chx: 0.807, fracture__chx: 0.179, lung_lesion__chx: 0.203, lung_opacity__chx: 0.806, no_finding__chx: 0.505, pleural_effusion__chx: 0.232, pleural_other__chx: 0.111, pneumonia__chx: 0.844, pneumothorax__chx: 0.997, support_devices__chx: 0.218
  Val accuracy per class:
    Normal: 0.713, CHF: 0.426, pneumonia: 0.287, consolidation: 0.093, enlarged_cardiac_silhouette: 0.509, linear__patchy_atelectasis: 0.194, lobar__segmental_collapse: 0.009, not_otherwise_specified_opacity___pleural__parenchymal_opacity__: 0.454, pleural_effusion_or_thickening: 0.324, pulmonary_edema__hazy_opacity: 0.481, normal_anatomically: 0.704, elevated_hemidiaphragm: 0.000, hyperaeration: 0.102, vascular_redistribution: 1.000, atelectasis__chx: 0.898, cardiomegaly__chx: 0.843, consolidation__chx: 0.713, edema__chx: 0.139, enlarged_cardiomediastinum__chx: 0.000, fracture__chx: 0.991, lung_lesion__chx: 0.685, lung_opacity__chx: 0.343, no_finding__chx: 0.676, pleural_effusion__chx: 0.167, pleural_other__chx: 0.000, pneumonia__chx: 0.815, pneumothorax__chx: 1.000, support_devices__chx: 0.963
  Checkpoint saved to /project/hnguyen2/mvu9/folder_04_ma/gaze-01/runs/st2/checkpoints_image_bbox_seg_text/20251027-013614_best.pt
Epoch 78 | train loss -31619.9012 | val loss -171.8682 | time 89.53s
  Train summary: macro-acc 0.584 | macro-F1 0.243 | micro-P 0.186 | micro-R 0.795 | micro-F1 0.301 | macro-PR 0.180 | micro-PR 0.185
  Val summary:   macro-acc 0.537 | macro-F1 0.249 | micro-P 0.187 | micro-R 0.873 | micro-F1 0.308 | macro-PR 0.238 | micro-PR 0.156
  Train accuracy per class:
    Normal: 0.470, CHF: 0.361, pneumonia: 0.325, consolidation: 0.505, enlarged_cardiac_silhouette: 0.434, linear__patchy_atelectasis: 0.450, lobar__segmental_collapse: 0.288, not_otherwise_specified_opacity___pleural__parenchymal_opacity__: 0.397, pleural_effusion_or_thickening: 0.641, pulmonary_edema__hazy_opacity: 0.586, normal_anatomically: 0.491, elevated_hemidiaphragm: 0.098, hyperaeration: 0.578, vascular_redistribution: 0.236, atelectasis__chx: 0.551, cardiomegaly__chx: 0.236, consolidation__chx: 0.851, edema__chx: 0.218, enlarged_cardiomediastinum__chx: 0.802, fracture__chx: 0.182, lung_lesion__chx: 0.140, lung_opacity__chx: 0.302, no_finding__chx: 0.517, pleural_effusion__chx: 0.224, pleural_other__chx: 0.823, pneumonia__chx: 0.860, pneumothorax__chx: 1.000, support_devices__chx: 0.414
  Val accuracy per class:
    Normal: 0.306, CHF: 0.426, pneumonia: 0.287, consolidation: 0.204, enlarged_cardiac_silhouette: 0.306, linear__patchy_atelectasis: 0.222, lobar__segmental_collapse: 0.185, not_otherwise_specified_opacity___pleural__parenchymal_opacity__: 0.481, pleural_effusion_or_thickening: 0.574, pulmonary_edema__hazy_opacity: 0.454, normal_anatomically: 0.333, elevated_hemidiaphragm: 0.000, hyperaeration: 0.269, vascular_redistribution: 0.472, atelectasis__chx: 0.694, cardiomegaly__chx: 0.157, consolidation__chx: 0.907, edema__chx: 0.139, enlarged_cardiomediastinum__chx: 0.769, fracture__chx: 0.352, lung_lesion__chx: 0.046, lung_opacity__chx: 0.306, no_finding__chx: 0.333, pleural_effusion__chx: 0.167, pleural_other__chx: 0.815, pneumonia__chx: 0.704, pneumothorax__chx: 1.000, support_devices__chx: 0.713
Epoch 79 | train loss -32693.0412 | val loss 551.9779 | time 88.79s
  Train summary: macro-acc 0.581 | macro-F1 0.234 | micro-P 0.162 | micro-R 0.828 | micro-F1 0.272 | macro-PR 0.177 | micro-PR 0.181
  Val summary:   macro-acc 0.464 | macro-F1 0.163 | micro-P 0.158 | micro-R 0.618 | micro-F1 0.251 | macro-PR 0.238 | micro-PR 0.140
  Train accuracy per class:
    Normal: 0.472, CHF: 0.376, pneumonia: 0.332, consolidation: 0.156, enlarged_cardiac_silhouette: 0.331, linear__patchy_atelectasis: 0.216, lobar__segmental_collapse: 0.062, not_otherwise_specified_opacity___pleural__parenchymal_opacity__: 0.369, pleural_effusion_or_thickening: 0.704, pulmonary_edema__hazy_opacity: 0.697, normal_anatomically: 0.484, elevated_hemidiaphragm: 0.086, hyperaeration: 0.495, vascular_redistribution: 0.240, atelectasis__chx: 0.248, cardiomegaly__chx: 0.216, consolidation__chx: 0.071, edema__chx: 0.206, enlarged_cardiomediastinum__chx: 0.803, fracture__chx: 0.183, lung_lesion__chx: 0.121, lung_opacity__chx: 0.227, no_finding__chx: 0.500, pleural_effusion__chx: 0.212, pleural_other__chx: 0.094, pneumonia__chx: 0.830, pneumothorax__chx: 0.997, support_devices__chx: 0.215
  Val accuracy per class:
    Normal: 0.713, CHF: 0.426, pneumonia: 0.287, consolidation: 0.093, enlarged_cardiac_silhouette: 0.472, linear__patchy_atelectasis: 0.176, lobar__segmental_collapse: 0.009, not_otherwise_specified_opacity___pleural__parenchymal_opacity__: 0.454, pleural_effusion_or_thickening: 0.620, pulmonary_edema__hazy_opacity: 0.519, normal_anatomically: 0.704, elevated_hemidiaphragm: 0.000, hyperaeration: 0.370, vascular_redistribution: 1.000, atelectasis__chx: 0.898, cardiomegaly__chx: 0.843, consolidation__chx: 0.028, edema__chx: 0.139, enlarged_cardiomediastinum__chx: 0.000, fracture__chx: 0.991, lung_lesion__chx: 0.046, lung_opacity__chx: 0.231, no_finding__chx: 0.676, pleural_effusion__chx: 0.167, pleural_other__chx: 0.000, pneumonia__chx: 0.815, pneumothorax__chx: 1.000, support_devices__chx: 0.963
Epoch 80 | train loss -33672.1443 | val loss 475.2832 | time 88.69s
  Train summary: macro-acc 0.589 | macro-F1 0.245 | micro-P 0.171 | micro-R 0.872 | micro-F1 0.286 | macro-PR 0.176 | micro-PR 0.187
  Val summary:   macro-acc 0.472 | macro-F1 0.159 | micro-P 0.155 | micro-R 0.653 | micro-F1 0.251 | macro-PR 0.216 | micro-PR 0.135
  Train accuracy per class:
    Normal: 0.466, CHF: 0.375, pneumonia: 0.314, consolidation: 0.810, enlarged_cardiac_silhouette: 0.299, linear__patchy_atelectasis: 0.214, lobar__segmental_collapse: 0.084, not_otherwise_specified_opacity___pleural__parenchymal_opacity__: 0.383, pleural_effusion_or_thickening: 0.272, pulmonary_edema__hazy_opacity: 0.447, normal_anatomically: 0.483, elevated_hemidiaphragm: 0.111, hyperaeration: 0.805, vascular_redistribution: 0.241, atelectasis__chx: 0.263, cardiomegaly__chx: 0.239, consolidation__chx: 0.086, edema__chx: 0.194, enlarged_cardiomediastinum__chx: 0.806, fracture__chx: 0.193, lung_lesion__chx: 0.108, lung_opacity__chx: 0.241, no_finding__chx: 0.504, pleural_effusion__chx: 0.216, pleural_other__chx: 0.086, pneumonia__chx: 0.828, pneumothorax__chx: 0.996, support_devices__chx: 0.223
  Val accuracy per class:
    Normal: 0.713, CHF: 0.454, pneumonia: 0.287, consolidation: 0.213, enlarged_cardiac_silhouette: 0.269, linear__patchy_atelectasis: 0.176, lobar__segmental_collapse: 0.009, not_otherwise_specified_opacity___pleural__parenchymal_opacity__: 0.454, pleural_effusion_or_thickening: 0.204, pulmonary_edema__hazy_opacity: 0.204, normal_anatomically: 0.704, elevated_hemidiaphragm: 0.000, hyperaeration: 0.287, vascular_redistribution: 1.000, atelectasis__chx: 0.898, cardiomegaly__chx: 0.843, consolidation__chx: 0.028, edema__chx: 0.139, enlarged_cardiomediastinum__chx: 0.000, fracture__chx: 0.991, lung_lesion__chx: 0.046, lung_opacity__chx: 0.231, no_finding__chx: 0.676, pleural_effusion__chx: 0.167, pleural_other__chx: 0.000, pneumonia__chx: 0.815, pneumothorax__chx: 1.000, support_devices__chx: 0.963
Epoch 81 | train loss -34572.7657 | val loss 467.9548 | time 90.33s
  Train summary: macro-acc 0.587 | macro-F1 0.251 | micro-P 0.181 | micro-R 0.805 | micro-F1 0.295 | macro-PR 0.181 | micro-PR 0.183
  Val summary:   macro-acc 0.493 | macro-F1 0.174 | micro-P 0.161 | micro-R 0.649 | micro-F1 0.258 | macro-PR 0.222 | micro-PR 0.133
  Train accuracy per class:
    Normal: 0.483, CHF: 0.389, pneumonia: 0.319, consolidation: 0.154, enlarged_cardiac_silhouette: 0.397, linear__patchy_atelectasis: 0.226, lobar__segmental_collapse: 0.799, not_otherwise_specified_opacity___pleural__parenchymal_opacity__: 0.365, pleural_effusion_or_thickening: 0.598, pulmonary_edema__hazy_opacity: 0.639, normal_anatomically: 0.471, elevated_hemidiaphragm: 0.120, hyperaeration: 0.854, vascular_redistribution: 0.248, atelectasis__chx: 0.252, cardiomegaly__chx: 0.237, consolidation__chx: 0.831, edema__chx: 0.198, enlarged_cardiomediastinum__chx: 0.802, fracture__chx: 0.210, lung_lesion__chx: 0.096, lung_opacity__chx: 0.805, no_finding__chx: 0.509, pleural_effusion__chx: 0.212, pleural_other__chx: 0.086, pneumonia__chx: 0.847, pneumothorax__chx: 0.993, support_devices__chx: 0.224
  Val accuracy per class:
    Normal: 0.500, CHF: 0.426, pneumonia: 0.287, consolidation: 0.093, enlarged_cardiac_silhouette: 0.333, linear__patchy_atelectasis: 0.176, lobar__segmental_collapse: 0.194, not_otherwise_specified_opacity___pleural__parenchymal_opacity__: 0.454, pleural_effusion_or_thickening: 0.481, pulmonary_edema__hazy_opacity: 0.435, normal_anatomically: 0.704, elevated_hemidiaphragm: 0.000, hyperaeration: 0.296, vascular_redistribution: 1.000, atelectasis__chx: 0.898, cardiomegaly__chx: 0.843, consolidation__chx: 0.231, edema__chx: 0.139, enlarged_cardiomediastinum__chx: 0.000, fracture__chx: 0.991, lung_lesion__chx: 0.046, lung_opacity__chx: 0.370, no_finding__chx: 0.593, pleural_effusion__chx: 0.167, pleural_other__chx: 0.000, pneumonia__chx: 0.815, pneumothorax__chx: 1.000, support_devices__chx: 0.963
Epoch 82 | train loss -35344.4190 | val loss 58.4518 | time 88.76s
  Train summary: macro-acc 0.587 | macro-F1 0.238 | micro-P 0.186 | micro-R 0.684 | micro-F1 0.293 | macro-PR 0.176 | micro-PR 0.185
  Val summary:   macro-acc 0.537 | macro-F1 0.219 | micro-P 0.179 | micro-R 0.767 | micro-F1 0.290 | macro-PR 0.221 | micro-PR 0.148
  Train accuracy per class:
    Normal: 0.467, CHF: 0.385, pneumonia: 0.570, consolidation: 0.753, enlarged_cardiac_silhouette: 0.394, linear__patchy_atelectasis: 0.224, lobar__segmental_collapse: 0.591, not_otherwise_specified_opacity___pleural__parenchymal_opacity__: 0.580, pleural_effusion_or_thickening: 0.679, pulmonary_edema__hazy_opacity: 0.573, normal_anatomically: 0.478, elevated_hemidiaphragm: 0.113, hyperaeration: 0.735, vascular_redistribution: 0.241, atelectasis__chx: 0.253, cardiomegaly__chx: 0.243, consolidation__chx: 0.817, edema__chx: 0.199, enlarged_cardiomediastinum__chx: 0.817, fracture__chx: 0.197, lung_lesion__chx: 0.569, lung_opacity__chx: 0.695, no_finding__chx: 0.496, pleural_effusion__chx: 0.627, pleural_other__chx: 0.811, pneumonia__chx: 0.844, pneumothorax__chx: 0.999, support_devices__chx: 0.228
  Val accuracy per class:
    Normal: 0.296, CHF: 0.426, pneumonia: 0.324, consolidation: 0.213, enlarged_cardiac_silhouette: 0.417, linear__patchy_atelectasis: 0.176, lobar__segmental_collapse: 0.259, not_otherwise_specified_opacity___pleural__parenchymal_opacity__: 0.491, pleural_effusion_or_thickening: 0.574, pulmonary_edema__hazy_opacity: 0.343, normal_anatomically: 0.417, elevated_hemidiaphragm: 0.000, hyperaeration: 0.194, vascular_redistribution: 0.824, atelectasis__chx: 0.704, cardiomegaly__chx: 0.269, consolidation__chx: 0.722, edema__chx: 0.139, enlarged_cardiomediastinum__chx: 0.444, fracture__chx: 0.704, lung_lesion__chx: 0.102, lung_opacity__chx: 0.315, no_finding__chx: 0.361, pleural_effusion__chx: 0.574, pleural_other__chx: 0.407, pneumonia__chx: 0.815, pneumothorax__chx: 1.000, support_devices__chx: 0.870
Epoch 83 | train loss -36419.8832 | val loss 262.8709 | time 88.75s
  Train summary: macro-acc 0.596 | macro-F1 0.235 | micro-P 0.180 | micro-R 0.721 | micro-F1 0.288 | macro-PR 0.189 | micro-PR 0.184
  Val summary:   macro-acc 0.499 | macro-F1 0.199 | micro-P 0.173 | micro-R 0.709 | micro-F1 0.278 | macro-PR 0.216 | micro-PR 0.142
  Train accuracy per class:
    Normal: 0.474, CHF: 0.372, pneumonia: 0.328, consolidation: 0.158, enlarged_cardiac_silhouette: 0.367, linear__patchy_atelectasis: 0.642, lobar__segmental_collapse: 0.632, not_otherwise_specified_opacity___pleural__parenchymal_opacity__: 0.670, pleural_effusion_or_thickening: 0.695, pulmonary_edema__hazy_opacity: 0.693, normal_anatomically: 0.495, elevated_hemidiaphragm: 0.120, hyperaeration: 0.107, vascular_redistribution: 0.247, atelectasis__chx: 0.231, cardiomegaly__chx: 0.218, consolidation__chx: 0.839, edema__chx: 0.201, enlarged_cardiomediastinum__chx: 0.811, fracture__chx: 0.220, lung_lesion__chx: 0.757, lung_opacity__chx: 0.231, no_finding__chx: 0.501, pleural_effusion__chx: 0.559, pleural_other__chx: 0.815, pneumonia__chx: 0.875, pneumothorax__chx: 0.999, support_devices__chx: 0.226
  Val accuracy per class:
    Normal: 0.352, CHF: 0.426, pneumonia: 0.287, consolidation: 0.093, enlarged_cardiac_silhouette: 0.454, linear__patchy_atelectasis: 0.296, lobar__segmental_collapse: 0.204, not_otherwise_specified_opacity___pleural__parenchymal_opacity__: 0.500, pleural_effusion_or_thickening: 0.556, pulmonary_edema__hazy_opacity: 0.528, normal_anatomically: 0.463, elevated_hemidiaphragm: 0.000, hyperaeration: 0.102, vascular_redistribution: 1.000, atelectasis__chx: 0.898, cardiomegaly__chx: 0.315, consolidation__chx: 0.704, edema__chx: 0.139, enlarged_cardiomediastinum__chx: 0.148, fracture__chx: 0.991, lung_lesion__chx: 0.102, lung_opacity__chx: 0.231, no_finding__chx: 0.454, pleural_effusion__chx: 0.315, pleural_other__chx: 0.352, pneumonia__chx: 0.815, pneumothorax__chx: 1.000, support_devices__chx: 0.963
  Checkpoint saved to /project/hnguyen2/mvu9/folder_04_ma/gaze-01/runs/st2/checkpoints_image_bbox_seg_text/20251027-013614_best.pt
Epoch 84 | train loss -37516.6603 | val loss -200.8949 | time 88.89s
  Train summary: macro-acc 0.588 | macro-F1 0.238 | micro-P 0.183 | micro-R 0.756 | micro-F1 0.295 | macro-PR 0.225 | micro-PR 0.186
  Val summary:   macro-acc 0.527 | macro-F1 0.236 | micro-P 0.176 | micro-R 0.796 | micro-F1 0.288 | macro-PR 0.240 | micro-PR 0.150
  Train accuracy per class:
    Normal: 0.468, CHF: 0.387, pneumonia: 0.318, consolidation: 0.592, enlarged_cardiac_silhouette: 0.397, linear__patchy_atelectasis: 0.512, lobar__segmental_collapse: 0.467, not_otherwise_specified_opacity___pleural__parenchymal_opacity__: 0.421, pleural_effusion_or_thickening: 0.641, pulmonary_edema__hazy_opacity: 0.558, normal_anatomically: 0.476, elevated_hemidiaphragm: 0.080, hyperaeration: 0.524, vascular_redistribution: 0.235, atelectasis__chx: 0.243, cardiomegaly__chx: 0.216, consolidation__chx: 0.794, edema__chx: 0.185, enlarged_cardiomediastinum__chx: 0.806, fracture__chx: 0.207, lung_lesion__chx: 0.425, lung_opacity__chx: 0.384, no_finding__chx: 0.521, pleural_effusion__chx: 0.511, pleural_other__chx: 0.819, pneumonia__chx: 0.876, pneumothorax__chx: 0.999, support_devices__chx: 0.218
  Val accuracy per class:
    Normal: 0.333, CHF: 0.444, pneumonia: 0.287, consolidation: 0.185, enlarged_cardiac_silhouette: 0.380, linear__patchy_atelectasis: 0.333, lobar__segmental_collapse: 0.222, not_otherwise_specified_opacity___pleural__parenchymal_opacity__: 0.491, pleural_effusion_or_thickening: 0.620, pulmonary_edema__hazy_opacity: 0.352, normal_anatomically: 0.370, elevated_hemidiaphragm: 0.000, hyperaeration: 0.222, vascular_redistribution: 0.694, atelectasis__chx: 0.648, cardiomegaly__chx: 0.157, consolidation__chx: 0.731, edema__chx: 0.139, enlarged_cardiomediastinum__chx: 0.370, fracture__chx: 0.667, lung_lesion__chx: 0.130, lung_opacity__chx: 0.287, no_finding__chx: 0.454, pleural_effusion__chx: 0.250, pleural_other__chx: 0.370, pneumonia__chx: 0.796, pneumothorax__chx: 1.000, support_devices__chx: 0.713
Epoch 85 | train loss -38564.1312 | val loss 314.5044 | time 87.36s
  Train summary: macro-acc 0.589 | macro-F1 0.252 | micro-P 0.180 | micro-R 0.835 | micro-F1 0.296 | macro-PR 0.180 | micro-PR 0.189
  Val summary:   macro-acc 0.522 | macro-F1 0.192 | micro-P 0.164 | micro-R 0.698 | micro-F1 0.266 | macro-PR 0.212 | micro-PR 0.142
  Train accuracy per class:
    Normal: 0.479, CHF: 0.376, pneumonia: 0.313, consolidation: 0.150, enlarged_cardiac_silhouette: 0.266, linear__patchy_atelectasis: 0.215, lobar__segmental_collapse: 0.660, not_otherwise_specified_opacity___pleural__parenchymal_opacity__: 0.379, pleural_effusion_or_thickening: 0.645, pulmonary_edema__hazy_opacity: 0.280, normal_anatomically: 0.487, elevated_hemidiaphragm: 0.119, hyperaeration: 0.083, vascular_redistribution: 0.240, atelectasis__chx: 0.251, cardiomegaly__chx: 0.214, consolidation__chx: 0.855, edema__chx: 0.204, enlarged_cardiomediastinum__chx: 0.803, fracture__chx: 0.204, lung_lesion__chx: 0.098, lung_opacity__chx: 0.807, no_finding__chx: 0.511, pleural_effusion__chx: 0.296, pleural_other__chx: 0.840, pneumonia__chx: 0.860, pneumothorax__chx: 0.995, support_devices__chx: 0.220
  Val accuracy per class:
    Normal: 0.602, CHF: 0.444, pneumonia: 0.287, consolidation: 0.093, enlarged_cardiac_silhouette: 0.241, linear__patchy_atelectasis: 0.176, lobar__segmental_collapse: 0.139, not_otherwise_specified_opacity___pleural__parenchymal_opacity__: 0.454, pleural_effusion_or_thickening: 0.602, pulmonary_edema__hazy_opacity: 0.185, normal_anatomically: 0.648, elevated_hemidiaphragm: 0.000, hyperaeration: 0.102, vascular_redistribution: 1.000, atelectasis__chx: 0.898, cardiomegaly__chx: 0.435, consolidation__chx: 0.231, edema__chx: 0.139, enlarged_cardiomediastinum__chx: 0.000, fracture__chx: 0.991, lung_lesion__chx: 0.046, lung_opacity__chx: 0.370, no_finding__chx: 0.583, pleural_effusion__chx: 0.176, pleural_other__chx: 0.306, pneumonia__chx: 0.815, pneumothorax__chx: 1.000, support_devices__chx: 0.963
Epoch 86 | train loss -39610.7042 | val loss 163.6130 | time 88.31s
  Train summary: macro-acc 0.590 | macro-F1 0.244 | micro-P 0.186 | micro-R 0.685 | micro-F1 0.293 | macro-PR 0.180 | micro-PR 0.183
  Val summary:   macro-acc 0.524 | macro-F1 0.198 | micro-P 0.177 | micro-R 0.676 | micro-F1 0.280 | macro-PR 0.215 | micro-PR 0.148
  Train accuracy per class:
    Normal: 0.487, CHF: 0.358, pneumonia: 0.322, consolidation: 0.799, enlarged_cardiac_silhouette: 0.383, linear__patchy_atelectasis: 0.661, lobar__segmental_collapse: 0.777, not_otherwise_specified_opacity___pleural__parenchymal_opacity__: 0.662, pleural_effusion_or_thickening: 0.693, pulmonary_edema__hazy_opacity: 0.356, normal_anatomically: 0.475, elevated_hemidiaphragm: 0.119, hyperaeration: 0.739, vascular_redistribution: 0.239, atelectasis__chx: 0.255, cardiomegaly__chx: 0.231, consolidation__chx: 0.846, edema__chx: 0.197, enlarged_cardiomediastinum__chx: 0.807, fracture__chx: 0.230, lung_lesion__chx: 0.112, lung_opacity__chx: 0.790, no_finding__chx: 0.511, pleural_effusion__chx: 0.580, pleural_other__chx: 0.838, pneumonia__chx: 0.863, pneumothorax__chx: 1.000, support_devices__chx: 0.218
  Val accuracy per class:
    Normal: 0.500, CHF: 0.426, pneumonia: 0.287, consolidation: 0.278, enlarged_cardiac_silhouette: 0.389, linear__patchy_atelectasis: 0.296, lobar__segmental_collapse: 0.259, not_otherwise_specified_opacity___pleural__parenchymal_opacity__: 0.491, pleural_effusion_or_thickening: 0.528, pulmonary_edema__hazy_opacity: 0.213, normal_anatomically: 0.620, elevated_hemidiaphragm: 0.000, hyperaeration: 0.287, vascular_redistribution: 1.000, atelectasis__chx: 0.787, cardiomegaly__chx: 0.630, consolidation__chx: 0.759, edema__chx: 0.139, enlarged_cardiomediastinum__chx: 0.231, fracture__chx: 0.991, lung_lesion__chx: 0.046, lung_opacity__chx: 0.380, no_finding__chx: 0.556, pleural_effusion__chx: 0.306, pleural_other__chx: 0.370, pneumonia__chx: 0.815, pneumothorax__chx: 1.000, support_devices__chx: 0.963
Epoch 87 | train loss -40640.7739 | val loss 480.0218 | time 90.57s
  Train summary: macro-acc 0.588 | macro-F1 0.233 | micro-P 0.173 | micro-R 0.802 | micro-F1 0.284 | macro-PR 0.186 | micro-PR 0.185
  Val summary:   macro-acc 0.550 | macro-F1 0.169 | micro-P 0.160 | micro-R 0.644 | micro-F1 0.257 | macro-PR 0.216 | micro-PR 0.158
  Train accuracy per class:
    Normal: 0.485, CHF: 0.359, pneumonia: 0.318, consolidation: 0.152, enlarged_cardiac_silhouette: 0.298, linear__patchy_atelectasis: 0.632, lobar__segmental_collapse: 0.831, not_otherwise_specified_opacity___pleural__parenchymal_opacity__: 0.367, pleural_effusion_or_thickening: 0.720, pulmonary_edema__hazy_opacity: 0.219, normal_anatomically: 0.479, elevated_hemidiaphragm: 0.092, hyperaeration: 0.115, vascular_redistribution: 0.226, atelectasis__chx: 0.244, cardiomegaly__chx: 0.232, consolidation__chx: 0.107, edema__chx: 0.199, enlarged_cardiomediastinum__chx: 0.815, fracture__chx: 0.230, lung_lesion__chx: 0.111, lung_opacity__chx: 0.216, no_finding__chx: 0.507, pleural_effusion__chx: 0.728, pleural_other__chx: 0.855, pneumonia__chx: 0.848, pneumothorax__chx: 0.997, support_devices__chx: 0.208
  Val accuracy per class:
    Normal: 0.713, CHF: 0.426, pneumonia: 0.287, consolidation: 0.093, enlarged_cardiac_silhouette: 0.491, linear__patchy_atelectasis: 0.343, lobar__segmental_collapse: 0.222, not_otherwise_specified_opacity___pleural__parenchymal_opacity__: 0.454, pleural_effusion_or_thickening: 0.519, pulmonary_edema__hazy_opacity: 0.167, normal_anatomically: 0.704, elevated_hemidiaphragm: 0.000, hyperaeration: 0.102, vascular_redistribution: 1.000, atelectasis__chx: 0.898, cardiomegaly__chx: 0.648, consolidation__chx: 0.028, edema__chx: 0.139, enlarged_cardiomediastinum__chx: 0.000, fracture__chx: 0.991, lung_lesion__chx: 0.046, lung_opacity__chx: 0.231, no_finding__chx: 0.676, pleural_effusion__chx: 0.231, pleural_other__chx: 0.287, pneumonia__chx: 0.815, pneumothorax__chx: 1.000, support_devices__chx: 0.963
Epoch 88 | train loss -41883.5546 | val loss 343.8808 | time 88.85s
  Train summary: macro-acc 0.587 | macro-F1 0.245 | micro-P 0.189 | micro-R 0.832 | micro-F1 0.308 | macro-PR 0.180 | micro-PR 0.186
  Val summary:   macro-acc 0.449 | macro-F1 0.179 | micro-P 0.162 | micro-R 0.667 | micro-F1 0.261 | macro-PR 0.223 | micro-PR 0.140
  Train accuracy per class:
    Normal: 0.495, CHF: 0.359, pneumonia: 0.322, consolidation: 0.139, enlarged_cardiac_silhouette: 0.301, linear__patchy_atelectasis: 0.230, lobar__segmental_collapse: 0.776, not_otherwise_specified_opacity___pleural__parenchymal_opacity__: 0.389, pleural_effusion_or_thickening: 0.243, pulmonary_edema__hazy_opacity: 0.735, normal_anatomically: 0.493, elevated_hemidiaphragm: 0.111, hyperaeration: 0.851, vascular_redistribution: 0.244, atelectasis__chx: 0.234, cardiomegaly__chx: 0.215, consolidation__chx: 0.834, edema__chx: 0.202, enlarged_cardiomediastinum__chx: 0.819, fracture__chx: 0.236, lung_lesion__chx: 0.123, lung_opacity__chx: 0.815, no_finding__chx: 0.520, pleural_effusion__chx: 0.206, pleural_other__chx: 0.842, pneumonia__chx: 0.867, pneumothorax__chx: 0.997, support_devices__chx: 0.223
  Val accuracy per class:
    Normal: 0.593, CHF: 0.426, pneumonia: 0.287, consolidation: 0.093, enlarged_cardiac_silhouette: 0.417, linear__patchy_atelectasis: 0.176, lobar__segmental_collapse: 0.120, not_otherwise_specified_opacity___pleural__parenchymal_opacity__: 0.454, pleural_effusion_or_thickening: 0.204, pulmonary_edema__hazy_opacity: 0.398, normal_anatomically: 0.704, elevated_hemidiaphragm: 0.000, hyperaeration: 0.389, vascular_redistribution: 1.000, atelectasis__chx: 0.898, cardiomegaly__chx: 0.639, consolidation__chx: 0.231, edema__chx: 0.139, enlarged_cardiomediastinum__chx: 0.000, fracture__chx: 0.991, lung_lesion__chx: 0.046, lung_opacity__chx: 0.343, no_finding__chx: 0.676, pleural_effusion__chx: 0.167, pleural_other__chx: 0.120, pneumonia__chx: 0.815, pneumothorax__chx: 1.000, support_devices__chx: 0.963
  Checkpoint saved to /project/hnguyen2/mvu9/folder_04_ma/gaze-01/runs/st2/checkpoints_image_bbox_seg_text/20251027-013614_best.pt
Epoch 89 | train loss -42869.4643 | val loss -214.1591 | time 89.32s
  Train summary: macro-acc 0.583 | macro-F1 0.243 | micro-P 0.191 | micro-R 0.810 | micro-F1 0.309 | macro-PR 0.181 | micro-PR 0.187
  Val summary:   macro-acc 0.527 | macro-F1 0.246 | micro-P 0.188 | micro-R 0.842 | micro-F1 0.308 | macro-PR 0.234 | micro-PR 0.141
  Train accuracy per class:
    Normal: 0.467, CHF: 0.397, pneumonia: 0.360, consolidation: 0.145, enlarged_cardiac_silhouette: 0.281, linear__patchy_atelectasis: 0.206, lobar__segmental_collapse: 0.297, not_otherwise_specified_opacity___pleural__parenchymal_opacity__: 0.375, pleural_effusion_or_thickening: 0.573, pulmonary_edema__hazy_opacity: 0.627, normal_anatomically: 0.478, elevated_hemidiaphragm: 0.098, hyperaeration: 0.358, vascular_redistribution: 0.234, atelectasis__chx: 0.745, cardiomegaly__chx: 0.289, consolidation__chx: 0.821, edema__chx: 0.204, enlarged_cardiomediastinum__chx: 0.813, fracture__chx: 0.232, lung_lesion__chx: 0.315, lung_opacity__chx: 0.228, no_finding__chx: 0.524, pleural_effusion__chx: 0.615, pleural_other__chx: 0.835, pneumonia__chx: 0.844, pneumothorax__chx: 0.999, support_devices__chx: 0.910
  Val accuracy per class:
    Normal: 0.296, CHF: 0.435, pneumonia: 0.343, consolidation: 0.093, enlarged_cardiac_silhouette: 0.241, linear__patchy_atelectasis: 0.176, lobar__segmental_collapse: 0.259, not_otherwise_specified_opacity___pleural__parenchymal_opacity__: 0.491, pleural_effusion_or_thickening: 0.500, pulmonary_edema__hazy_opacity: 0.546, normal_anatomically: 0.324, elevated_hemidiaphragm: 0.000, hyperaeration: 0.194, vascular_redistribution: 0.528, atelectasis__chx: 0.694, cardiomegaly__chx: 0.472, consolidation__chx: 0.713, edema__chx: 0.139, enlarged_cardiomediastinum__chx: 0.861, fracture__chx: 0.583, lung_lesion__chx: 0.093, lung_opacity__chx: 0.287, no_finding__chx: 0.361, pleural_effusion__chx: 0.519, pleural_other__chx: 0.907, pneumonia__chx: 0.676, pneumothorax__chx: 0.741, support_devices__chx: 0.731
Epoch 90 | train loss -44051.6524 | val loss 1144.2026 | time 91.01s
  Train summary: macro-acc 0.583 | macro-F1 0.235 | micro-P 0.173 | micro-R 0.829 | micro-F1 0.286 | macro-PR 0.193 | micro-PR 0.189
  Val summary:   macro-acc 0.479 | macro-F1 0.153 | micro-P 0.156 | micro-R 0.600 | micro-F1 0.248 | macro-PR 0.220 | micro-PR 0.128
  Train accuracy per class:
    Normal: 0.475, CHF: 0.381, pneumonia: 0.323, consolidation: 0.156, enlarged_cardiac_silhouette: 0.327, linear__patchy_atelectasis: 0.193, lobar__segmental_collapse: 0.079, not_otherwise_specified_opacity___pleural__parenchymal_opacity__: 0.381, pleural_effusion_or_thickening: 0.706, pulmonary_edema__hazy_opacity: 0.765, normal_anatomically: 0.489, elevated_hemidiaphragm: 0.065, hyperaeration: 0.828, vascular_redistribution: 0.228, atelectasis__chx: 0.232, cardiomegaly__chx: 0.215, consolidation__chx: 0.087, edema__chx: 0.208, enlarged_cardiomediastinum__chx: 0.811, fracture__chx: 0.237, lung_lesion__chx: 0.873, lung_opacity__chx: 0.234, no_finding__chx: 0.517, pleural_effusion__chx: 0.222, pleural_other__chx: 0.128, pneumonia__chx: 0.793, pneumothorax__chx: 0.993, support_devices__chx: 0.211
  Val accuracy per class:
    Normal: 0.713, CHF: 0.444, pneumonia: 0.287, consolidation: 0.093, enlarged_cardiac_silhouette: 0.602, linear__patchy_atelectasis: 0.176, lobar__segmental_collapse: 0.009, not_otherwise_specified_opacity___pleural__parenchymal_opacity__: 0.454, pleural_effusion_or_thickening: 0.306, pulmonary_edema__hazy_opacity: 0.380, normal_anatomically: 0.704, elevated_hemidiaphragm: 0.000, hyperaeration: 0.157, vascular_redistribution: 1.000, atelectasis__chx: 0.898, cardiomegaly__chx: 0.843, consolidation__chx: 0.028, edema__chx: 0.750, enlarged_cardiomediastinum__chx: 0.000, fracture__chx: 0.991, lung_lesion__chx: 0.157, lung_opacity__chx: 0.231, no_finding__chx: 0.676, pleural_effusion__chx: 0.167, pleural_other__chx: 0.000, pneumonia__chx: 0.815, pneumothorax__chx: 1.000, support_devices__chx: 0.963
Epoch 91 | train loss -44937.6730 | val loss 1022.5881 | time 91.62s
  Train summary: macro-acc 0.586 | macro-F1 0.238 | micro-P 0.163 | micro-R 0.851 | micro-F1 0.274 | macro-PR 0.187 | micro-PR 0.186
  Val summary:   macro-acc 0.474 | macro-F1 0.156 | micro-P 0.156 | micro-R 0.624 | micro-F1 0.249 | macro-PR 0.219 | micro-PR 0.130
  Train accuracy per class:
    Normal: 0.491, CHF: 0.365, pneumonia: 0.328, consolidation: 0.142, enlarged_cardiac_silhouette: 0.293, linear__patchy_atelectasis: 0.751, lobar__segmental_collapse: 0.045, not_otherwise_specified_opacity___pleural__parenchymal_opacity__: 0.377, pleural_effusion_or_thickening: 0.266, pulmonary_edema__hazy_opacity: 0.551, normal_anatomically: 0.501, elevated_hemidiaphragm: 0.038, hyperaeration: 0.119, vascular_redistribution: 0.237, atelectasis__chx: 0.240, cardiomegaly__chx: 0.220, consolidation__chx: 0.099, edema__chx: 0.212, enlarged_cardiomediastinum__chx: 0.811, fracture__chx: 0.231, lung_lesion__chx: 0.092, lung_opacity__chx: 0.236, no_finding__chx: 0.525, pleural_effusion__chx: 0.234, pleural_other__chx: 0.144, pneumonia__chx: 0.858, pneumothorax__chx: 1.000, support_devices__chx: 0.220
  Val accuracy per class:
    Normal: 0.713, CHF: 0.426, pneumonia: 0.287, consolidation: 0.093, enlarged_cardiac_silhouette: 0.463, linear__patchy_atelectasis: 0.241, lobar__segmental_collapse: 0.009, not_otherwise_specified_opacity___pleural__parenchymal_opacity__: 0.454, pleural_effusion_or_thickening: 0.204, pulmonary_edema__hazy_opacity: 0.306, normal_anatomically: 0.704, elevated_hemidiaphragm: 0.000, hyperaeration: 0.102, vascular_redistribution: 1.000, atelectasis__chx: 0.898, cardiomegaly__chx: 0.843, consolidation__chx: 0.028, edema__chx: 0.676, enlarged_cardiomediastinum__chx: 0.000, fracture__chx: 0.991, lung_lesion__chx: 0.046, lung_opacity__chx: 0.231, no_finding__chx: 0.676, pleural_effusion__chx: 0.167, pleural_other__chx: 0.000, pneumonia__chx: 0.815, pneumothorax__chx: 1.000, support_devices__chx: 0.963
Epoch 92 | train loss -46325.7647 | val loss -212.6173 | time 90.88s
  Train summary: macro-acc 0.591 | macro-F1 0.243 | micro-P 0.183 | micro-R 0.821 | micro-F1 0.299 | macro-PR 0.188 | micro-PR 0.187
  Val summary:   macro-acc 0.548 | macro-F1 0.239 | micro-P 0.183 | micro-R 0.784 | micro-F1 0.297 | macro-PR 0.236 | micro-PR 0.150
  Train accuracy per class:
    Normal: 0.497, CHF: 0.369, pneumonia: 0.319, consolidation: 0.169, enlarged_cardiac_silhouette: 0.269, linear__patchy_atelectasis: 0.508, lobar__segmental_collapse: 0.175, not_otherwise_specified_opacity___pleural__parenchymal_opacity__: 0.388, pleural_effusion_or_thickening: 0.621, pulmonary_edema__hazy_opacity: 0.466, normal_anatomically: 0.499, elevated_hemidiaphragm: 0.047, hyperaeration: 0.311, vascular_redistribution: 0.237, atelectasis__chx: 0.563, cardiomegaly__chx: 0.286, consolidation__chx: 0.832, edema__chx: 0.201, enlarged_cardiomediastinum__chx: 0.813, fracture__chx: 0.239, lung_lesion__chx: 0.389, lung_opacity__chx: 0.230, no_finding__chx: 0.526, pleural_effusion__chx: 0.215, pleural_other__chx: 0.843, pneumonia__chx: 0.869, pneumothorax__chx: 0.995, support_devices__chx: 0.442
  Val accuracy per class:
    Normal: 0.324, CHF: 0.426, pneumonia: 0.315, consolidation: 0.269, enlarged_cardiac_silhouette: 0.241, linear__patchy_atelectasis: 0.287, lobar__segmental_collapse: 0.259, not_otherwise_specified_opacity___pleural__parenchymal_opacity__: 0.509, pleural_effusion_or_thickening: 0.611, pulmonary_edema__hazy_opacity: 0.380, normal_anatomically: 0.352, elevated_hemidiaphragm: 0.074, hyperaeration: 0.213, vascular_redistribution: 0.602, atelectasis__chx: 0.694, cardiomegaly__chx: 0.611, consolidation__chx: 0.731, edema__chx: 0.139, enlarged_cardiomediastinum__chx: 0.741, fracture__chx: 0.639, lung_lesion__chx: 0.231, lung_opacity__chx: 0.333, no_finding__chx: 0.380, pleural_effusion__chx: 0.167, pleural_other__chx: 0.861, pneumonia__chx: 0.713, pneumothorax__chx: 0.731, support_devices__chx: 0.722
Epoch 93 | train loss -47393.3328 | val loss -63.8883 | time 91.69s
  Train summary: macro-acc 0.592 | macro-F1 0.240 | micro-P 0.190 | micro-R 0.824 | micro-F1 0.309 | macro-PR 0.184 | micro-PR 0.191
  Val summary:   macro-acc 0.557 | macro-F1 0.235 | micro-P 0.179 | micro-R 0.809 | micro-F1 0.294 | macro-PR 0.228 | micro-PR 0.139
  Train accuracy per class:
    Normal: 0.485, CHF: 0.351, pneumonia: 0.323, consolidation: 0.625, enlarged_cardiac_silhouette: 0.276, linear__patchy_atelectasis: 0.227, lobar__segmental_collapse: 0.061, not_otherwise_specified_opacity___pleural__parenchymal_opacity__: 0.381, pleural_effusion_or_thickening: 0.487, pulmonary_edema__hazy_opacity: 0.496, normal_anatomically: 0.493, elevated_hemidiaphragm: 0.054, hyperaeration: 0.255, vascular_redistribution: 0.237, atelectasis__chx: 0.900, cardiomegaly__chx: 0.351, consolidation__chx: 0.698, edema__chx: 0.299, enlarged_cardiomediastinum__chx: 0.822, fracture__chx: 0.249, lung_lesion__chx: 0.348, lung_opacity__chx: 0.266, no_finding__chx: 0.518, pleural_effusion__chx: 0.231, pleural_other__chx: 0.790, pneumonia__chx: 0.836, pneumothorax__chx: 0.991, support_devices__chx: 0.980
  Val accuracy per class:
    Normal: 0.296, CHF: 0.426, pneumonia: 0.426, consolidation: 0.546, enlarged_cardiac_silhouette: 0.241, linear__patchy_atelectasis: 0.176, lobar__segmental_collapse: 0.259, not_otherwise_specified_opacity___pleural__parenchymal_opacity__: 0.454, pleural_effusion_or_thickening: 0.537, pulmonary_edema__hazy_opacity: 0.426, normal_anatomically: 0.333, elevated_hemidiaphragm: 0.231, hyperaeration: 0.306, vascular_redistribution: 0.231, atelectasis__chx: 0.667, cardiomegaly__chx: 0.324, consolidation__chx: 0.731, edema__chx: 0.157, enlarged_cardiomediastinum__chx: 1.000, fracture__chx: 0.287, lung_lesion__chx: 0.120, lung_opacity__chx: 0.444, no_finding__chx: 0.333, pleural_effusion__chx: 0.167, pleural_other__chx: 0.926, pneumonia__chx: 0.556, pneumothorax__chx: 0.565, support_devices__chx: 0.620
  Checkpoint saved to /project/hnguyen2/mvu9/folder_04_ma/gaze-01/runs/st2/checkpoints_image_bbox_seg_text/20251027-013614_best.pt
Epoch 94 | train loss -48686.2435 | val loss -312.2833 | time 90.98s
  Train summary: macro-acc 0.588 | macro-F1 0.238 | micro-P 0.187 | micro-R 0.764 | micro-F1 0.300 | macro-PR 0.181 | micro-PR 0.184
  Val summary:   macro-acc 0.526 | macro-F1 0.230 | micro-P 0.183 | micro-R 0.778 | micro-F1 0.296 | macro-PR 0.225 | micro-PR 0.149
  Train accuracy per class:
    Normal: 0.489, CHF: 0.388, pneumonia: 0.331, consolidation: 0.571, enlarged_cardiac_silhouette: 0.385, linear__patchy_atelectasis: 0.488, lobar__segmental_collapse: 0.509, not_otherwise_specified_opacity___pleural__parenchymal_opacity__: 0.422, pleural_effusion_or_thickening: 0.513, pulmonary_edema__hazy_opacity: 0.326, normal_anatomically: 0.499, elevated_hemidiaphragm: 0.041, hyperaeration: 0.541, vascular_redistribution: 0.247, atelectasis__chx: 0.261, cardiomegaly__chx: 0.245, consolidation__chx: 0.825, edema__chx: 0.482, enlarged_cardiomediastinum__chx: 0.825, fracture__chx: 0.259, lung_lesion__chx: 0.479, lung_opacity__chx: 0.359, no_finding__chx: 0.517, pleural_effusion__chx: 0.528, pleural_other__chx: 0.842, pneumonia__chx: 0.865, pneumothorax__chx: 0.996, support_devices__chx: 0.272
  Val accuracy per class:
    Normal: 0.343, CHF: 0.435, pneumonia: 0.287, consolidation: 0.222, enlarged_cardiac_silhouette: 0.306, linear__patchy_atelectasis: 0.259, lobar__segmental_collapse: 0.278, not_otherwise_specified_opacity___pleural__parenchymal_opacity__: 0.500, pleural_effusion_or_thickening: 0.287, pulmonary_edema__hazy_opacity: 0.204, normal_anatomically: 0.417, elevated_hemidiaphragm: 0.000, hyperaeration: 0.287, vascular_redistribution: 0.648, atelectasis__chx: 0.639, cardiomegaly__chx: 0.611, consolidation__chx: 0.722, edema__chx: 0.315, enlarged_cardiomediastinum__chx: 0.537, fracture__chx: 0.676, lung_lesion__chx: 0.213, lung_opacity__chx: 0.306, no_finding__chx: 0.426, pleural_effusion__chx: 0.296, pleural_other__chx: 0.861, pneumonia__chx: 0.769, pneumothorax__chx: 1.000, support_devices__chx: 0.750
Epoch 95 | train loss -49848.1803 | val loss 369.8118 | time 93.89s
  Train summary: macro-acc 0.588 | macro-F1 0.234 | micro-P 0.170 | micro-R 0.743 | micro-F1 0.276 | macro-PR 0.194 | micro-PR 0.195
  Val summary:   macro-acc 0.444 | macro-F1 0.159 | micro-P 0.159 | micro-R 0.616 | micro-F1 0.253 | macro-PR 0.219 | micro-PR 0.137
  Train accuracy per class:
    Normal: 0.476, CHF: 0.368, pneumonia: 0.321, consolidation: 0.149, enlarged_cardiac_silhouette: 0.321, linear__patchy_atelectasis: 0.708, lobar__segmental_collapse: 0.071, not_otherwise_specified_opacity___pleural__parenchymal_opacity__: 0.707, pleural_effusion_or_thickening: 0.677, pulmonary_edema__hazy_opacity: 0.492, normal_anatomically: 0.499, elevated_hemidiaphragm: 0.083, hyperaeration: 0.772, vascular_redistribution: 0.240, atelectasis__chx: 0.245, cardiomegaly__chx: 0.232, consolidation__chx: 0.079, edema__chx: 0.179, enlarged_cardiomediastinum__chx: 0.828, fracture__chx: 0.256, lung_lesion__chx: 0.103, lung_opacity__chx: 0.236, no_finding__chx: 0.517, pleural_effusion__chx: 0.753, pleural_other__chx: 0.856, pneumonia__chx: 0.801, pneumothorax__chx: 0.997, support_devices__chx: 0.214
  Val accuracy per class:
    Normal: 0.713, CHF: 0.426, pneumonia: 0.287, consolidation: 0.093, enlarged_cardiac_silhouette: 0.454, linear__patchy_atelectasis: 0.315, lobar__segmental_collapse: 0.009, not_otherwise_specified_opacity___pleural__parenchymal_opacity__: 0.463, pleural_effusion_or_thickening: 0.259, pulmonary_edema__hazy_opacity: 0.204, normal_anatomically: 0.704, elevated_hemidiaphragm: 0.000, hyperaeration: 0.120, vascular_redistribution: 1.000, atelectasis__chx: 0.898, cardiomegaly__chx: 0.843, consolidation__chx: 0.028, edema__chx: 0.139, enlarged_cardiomediastinum__chx: 0.000, fracture__chx: 0.991, lung_lesion__chx: 0.046, lung_opacity__chx: 0.231, no_finding__chx: 0.676, pleural_effusion__chx: 0.806, pleural_other__chx: 0.361, pneumonia__chx: 0.815, pneumothorax__chx: 1.000, support_devices__chx: 0.963
Epoch 96 | train loss -51234.1468 | val loss 1625.6886 | time 97.70s
  Train summary: macro-acc 0.596 | macro-F1 0.237 | micro-P 0.166 | micro-R 0.834 | micro-F1 0.277 | macro-PR 0.185 | micro-PR 0.189
  Val summary:   macro-acc 0.442 | macro-F1 0.162 | micro-P 0.158 | micro-R 0.651 | micro-F1 0.254 | macro-PR 0.223 | micro-PR 0.139
  Train accuracy per class:
    Normal: 0.492, CHF: 0.361, pneumonia: 0.327, consolidation: 0.146, enlarged_cardiac_silhouette: 0.264, linear__patchy_atelectasis: 0.216, lobar__segmental_collapse: 0.073, not_otherwise_specified_opacity___pleural__parenchymal_opacity__: 0.383, pleural_effusion_or_thickening: 0.263, pulmonary_edema__hazy_opacity: 0.776, normal_anatomically: 0.495, elevated_hemidiaphragm: 0.074, hyperaeration: 0.113, vascular_redistribution: 0.236, atelectasis__chx: 0.252, cardiomegaly__chx: 0.240, consolidation__chx: 0.083, edema__chx: 0.639, enlarged_cardiomediastinum__chx: 0.828, fracture__chx: 0.270, lung_lesion__chx: 0.075, lung_opacity__chx: 0.227, no_finding__chx: 0.530, pleural_effusion__chx: 0.765, pleural_other__chx: 0.121, pneumonia__chx: 0.879, pneumothorax__chx: 0.999, support_devices__chx: 0.219
  Val accuracy per class:
    Normal: 0.713, CHF: 0.426, pneumonia: 0.287, consolidation: 0.093, enlarged_cardiac_silhouette: 0.370, linear__patchy_atelectasis: 0.176, lobar__segmental_collapse: 0.009, not_otherwise_specified_opacity___pleural__parenchymal_opacity__: 0.454, pleural_effusion_or_thickening: 0.204, pulmonary_edema__hazy_opacity: 0.380, normal_anatomically: 0.704, elevated_hemidiaphragm: 0.000, hyperaeration: 0.102, vascular_redistribution: 1.000, atelectasis__chx: 0.898, cardiomegaly__chx: 0.843, consolidation__chx: 0.028, edema__chx: 0.324, enlarged_cardiomediastinum__chx: 0.000, fracture__chx: 0.991, lung_lesion__chx: 0.046, lung_opacity__chx: 0.231, no_finding__chx: 0.676, pleural_effusion__chx: 0.324, pleural_other__chx: 0.000, pneumonia__chx: 0.815, pneumothorax__chx: 1.000, support_devices__chx: 0.963
  Checkpoint saved to /project/hnguyen2/mvu9/folder_04_ma/gaze-01/runs/st2/checkpoints_image_bbox_seg_text/20251027-013614_best.pt
Epoch 97 | train loss -52168.7998 | val loss -334.9591 | time 91.15s
  Train summary: macro-acc 0.594 | macro-F1 0.240 | micro-P 0.186 | micro-R 0.799 | micro-F1 0.302 | macro-PR 0.180 | micro-PR 0.194
  Val summary:   macro-acc 0.541 | macro-F1 0.240 | micro-P 0.183 | micro-R 0.798 | micro-F1 0.297 | macro-PR 0.238 | micro-PR 0.150
  Train accuracy per class:
    Normal: 0.489, CHF: 0.367, pneumonia: 0.322, consolidation: 0.141, enlarged_cardiac_silhouette: 0.365, linear__patchy_atelectasis: 0.488, lobar__segmental_collapse: 0.260, not_otherwise_specified_opacity___pleural__parenchymal_opacity__: 0.379, pleural_effusion_or_thickening: 0.592, pulmonary_edema__hazy_opacity: 0.534, normal_anatomically: 0.501, elevated_hemidiaphragm: 0.078, hyperaeration: 0.533, vascular_redistribution: 0.266, atelectasis__chx: 0.693, cardiomegaly__chx: 0.241, consolidation__chx: 0.803, edema__chx: 0.201, enlarged_cardiomediastinum__chx: 0.825, fracture__chx: 0.298, lung_lesion__chx: 0.343, lung_opacity__chx: 0.273, no_finding__chx: 0.524, pleural_effusion__chx: 0.226, pleural_other__chx: 0.836, pneumonia__chx: 0.859, pneumothorax__chx: 1.000, support_devices__chx: 0.522
  Val accuracy per class:
    Normal: 0.324, CHF: 0.426, pneumonia: 0.287, consolidation: 0.093, enlarged_cardiac_silhouette: 0.500, linear__patchy_atelectasis: 0.287, lobar__segmental_collapse: 0.185, not_otherwise_specified_opacity___pleural__parenchymal_opacity__: 0.454, pleural_effusion_or_thickening: 0.639, pulmonary_edema__hazy_opacity: 0.444, normal_anatomically: 0.398, elevated_hemidiaphragm: 0.000, hyperaeration: 0.269, vascular_redistribution: 0.491, atelectasis__chx: 0.713, cardiomegaly__chx: 0.333, consolidation__chx: 0.759, edema__chx: 0.139, enlarged_cardiomediastinum__chx: 0.815, fracture__chx: 0.583, lung_lesion__chx: 0.083, lung_opacity__chx: 0.306, no_finding__chx: 0.417, pleural_effusion__chx: 0.167, pleural_other__chx: 0.815, pneumonia__chx: 0.704, pneumothorax__chx: 0.917, support_devices__chx: 0.722
Epoch 98 | train loss -53287.0230 | val loss 858.6415 | time 90.25s
  Train summary: macro-acc 0.600 | macro-F1 0.242 | micro-P 0.169 | micro-R 0.840 | micro-F1 0.281 | macro-PR 0.185 | micro-PR 0.196
  Val summary:   macro-acc 0.479 | macro-F1 0.157 | micro-P 0.155 | micro-R 0.600 | micro-F1 0.246 | macro-PR 0.216 | micro-PR 0.127
  Train accuracy per class:
    Normal: 0.483, CHF: 0.361, pneumonia: 0.328, consolidation: 0.139, enlarged_cardiac_silhouette: 0.296, linear__patchy_atelectasis: 0.670, lobar__segmental_collapse: 0.059, not_otherwise_specified_opacity___pleural__parenchymal_opacity__: 0.392, pleural_effusion_or_thickening: 0.711, pulmonary_edema__hazy_opacity: 0.249, normal_anatomically: 0.488, elevated_hemidiaphragm: 0.079, hyperaeration: 0.868, vascular_redistribution: 0.239, atelectasis__chx: 0.253, cardiomegaly__chx: 0.260, consolidation__chx: 0.096, edema__chx: 0.210, enlarged_cardiomediastinum__chx: 0.821, fracture__chx: 0.272, lung_lesion__chx: 0.086, lung_opacity__chx: 0.243, no_finding__chx: 0.524, pleural_effusion__chx: 0.203, pleural_other__chx: 0.133, pneumonia__chx: 0.881, pneumothorax__chx: 0.989, support_devices__chx: 0.222
  Val accuracy per class:
    Normal: 0.713, CHF: 0.426, pneumonia: 0.287, consolidation: 0.093, enlarged_cardiac_silhouette: 0.611, linear__patchy_atelectasis: 0.306, lobar__segmental_collapse: 0.009, not_otherwise_specified_opacity___pleural__parenchymal_opacity__: 0.454, pleural_effusion_or_thickening: 0.370, pulmonary_edema__hazy_opacity: 0.222, normal_anatomically: 0.704, elevated_hemidiaphragm: 0.000, hyperaeration: 0.343, vascular_redistribution: 1.000, atelectasis__chx: 0.898, cardiomegaly__chx: 0.843, consolidation__chx: 0.028, edema__chx: 0.509, enlarged_cardiomediastinum__chx: 0.000, fracture__chx: 0.991, lung_lesion__chx: 0.046, lung_opacity__chx: 0.231, no_finding__chx: 0.676, pleural_effusion__chx: 0.167, pleural_other__chx: 0.000, pneumonia__chx: 0.815, pneumothorax__chx: 1.000, support_devices__chx: 0.963
Epoch 99 | train loss -54937.4712 | val loss 155.7749 | time 89.99s
  Train summary: macro-acc 0.588 | macro-F1 0.245 | micro-P 0.185 | micro-R 0.739 | micro-F1 0.296 | macro-PR 0.191 | micro-PR 0.186
  Val summary:   macro-acc 0.488 | macro-F1 0.160 | micro-P 0.162 | micro-R 0.644 | micro-F1 0.259 | macro-PR 0.223 | micro-PR 0.137
  Train accuracy per class:
    Normal: 0.482, CHF: 0.375, pneumonia: 0.683, consolidation: 0.141, enlarged_cardiac_silhouette: 0.293, linear__patchy_atelectasis: 0.592, lobar__segmental_collapse: 0.832, not_otherwise_specified_opacity___pleural__parenchymal_opacity__: 0.380, pleural_effusion_or_thickening: 0.636, pulmonary_edema__hazy_opacity: 0.434, normal_anatomically: 0.489, elevated_hemidiaphragm: 0.079, hyperaeration: 0.111, vascular_redistribution: 0.243, atelectasis__chx: 0.256, cardiomegaly__chx: 0.256, consolidation__chx: 0.826, edema__chx: 0.212, enlarged_cardiomediastinum__chx: 0.819, fracture__chx: 0.285, lung_lesion__chx: 0.826, lung_opacity__chx: 0.802, no_finding__chx: 0.528, pleural_effusion__chx: 0.211, pleural_other__chx: 0.851, pneumonia__chx: 0.835, pneumothorax__chx: 0.995, support_devices__chx: 0.227
  Val accuracy per class:
    Normal: 0.713, CHF: 0.444, pneumonia: 0.306, consolidation: 0.093, enlarged_cardiac_silhouette: 0.278, linear__patchy_atelectasis: 0.269, lobar__segmental_collapse: 0.176, not_otherwise_specified_opacity___pleural__parenchymal_opacity__: 0.454, pleural_effusion_or_thickening: 0.278, pulmonary_edema__hazy_opacity: 0.213, normal_anatomically: 0.704, elevated_hemidiaphragm: 0.000, hyperaeration: 0.102, vascular_redistribution: 1.000, atelectasis__chx: 0.898, cardiomegaly__chx: 0.843, consolidation__chx: 0.185, edema__chx: 0.370, enlarged_cardiomediastinum__chx: 0.000, fracture__chx: 0.991, lung_lesion__chx: 0.167, lung_opacity__chx: 0.287, no_finding__chx: 0.676, pleural_effusion__chx: 0.167, pleural_other__chx: 0.250, pneumonia__chx: 0.815, pneumothorax__chx: 1.000, support_devices__chx: 0.963
Epoch 100 | train loss -56202.6705 | val loss 834.8262 | time 90.13s
  Train summary: macro-acc 0.588 | macro-F1 0.244 | micro-P 0.170 | micro-R 0.883 | micro-F1 0.286 | macro-PR 0.182 | micro-PR 0.193
  Val summary:   macro-acc 0.456 | macro-F1 0.157 | micro-P 0.155 | micro-R 0.609 | micro-F1 0.247 | macro-PR 0.218 | micro-PR 0.131
  Train accuracy per class:
    Normal: 0.495, CHF: 0.377, pneumonia: 0.331, consolidation: 0.146, enlarged_cardiac_silhouette: 0.335, linear__patchy_atelectasis: 0.215, lobar__segmental_collapse: 0.058, not_otherwise_specified_opacity___pleural__parenchymal_opacity__: 0.384, pleural_effusion_or_thickening: 0.270, pulmonary_edema__hazy_opacity: 0.646, normal_anatomically: 0.497, elevated_hemidiaphragm: 0.061, hyperaeration: 0.827, vascular_redistribution: 0.241, atelectasis__chx: 0.249, cardiomegaly__chx: 0.249, consolidation__chx: 0.103, edema__chx: 0.206, enlarged_cardiomediastinum__chx: 0.828, fracture__chx: 0.288, lung_lesion__chx: 0.055, lung_opacity__chx: 0.249, no_finding__chx: 0.526, pleural_effusion__chx: 0.214, pleural_other__chx: 0.141, pneumonia__chx: 0.838, pneumothorax__chx: 1.000, support_devices__chx: 0.222
  Val accuracy per class:
    Normal: 0.713, CHF: 0.426, pneumonia: 0.287, consolidation: 0.093, enlarged_cardiac_silhouette: 0.602, linear__patchy_atelectasis: 0.176, lobar__segmental_collapse: 0.009, not_otherwise_specified_opacity___pleural__parenchymal_opacity__: 0.454, pleural_effusion_or_thickening: 0.204, pulmonary_edema__hazy_opacity: 0.370, normal_anatomically: 0.704, elevated_hemidiaphragm: 0.000, hyperaeration: 0.213, vascular_redistribution: 1.000, atelectasis__chx: 0.898, cardiomegaly__chx: 0.843, consolidation__chx: 0.028, edema__chx: 0.630, enlarged_cardiomediastinum__chx: 0.000, fracture__chx: 0.991, lung_lesion__chx: 0.046, lung_opacity__chx: 0.231, no_finding__chx: 0.676, pleural_effusion__chx: 0.167, pleural_other__chx: 0.000, pneumonia__chx: 0.815, pneumothorax__chx: 1.000, support_devices__chx: 0.963

Evaluating on test set...
Test loss -675.4024 over 217 batches
Test summary:   macro-acc 0.461 | macro-F1 0.145 | micro-P 0.147 | micro-R 0.578 | micro-F1 0.234 | macro-PR 0.188 | micro-PR 0.154
Test accuracy per class:
  Normal: 0.677, CHF: 0.332, pneumonia: 0.346, consolidation: 0.115, enlarged_cardiac_silhouette: 0.682, linear__patchy_atelectasis: 0.198, lobar__segmental_collapse: 0.009, not_otherwise_specified_opacity___pleural__parenchymal_opacity__: 0.410, pleural_effusion_or_thickening: 0.290, pulmonary_edema__hazy_opacity: 0.161, normal_anatomically: 0.650, elevated_hemidiaphragm: 0.009, hyperaeration: 0.046, vascular_redistribution: 0.977, atelectasis__chx: 0.931, cardiomegaly__chx: 0.880, consolidation__chx: 0.037, edema__chx: 0.760, enlarged_cardiomediastinum__chx: 0.009, fracture__chx: 0.995, lung_lesion__chx: 0.041, lung_opacity__chx: 0.300, no_finding__chx: 0.641, pleural_effusion__chx: 0.124, pleural_other__chx: 0.014, pneumonia__chx: 0.825, pneumothorax__chx: 0.995, support_devices__chx: 0.986
  Checkpoint saved to /project/hnguyen2/mvu9/folder_04_ma/gaze-01/runs/st2/checkpoints_image_bbox_seg_text/20251027-013614_last.pt

Best validation checkpoint: /project/hnguyen2/mvu9/folder_04_ma/gaze-01/runs/st2/checkpoints_image_bbox_seg_text/20251027-013614_best.pt
Final checkpoint: /project/hnguyen2/mvu9/folder_04_ma/gaze-01/runs/st2/checkpoints_image_bbox_seg_text/20251027-013614_last.pt
Finished ST2 (image+bbox+seg+text+gaze) at: Mon Oct 27 04:07:25 AM CDT 2025
Done
