Starting ST2 pretrained (all modalities) at: Mon Oct 27 01:31:46 AM CDT 2025

Loading configuration from: config_v2/st2_pretrained.yaml
{
    "dataset_name": "egd-cxr",
    "input_path": {
        "gaze_raw": "/project/hnguyen2/mvu9/datasets/gaze_data/physionet.org/files/egd-cxr/1.0.0",
        "dicom_raw": "/project/hnguyen2/mvu9/datasets/gaze_data/egd-cxr/dicom_raw",
        "segmentation_dir": "/project/hnguyen2/mvu9/datasets/gaze_data/physionet.org/files/egd-cxr/1.0.0/audio_segmentation_transcripts",
        "transcripts_dir": "/project/hnguyen2/mvu9/datasets/gaze_data/egd-cxr/transcripts"
    },
    "output_path": {
        "base_plots_dir": "plots"
    },
    "split_files": {
        "dir": "config/splits"
    },
    "train": {
        "batch_size": 48,
        "epochs": 100,
        "lr": 0.0002,
        "weight_decay": 0.00025,
        "max_fixations": 80,
        "txt_dim": 256,
        "enc_dim": 256,
        "max_decode_len": 64,
        "num_workers": 4,
        "seed": 123,
        "checkpoint_dir": "runs/st2/checkpoints_pretrained",
        "use_bbox": true,
        "use_seg": true,
        "use_image": true,
        "use_text": true,
        "use_gaze": true,
        "encoder_dropout": 0.1,
        "label_dropout": 0.2,
        "pretrained_image": true,
        "lambda_text": 0.1,
        "lambda_speak": 0.1,
        "use_pos_weight": true,
        "tune_thresholds": true
    }
}
Using device: cuda
Data splits - Train: 758, Val: 108, Test: 217
Loading training dataset...
EGDCXRDataset ready: 758 cases | regions=4 | bbox_classes=17
Loading validation dataset...
EGDCXRDataset ready: 108 cases | regions=4 | bbox_classes=17
Loading test dataset...
EGDCXRDataset ready: 217 cases | regions=4 | bbox_classes=17
Creating data loaders...
Estimating positive class weights from training data...
  pos_weight (mean 124.19)
Building model and vocabulary...
Model created with 12659921 parameters
Vocabulary size: 756
Training on 28 disease classes: ['Normal', 'CHF', 'pneumonia', 'consolidation', 'enlarged_cardiac_silhouette', 'linear__patchy_atelectasis', 'lobar__segmental_collapse', 'not_otherwise_specified_opacity___pleural__parenchymal_opacity__', 'pleural_effusion_or_thickening', 'pulmonary_edema__hazy_opacity', 'normal_anatomically', 'elevated_hemidiaphragm', 'hyperaeration', 'vascular_redistribution', 'atelectasis__chx', 'cardiomegaly__chx', 'consolidation__chx', 'edema__chx', 'enlarged_cardiomediastinum__chx', 'fracture__chx', 'lung_lesion__chx', 'lung_opacity__chx', 'no_finding__chx', 'pleural_effusion__chx', 'pleural_other__chx', 'pneumonia__chx', 'pneumothorax__chx', 'support_devices__chx']

Starting training for 100 epochs...
  Checkpoint saved to /project/hnguyen2/mvu9/folder_04_ma/gaze-01/runs/st2/checkpoints_pretrained/20251027-013614_best.pt
Epoch 01 | train loss 2.1720 | val loss 2.9185 | time 86.56s
  Train summary: macro-acc 0.517 | macro-F1 0.219 | micro-P 0.175 | micro-R 0.865 | micro-F1 0.291 | macro-PR 0.147 | micro-PR 0.132
  Val summary:   macro-acc 0.534 | macro-F1 0.264 | micro-P 0.184 | micro-R 0.893 | micro-F1 0.305 | macro-PR 0.217 | micro-PR 0.132
  Train accuracy per class:
    Normal: 0.369, CHF: 0.325, pneumonia: 0.451, consolidation: 0.794, enlarged_cardiac_silhouette: 0.203, linear__patchy_atelectasis: 0.179, lobar__segmental_collapse: 0.706, not_otherwise_specified_opacity___pleural__parenchymal_opacity__: 0.398, pleural_effusion_or_thickening: 0.272, pulmonary_edema__hazy_opacity: 0.330, normal_anatomically: 0.354, elevated_hemidiaphragm: 0.008, hyperaeration: 0.933, vascular_redistribution: 0.018, atelectasis__chx: 0.109, cardiomegaly__chx: 0.387, consolidation__chx: 0.950, edema__chx: 0.575, enlarged_cardiomediastinum__chx: 0.007, fracture__chx: 0.004, lung_lesion__chx: 0.706, lung_opacity__chx: 0.235, no_finding__chx: 0.375, pleural_effusion__chx: 0.421, pleural_other__chx: 0.650, pneumonia__chx: 0.160, pneumothorax__chx: 0.012, support_devices__chx: 0.978
  Val accuracy per class:
    Normal: 0.343, CHF: 0.435, pneumonia: 0.528, consolidation: 0.843, enlarged_cardiac_silhouette: 0.259, linear__patchy_atelectasis: 0.176, lobar__segmental_collapse: 0.944, not_otherwise_specified_opacity___pleural__parenchymal_opacity__: 0.454, pleural_effusion_or_thickening: 0.241, pulmonary_edema__hazy_opacity: 0.500, normal_anatomically: 0.352, elevated_hemidiaphragm: 0.000, hyperaeration: 0.722, vascular_redistribution: 0.000, atelectasis__chx: 0.139, cardiomegaly__chx: 0.296, consolidation__chx: 0.954, edema__chx: 0.435, enlarged_cardiomediastinum__chx: 0.000, fracture__chx: 0.009, lung_lesion__chx: 0.870, lung_opacity__chx: 0.231, no_finding__chx: 0.324, pleural_effusion__chx: 0.296, pleural_other__chx: 0.824, pneumonia__chx: 0.194, pneumothorax__chx: 0.028, support_devices__chx: 0.630
Epoch 02 | train loss -0.4351 | val loss 5.8264 | time 90.15s
  Train summary: macro-acc 0.560 | macro-F1 0.219 | micro-P 0.167 | micro-R 0.793 | micro-F1 0.275 | macro-PR 0.165 | micro-PR 0.143
  Val summary:   macro-acc 0.525 | macro-F1 0.255 | micro-P 0.177 | micro-R 0.847 | micro-F1 0.293 | macro-PR 0.248 | micro-PR 0.141
  Train accuracy per class:
    Normal: 0.342, CHF: 0.401, pneumonia: 0.488, consolidation: 0.565, enlarged_cardiac_silhouette: 0.326, linear__patchy_atelectasis: 0.375, lobar__segmental_collapse: 0.906, not_otherwise_specified_opacity___pleural__parenchymal_opacity__: 0.396, pleural_effusion_or_thickening: 0.455, pulmonary_edema__hazy_opacity: 0.401, normal_anatomically: 0.346, elevated_hemidiaphragm: 0.008, hyperaeration: 0.669, vascular_redistribution: 0.017, atelectasis__chx: 0.090, cardiomegaly__chx: 0.133, consolidation__chx: 0.950, edema__chx: 0.206, enlarged_cardiomediastinum__chx: 0.007, fracture__chx: 0.008, lung_lesion__chx: 0.679, lung_opacity__chx: 0.235, no_finding__chx: 0.379, pleural_effusion__chx: 0.520, pleural_other__chx: 0.781, pneumonia__chx: 0.649, pneumothorax__chx: 0.038, support_devices__chx: 0.666
  Val accuracy per class:
    Normal: 0.287, CHF: 0.444, pneumonia: 0.593, consolidation: 0.491, enlarged_cardiac_silhouette: 0.509, linear__patchy_atelectasis: 0.250, lobar__segmental_collapse: 0.963, not_otherwise_specified_opacity___pleural__parenchymal_opacity__: 0.454, pleural_effusion_or_thickening: 0.241, pulmonary_edema__hazy_opacity: 0.306, normal_anatomically: 0.306, elevated_hemidiaphragm: 0.000, hyperaeration: 0.657, vascular_redistribution: 0.000, atelectasis__chx: 0.102, cardiomegaly__chx: 0.176, consolidation__chx: 0.954, edema__chx: 0.287, enlarged_cardiomediastinum__chx: 0.000, fracture__chx: 0.037, lung_lesion__chx: 0.546, lung_opacity__chx: 0.231, no_finding__chx: 0.333, pleural_effusion__chx: 0.648, pleural_other__chx: 0.731, pneumonia__chx: 0.815, pneumothorax__chx: 0.130, support_devices__chx: 0.509
Epoch 03 | train loss -5.7484 | val loss 7.8020 | time 89.74s
  Train summary: macro-acc 0.560 | macro-F1 0.211 | micro-P 0.158 | micro-R 0.795 | micro-F1 0.264 | macro-PR 0.162 | micro-PR 0.146
  Val summary:   macro-acc 0.541 | macro-F1 0.240 | micro-P 0.172 | micro-R 0.889 | micro-F1 0.289 | macro-PR 0.214 | micro-PR 0.138
  Train accuracy per class:
    Normal: 0.342, CHF: 0.398, pneumonia: 0.474, consolidation: 0.732, enlarged_cardiac_silhouette: 0.222, linear__patchy_atelectasis: 0.260, lobar__segmental_collapse: 0.569, not_otherwise_specified_opacity___pleural__parenchymal_opacity__: 0.398, pleural_effusion_or_thickening: 0.305, pulmonary_edema__hazy_opacity: 0.303, normal_anatomically: 0.443, elevated_hemidiaphragm: 0.008, hyperaeration: 0.090, vascular_redistribution: 0.017, atelectasis__chx: 0.090, cardiomegaly__chx: 0.290, consolidation__chx: 0.925, edema__chx: 0.211, enlarged_cardiomediastinum__chx: 0.007, fracture__chx: 0.037, lung_lesion__chx: 0.629, lung_opacity__chx: 0.235, no_finding__chx: 0.397, pleural_effusion__chx: 0.240, pleural_other__chx: 0.949, pneumonia__chx: 0.840, pneumothorax__chx: 0.125, support_devices__chx: 0.425
  Val accuracy per class:
    Normal: 0.287, CHF: 0.481, pneumonia: 0.537, consolidation: 0.583, enlarged_cardiac_silhouette: 0.269, linear__patchy_atelectasis: 0.185, lobar__segmental_collapse: 0.648, not_otherwise_specified_opacity___pleural__parenchymal_opacity__: 0.472, pleural_effusion_or_thickening: 0.213, pulmonary_edema__hazy_opacity: 0.259, normal_anatomically: 0.380, elevated_hemidiaphragm: 0.000, hyperaeration: 0.111, vascular_redistribution: 0.000, atelectasis__chx: 0.102, cardiomegaly__chx: 0.269, consolidation__chx: 0.898, edema__chx: 0.213, enlarged_cardiomediastinum__chx: 0.000, fracture__chx: 0.093, lung_lesion__chx: 0.648, lung_opacity__chx: 0.231, no_finding__chx: 0.333, pleural_effusion__chx: 0.565, pleural_other__chx: 0.833, pneumonia__chx: 0.815, pneumothorax__chx: 0.046, support_devices__chx: 0.287
Epoch 04 | train loss -14.6333 | val loss 9.3346 | time 89.50s
  Train summary: macro-acc 0.557 | macro-F1 0.212 | micro-P 0.158 | micro-R 0.796 | micro-F1 0.263 | macro-PR 0.191 | micro-PR 0.143
  Val summary:   macro-acc 0.538 | macro-F1 0.239 | micro-P 0.170 | micro-R 0.882 | micro-F1 0.285 | macro-PR 0.212 | micro-PR 0.142
  Train accuracy per class:
    Normal: 0.356, CHF: 0.434, pneumonia: 0.504, consolidation: 0.608, enlarged_cardiac_silhouette: 0.204, linear__patchy_atelectasis: 0.230, lobar__segmental_collapse: 0.558, not_otherwise_specified_opacity___pleural__parenchymal_opacity__: 0.397, pleural_effusion_or_thickening: 0.401, pulmonary_edema__hazy_opacity: 0.504, normal_anatomically: 0.351, elevated_hemidiaphragm: 0.008, hyperaeration: 0.712, vascular_redistribution: 0.017, atelectasis__chx: 0.090, cardiomegaly__chx: 0.168, consolidation__chx: 0.724, edema__chx: 0.160, enlarged_cardiomediastinum__chx: 0.007, fracture__chx: 0.020, lung_lesion__chx: 0.446, lung_opacity__chx: 0.259, no_finding__chx: 0.379, pleural_effusion__chx: 0.311, pleural_other__chx: 0.873, pneumonia__chx: 0.840, pneumothorax__chx: 0.162, support_devices__chx: 0.181
  Val accuracy per class:
    Normal: 0.343, CHF: 0.537, pneumonia: 0.472, consolidation: 0.407, enlarged_cardiac_silhouette: 0.241, linear__patchy_atelectasis: 0.185, lobar__segmental_collapse: 0.454, not_otherwise_specified_opacity___pleural__parenchymal_opacity__: 0.463, pleural_effusion_or_thickening: 0.296, pulmonary_edema__hazy_opacity: 0.593, normal_anatomically: 0.296, elevated_hemidiaphragm: 0.000, hyperaeration: 0.574, vascular_redistribution: 0.000, atelectasis__chx: 0.102, cardiomegaly__chx: 0.176, consolidation__chx: 0.769, edema__chx: 0.176, enlarged_cardiomediastinum__chx: 0.000, fracture__chx: 0.019, lung_lesion__chx: 0.315, lung_opacity__chx: 0.296, no_finding__chx: 0.333, pleural_effusion__chx: 0.454, pleural_other__chx: 0.870, pneumonia__chx: 0.796, pneumothorax__chx: 0.176, support_devices__chx: 0.185
Epoch 05 | train loss -32.4931 | val loss 8.7838 | time 89.31s
  Train summary: macro-acc 0.548 | macro-F1 0.211 | micro-P 0.155 | micro-R 0.796 | micro-F1 0.259 | macro-PR 0.157 | micro-PR 0.139
  Val summary:   macro-acc 0.534 | macro-F1 0.235 | micro-P 0.163 | micro-R 0.873 | micro-F1 0.274 | macro-PR 0.217 | micro-PR 0.139
  Train accuracy per class:
    Normal: 0.342, CHF: 0.493, pneumonia: 0.413, consolidation: 0.691, enlarged_cardiac_silhouette: 0.203, linear__patchy_atelectasis: 0.273, lobar__segmental_collapse: 0.273, not_otherwise_specified_opacity___pleural__parenchymal_opacity__: 0.414, pleural_effusion_or_thickening: 0.237, pulmonary_edema__hazy_opacity: 0.628, normal_anatomically: 0.375, elevated_hemidiaphragm: 0.008, hyperaeration: 0.496, vascular_redistribution: 0.017, atelectasis__chx: 0.182, cardiomegaly__chx: 0.458, consolidation__chx: 0.203, edema__chx: 0.121, enlarged_cardiomediastinum__chx: 0.007, fracture__chx: 0.033, lung_lesion__chx: 0.685, lung_opacity__chx: 0.235, no_finding__chx: 0.375, pleural_effusion__chx: 0.251, pleural_other__chx: 0.743, pneumonia__chx: 0.840, pneumothorax__chx: 0.158, support_devices__chx: 0.347
  Val accuracy per class:
    Normal: 0.287, CHF: 0.565, pneumonia: 0.370, consolidation: 0.657, enlarged_cardiac_silhouette: 0.241, linear__patchy_atelectasis: 0.185, lobar__segmental_collapse: 0.361, not_otherwise_specified_opacity___pleural__parenchymal_opacity__: 0.519, pleural_effusion_or_thickening: 0.204, pulmonary_edema__hazy_opacity: 0.583, normal_anatomically: 0.306, elevated_hemidiaphragm: 0.000, hyperaeration: 0.435, vascular_redistribution: 0.000, atelectasis__chx: 0.120, cardiomegaly__chx: 0.444, consolidation__chx: 0.065, edema__chx: 0.139, enlarged_cardiomediastinum__chx: 0.000, fracture__chx: 0.019, lung_lesion__chx: 0.639, lung_opacity__chx: 0.231, no_finding__chx: 0.324, pleural_effusion__chx: 0.185, pleural_other__chx: 0.815, pneumonia__chx: 0.815, pneumothorax__chx: 0.074, support_devices__chx: 0.167
Epoch 06 | train loss -59.9834 | val loss 10.6041 | time 89.41s
  Train summary: macro-acc 0.537 | macro-F1 0.217 | micro-P 0.153 | micro-R 0.762 | micro-F1 0.255 | macro-PR 0.156 | micro-PR 0.143
  Val summary:   macro-acc 0.528 | macro-F1 0.243 | micro-P 0.167 | micro-R 0.873 | micro-F1 0.280 | macro-PR 0.232 | micro-PR 0.142
  Train accuracy per class:
    Normal: 0.430, CHF: 0.430, pneumonia: 0.441, consolidation: 0.482, enlarged_cardiac_silhouette: 0.203, linear__patchy_atelectasis: 0.404, lobar__segmental_collapse: 0.458, not_otherwise_specified_opacity___pleural__parenchymal_opacity__: 0.396, pleural_effusion_or_thickening: 0.479, pulmonary_edema__hazy_opacity: 0.665, normal_anatomically: 0.373, elevated_hemidiaphragm: 0.008, hyperaeration: 0.534, vascular_redistribution: 0.017, atelectasis__chx: 0.090, cardiomegaly__chx: 0.418, consolidation__chx: 0.234, edema__chx: 0.121, enlarged_cardiomediastinum__chx: 0.007, fracture__chx: 0.073, lung_lesion__chx: 0.766, lung_opacity__chx: 0.235, no_finding__chx: 0.375, pleural_effusion__chx: 0.418, pleural_other__chx: 0.776, pneumonia__chx: 0.851, pneumothorax__chx: 0.182, support_devices__chx: 0.009
  Val accuracy per class:
    Normal: 0.296, CHF: 0.472, pneumonia: 0.463, consolidation: 0.574, enlarged_cardiac_silhouette: 0.241, linear__patchy_atelectasis: 0.269, lobar__segmental_collapse: 0.481, not_otherwise_specified_opacity___pleural__parenchymal_opacity__: 0.454, pleural_effusion_or_thickening: 0.259, pulmonary_edema__hazy_opacity: 0.620, normal_anatomically: 0.315, elevated_hemidiaphragm: 0.000, hyperaeration: 0.593, vascular_redistribution: 0.000, atelectasis__chx: 0.102, cardiomegaly__chx: 0.426, consolidation__chx: 0.056, edema__chx: 0.139, enlarged_cardiomediastinum__chx: 0.000, fracture__chx: 0.019, lung_lesion__chx: 0.944, lung_opacity__chx: 0.231, no_finding__chx: 0.324, pleural_effusion__chx: 0.361, pleural_other__chx: 0.778, pneumonia__chx: 0.815, pneumothorax__chx: 0.019, support_devices__chx: 0.037
Epoch 07 | train loss -107.3421 | val loss 6.8159 | time 90.45s
  Train summary: macro-acc 0.527 | macro-F1 0.234 | micro-P 0.152 | micro-R 0.818 | micro-F1 0.257 | macro-PR 0.157 | micro-PR 0.147
  Val summary:   macro-acc 0.526 | macro-F1 0.250 | micro-P 0.162 | micro-R 0.893 | micro-F1 0.274 | macro-PR 0.231 | micro-PR 0.147
  Train accuracy per class:
    Normal: 0.464, CHF: 0.496, pneumonia: 0.391, consolidation: 0.119, enlarged_cardiac_silhouette: 0.203, linear__patchy_atelectasis: 0.570, lobar__segmental_collapse: 0.261, not_otherwise_specified_opacity___pleural__parenchymal_opacity__: 0.396, pleural_effusion_or_thickening: 0.237, pulmonary_edema__hazy_opacity: 0.612, normal_anatomically: 0.351, elevated_hemidiaphragm: 0.008, hyperaeration: 0.040, vascular_redistribution: 0.017, atelectasis__chx: 0.099, cardiomegaly__chx: 0.346, consolidation__chx: 0.034, edema__chx: 0.121, enlarged_cardiomediastinum__chx: 0.007, fracture__chx: 0.007, lung_lesion__chx: 0.687, lung_opacity__chx: 0.234, no_finding__chx: 0.422, pleural_effusion__chx: 0.161, pleural_other__chx: 0.628, pneumonia__chx: 0.887, pneumothorax__chx: 0.232, support_devices__chx: 0.745
  Val accuracy per class:
    Normal: 0.324, CHF: 0.556, pneumonia: 0.454, consolidation: 0.093, enlarged_cardiac_silhouette: 0.241, linear__patchy_atelectasis: 0.593, lobar__segmental_collapse: 0.083, not_otherwise_specified_opacity___pleural__parenchymal_opacity__: 0.454, pleural_effusion_or_thickening: 0.204, pulmonary_edema__hazy_opacity: 0.481, normal_anatomically: 0.296, elevated_hemidiaphragm: 0.000, hyperaeration: 0.102, vascular_redistribution: 0.000, atelectasis__chx: 0.102, cardiomegaly__chx: 0.222, consolidation__chx: 0.028, edema__chx: 0.139, enlarged_cardiomediastinum__chx: 0.000, fracture__chx: 0.009, lung_lesion__chx: 0.954, lung_opacity__chx: 0.231, no_finding__chx: 0.343, pleural_effusion__chx: 0.167, pleural_other__chx: 0.472, pneumonia__chx: 0.806, pneumothorax__chx: 0.056, support_devices__chx: 0.880
Epoch 08 | train loss -162.7829 | val loss 10.3833 | time 89.77s
  Train summary: macro-acc 0.517 | macro-F1 0.230 | micro-P 0.155 | micro-R 0.818 | micro-F1 0.260 | macro-PR 0.157 | micro-PR 0.139
  Val summary:   macro-acc 0.489 | macro-F1 0.243 | micro-P 0.161 | micro-R 0.922 | micro-F1 0.274 | macro-PR 0.226 | micro-PR 0.128
  Train accuracy per class:
    Normal: 0.342, CHF: 0.451, pneumonia: 0.392, consolidation: 0.133, enlarged_cardiac_silhouette: 0.202, linear__patchy_atelectasis: 0.587, lobar__segmental_collapse: 0.363, not_otherwise_specified_opacity___pleural__parenchymal_opacity__: 0.456, pleural_effusion_or_thickening: 0.237, pulmonary_edema__hazy_opacity: 0.570, normal_anatomically: 0.351, elevated_hemidiaphragm: 0.008, hyperaeration: 0.040, vascular_redistribution: 0.021, atelectasis__chx: 0.120, cardiomegaly__chx: 0.435, consolidation__chx: 0.302, edema__chx: 0.124, enlarged_cardiomediastinum__chx: 0.015, fracture__chx: 0.024, lung_lesion__chx: 0.803, lung_opacity__chx: 0.331, no_finding__chx: 0.375, pleural_effusion__chx: 0.162, pleural_other__chx: 0.602, pneumonia__chx: 0.865, pneumothorax__chx: 0.346, support_devices__chx: 0.454
  Val accuracy per class:
    Normal: 0.287, CHF: 0.481, pneumonia: 0.324, consolidation: 0.093, enlarged_cardiac_silhouette: 0.241, linear__patchy_atelectasis: 0.324, lobar__segmental_collapse: 0.176, not_otherwise_specified_opacity___pleural__parenchymal_opacity__: 0.472, pleural_effusion_or_thickening: 0.204, pulmonary_edema__hazy_opacity: 0.454, normal_anatomically: 0.296, elevated_hemidiaphragm: 0.000, hyperaeration: 0.102, vascular_redistribution: 0.000, atelectasis__chx: 0.102, cardiomegaly__chx: 0.343, consolidation__chx: 0.056, edema__chx: 0.139, enlarged_cardiomediastinum__chx: 0.009, fracture__chx: 0.009, lung_lesion__chx: 0.963, lung_opacity__chx: 0.259, no_finding__chx: 0.324, pleural_effusion__chx: 0.167, pleural_other__chx: 0.528, pneumonia__chx: 0.806, pneumothorax__chx: 0.204, support_devices__chx: 0.306
Epoch 09 | train loss -238.8388 | val loss 13.5449 | time 88.69s
  Train summary: macro-acc 0.497 | macro-F1 0.232 | micro-P 0.157 | micro-R 0.834 | micro-F1 0.264 | macro-PR 0.151 | micro-PR 0.131
  Val summary:   macro-acc 0.507 | macro-F1 0.241 | micro-P 0.163 | micro-R 0.920 | micro-F1 0.277 | macro-PR 0.227 | micro-PR 0.126
  Train accuracy per class:
    Normal: 0.342, CHF: 0.482, pneumonia: 0.340, consolidation: 0.511, enlarged_cardiac_silhouette: 0.208, linear__patchy_atelectasis: 0.468, lobar__segmental_collapse: 0.313, not_otherwise_specified_opacity___pleural__parenchymal_opacity__: 0.402, pleural_effusion_or_thickening: 0.499, pulmonary_edema__hazy_opacity: 0.418, normal_anatomically: 0.350, elevated_hemidiaphragm: 0.008, hyperaeration: 0.042, vascular_redistribution: 0.028, atelectasis__chx: 0.140, cardiomegaly__chx: 0.485, consolidation__chx: 0.364, edema__chx: 0.131, enlarged_cardiomediastinum__chx: 0.055, fracture__chx: 0.090, lung_lesion__chx: 0.582, lung_opacity__chx: 0.235, no_finding__chx: 0.373, pleural_effusion__chx: 0.166, pleural_other__chx: 0.574, pneumonia__chx: 0.875, pneumothorax__chx: 0.558, support_devices__chx: 0.015
  Val accuracy per class:
    Normal: 0.287, CHF: 0.528, pneumonia: 0.287, consolidation: 0.583, enlarged_cardiac_silhouette: 0.241, linear__patchy_atelectasis: 0.444, lobar__segmental_collapse: 0.065, not_otherwise_specified_opacity___pleural__parenchymal_opacity__: 0.454, pleural_effusion_or_thickening: 0.306, pulmonary_edema__hazy_opacity: 0.324, normal_anatomically: 0.296, elevated_hemidiaphragm: 0.000, hyperaeration: 0.102, vascular_redistribution: 0.000, atelectasis__chx: 0.102, cardiomegaly__chx: 0.435, consolidation__chx: 0.130, edema__chx: 0.139, enlarged_cardiomediastinum__chx: 0.000, fracture__chx: 0.009, lung_lesion__chx: 0.861, lung_opacity__chx: 0.231, no_finding__chx: 0.324, pleural_effusion__chx: 0.167, pleural_other__chx: 0.556, pneumonia__chx: 0.815, pneumothorax__chx: 0.231, support_devices__chx: 0.037
Epoch 10 | train loss -336.6536 | val loss 16.7221 | time 89.04s
  Train summary: macro-acc 0.504 | macro-F1 0.230 | micro-P 0.153 | micro-R 0.752 | micro-F1 0.255 | macro-PR 0.160 | micro-PR 0.138
  Val summary:   macro-acc 0.482 | macro-F1 0.244 | micro-P 0.165 | micro-R 0.898 | micro-F1 0.279 | macro-PR 0.248 | micro-PR 0.120
  Train accuracy per class:
    Normal: 0.347, CHF: 0.522, pneumonia: 0.434, consolidation: 0.507, enlarged_cardiac_silhouette: 0.214, linear__patchy_atelectasis: 0.423, lobar__segmental_collapse: 0.379, not_otherwise_specified_opacity___pleural__parenchymal_opacity__: 0.394, pleural_effusion_or_thickening: 0.492, pulmonary_edema__hazy_opacity: 0.517, normal_anatomically: 0.354, elevated_hemidiaphragm: 0.008, hyperaeration: 0.061, vascular_redistribution: 0.040, atelectasis__chx: 0.166, cardiomegaly__chx: 0.451, consolidation__chx: 0.356, edema__chx: 0.144, enlarged_cardiomediastinum__chx: 0.168, fracture__chx: 0.355, lung_lesion__chx: 0.524, lung_opacity__chx: 0.451, no_finding__chx: 0.512, pleural_effusion__chx: 0.186, pleural_other__chx: 0.542, pneumonia__chx: 0.868, pneumothorax__chx: 0.654, support_devices__chx: 0.040
  Val accuracy per class:
    Normal: 0.287, CHF: 0.565, pneumonia: 0.296, consolidation: 0.407, enlarged_cardiac_silhouette: 0.241, linear__patchy_atelectasis: 0.306, lobar__segmental_collapse: 0.102, not_otherwise_specified_opacity___pleural__parenchymal_opacity__: 0.454, pleural_effusion_or_thickening: 0.278, pulmonary_edema__hazy_opacity: 0.593, normal_anatomically: 0.296, elevated_hemidiaphragm: 0.000, hyperaeration: 0.102, vascular_redistribution: 0.000, atelectasis__chx: 0.102, cardiomegaly__chx: 0.546, consolidation__chx: 0.102, edema__chx: 0.139, enlarged_cardiomediastinum__chx: 0.000, fracture__chx: 0.019, lung_lesion__chx: 0.963, lung_opacity__chx: 0.278, no_finding__chx: 0.333, pleural_effusion__chx: 0.167, pleural_other__chx: 0.611, pneumonia__chx: 0.815, pneumothorax__chx: 0.611, support_devices__chx: 0.037
Epoch 11 | train loss -452.3383 | val loss 36.8738 | time 89.83s
  Train summary: macro-acc 0.507 | macro-F1 0.233 | micro-P 0.157 | micro-R 0.806 | micro-F1 0.263 | macro-PR 0.157 | micro-PR 0.136
  Val summary:   macro-acc 0.506 | macro-F1 0.241 | micro-P 0.162 | micro-R 0.891 | micro-F1 0.274 | macro-PR 0.236 | micro-PR 0.131
  Train accuracy per class:
    Normal: 0.354, CHF: 0.512, pneumonia: 0.356, consolidation: 0.148, enlarged_cardiac_silhouette: 0.508, linear__patchy_atelectasis: 0.183, lobar__segmental_collapse: 0.328, not_otherwise_specified_opacity___pleural__parenchymal_opacity__: 0.401, pleural_effusion_or_thickening: 0.239, pulmonary_edema__hazy_opacity: 0.577, normal_anatomically: 0.367, elevated_hemidiaphragm: 0.015, hyperaeration: 0.067, vascular_redistribution: 0.051, atelectasis__chx: 0.166, cardiomegaly__chx: 0.595, consolidation__chx: 0.051, edema__chx: 0.169, enlarged_cardiomediastinum__chx: 0.332, fracture__chx: 0.202, lung_lesion__chx: 0.484, lung_opacity__chx: 0.491, no_finding__chx: 0.389, pleural_effusion__chx: 0.470, pleural_other__chx: 0.592, pneumonia__chx: 0.883, pneumothorax__chx: 0.704, support_devices__chx: 0.045
  Val accuracy per class:
    Normal: 0.287, CHF: 0.435, pneumonia: 0.287, consolidation: 0.093, enlarged_cardiac_silhouette: 0.444, linear__patchy_atelectasis: 0.176, lobar__segmental_collapse: 0.139, not_otherwise_specified_opacity___pleural__parenchymal_opacity__: 0.454, pleural_effusion_or_thickening: 0.204, pulmonary_edema__hazy_opacity: 0.528, normal_anatomically: 0.296, elevated_hemidiaphragm: 0.000, hyperaeration: 0.102, vascular_redistribution: 0.000, atelectasis__chx: 0.102, cardiomegaly__chx: 0.704, consolidation__chx: 0.028, edema__chx: 0.139, enlarged_cardiomediastinum__chx: 0.000, fracture__chx: 0.009, lung_lesion__chx: 0.926, lung_opacity__chx: 0.398, no_finding__chx: 0.324, pleural_effusion__chx: 0.352, pleural_other__chx: 0.519, pneumonia__chx: 0.815, pneumothorax__chx: 0.556, support_devices__chx: 0.037
  Checkpoint saved to /project/hnguyen2/mvu9/folder_04_ma/gaze-01/runs/st2/checkpoints_pretrained/20251027-013614_best.pt
Epoch 12 | train loss -579.8281 | val loss -0.0972 | time 90.31s
  Train summary: macro-acc 0.523 | macro-F1 0.240 | micro-P 0.169 | micro-R 0.832 | micro-F1 0.281 | macro-PR 0.156 | micro-PR 0.142
  Val summary:   macro-acc 0.534 | macro-F1 0.257 | micro-P 0.177 | micro-R 0.911 | micro-F1 0.297 | macro-PR 0.225 | micro-PR 0.116
  Train accuracy per class:
    Normal: 0.359, CHF: 0.321, pneumonia: 0.343, consolidation: 0.524, enlarged_cardiac_silhouette: 0.218, linear__patchy_atelectasis: 0.203, lobar__segmental_collapse: 0.408, not_otherwise_specified_opacity___pleural__parenchymal_opacity__: 0.398, pleural_effusion_or_thickening: 0.441, pulmonary_edema__hazy_opacity: 0.513, normal_anatomically: 0.369, elevated_hemidiaphragm: 0.034, hyperaeration: 0.108, vascular_redistribution: 0.066, atelectasis__chx: 0.455, cardiomegaly__chx: 0.516, consolidation__chx: 0.330, edema__chx: 0.183, enlarged_cardiomediastinum__chx: 0.402, fracture__chx: 0.255, lung_lesion__chx: 0.555, lung_opacity__chx: 0.398, no_finding__chx: 0.376, pleural_effusion__chx: 0.507, pleural_other__chx: 0.351, pneumonia__chx: 0.897, pneumothorax__chx: 0.749, support_devices__chx: 0.373
  Val accuracy per class:
    Normal: 0.287, CHF: 0.426, pneumonia: 0.287, consolidation: 0.509, enlarged_cardiac_silhouette: 0.241, linear__patchy_atelectasis: 0.176, lobar__segmental_collapse: 0.185, not_otherwise_specified_opacity___pleural__parenchymal_opacity__: 0.454, pleural_effusion_or_thickening: 0.222, pulmonary_edema__hazy_opacity: 0.731, normal_anatomically: 0.296, elevated_hemidiaphragm: 0.000, hyperaeration: 0.102, vascular_redistribution: 0.000, atelectasis__chx: 0.185, cardiomegaly__chx: 0.722, consolidation__chx: 0.065, edema__chx: 0.139, enlarged_cardiomediastinum__chx: 0.602, fracture__chx: 0.009, lung_lesion__chx: 0.778, lung_opacity__chx: 0.278, no_finding__chx: 0.324, pleural_effusion__chx: 0.648, pleural_other__chx: 0.537, pneumonia__chx: 0.685, pneumothorax__chx: 1.000, support_devices__chx: 0.130
Epoch 13 | train loss -725.6219 | val loss 51.8334 | time 90.15s
  Train summary: macro-acc 0.533 | macro-F1 0.237 | micro-P 0.167 | micro-R 0.814 | micro-F1 0.277 | macro-PR 0.155 | micro-PR 0.147
  Val summary:   macro-acc 0.548 | macro-F1 0.244 | micro-P 0.174 | micro-R 0.931 | micro-F1 0.293 | macro-PR 0.234 | micro-PR 0.136
  Train accuracy per class:
    Normal: 0.365, CHF: 0.550, pneumonia: 0.363, consolidation: 0.443, enlarged_cardiac_silhouette: 0.234, linear__patchy_atelectasis: 0.222, lobar__segmental_collapse: 0.354, not_otherwise_specified_opacity___pleural__parenchymal_opacity__: 0.398, pleural_effusion_or_thickening: 0.265, pulmonary_edema__hazy_opacity: 0.620, normal_anatomically: 0.381, elevated_hemidiaphragm: 0.055, hyperaeration: 0.112, vascular_redistribution: 0.057, atelectasis__chx: 0.189, cardiomegaly__chx: 0.443, consolidation__chx: 0.476, edema__chx: 0.204, enlarged_cardiomediastinum__chx: 0.447, fracture__chx: 0.319, lung_lesion__chx: 0.441, lung_opacity__chx: 0.256, no_finding__chx: 0.507, pleural_effusion__chx: 0.198, pleural_other__chx: 0.596, pneumonia__chx: 0.877, pneumothorax__chx: 0.815, support_devices__chx: 0.521
  Val accuracy per class:
    Normal: 0.287, CHF: 0.435, pneumonia: 0.287, consolidation: 0.176, enlarged_cardiac_silhouette: 0.241, linear__patchy_atelectasis: 0.176, lobar__segmental_collapse: 0.019, not_otherwise_specified_opacity___pleural__parenchymal_opacity__: 0.454, pleural_effusion_or_thickening: 0.204, pulmonary_edema__hazy_opacity: 0.546, normal_anatomically: 0.296, elevated_hemidiaphragm: 0.000, hyperaeration: 0.102, vascular_redistribution: 0.000, atelectasis__chx: 0.102, cardiomegaly__chx: 0.176, consolidation__chx: 0.843, edema__chx: 0.139, enlarged_cardiomediastinum__chx: 0.000, fracture__chx: 0.028, lung_lesion__chx: 0.889, lung_opacity__chx: 0.231, no_finding__chx: 0.333, pleural_effusion__chx: 0.167, pleural_other__chx: 0.454, pneumonia__chx: 0.815, pneumothorax__chx: 1.000, support_devices__chx: 0.898
Epoch 14 | train loss -863.4451 | val loss 28.5655 | time 89.22s
  Train summary: macro-acc 0.528 | macro-F1 0.224 | micro-P 0.159 | micro-R 0.676 | micro-F1 0.257 | macro-PR 0.155 | micro-PR 0.143
  Val summary:   macro-acc 0.521 | macro-F1 0.242 | micro-P 0.176 | micro-R 0.851 | micro-F1 0.292 | macro-PR 0.238 | micro-PR 0.134
  Train accuracy per class:
    Normal: 0.511, CHF: 0.537, pneumonia: 0.434, consolidation: 0.169, enlarged_cardiac_silhouette: 0.524, linear__patchy_atelectasis: 0.458, lobar__segmental_collapse: 0.363, not_otherwise_specified_opacity___pleural__parenchymal_opacity__: 0.391, pleural_effusion_or_thickening: 0.269, pulmonary_edema__hazy_opacity: 0.590, normal_anatomically: 0.397, elevated_hemidiaphragm: 0.049, hyperaeration: 0.487, vascular_redistribution: 0.051, atelectasis__chx: 0.177, cardiomegaly__chx: 0.427, consolidation__chx: 0.518, edema__chx: 0.208, enlarged_cardiomediastinum__chx: 0.485, fracture__chx: 0.298, lung_lesion__chx: 0.497, lung_opacity__chx: 0.515, no_finding__chx: 0.483, pleural_effusion__chx: 0.471, pleural_other__chx: 0.583, pneumonia__chx: 0.854, pneumothorax__chx: 0.889, support_devices__chx: 0.466
  Val accuracy per class:
    Normal: 0.602, CHF: 0.500, pneumonia: 0.296, consolidation: 0.093, enlarged_cardiac_silhouette: 0.324, linear__patchy_atelectasis: 0.213, lobar__segmental_collapse: 0.028, not_otherwise_specified_opacity___pleural__parenchymal_opacity__: 0.454, pleural_effusion_or_thickening: 0.204, pulmonary_edema__hazy_opacity: 0.593, normal_anatomically: 0.296, elevated_hemidiaphragm: 0.000, hyperaeration: 0.278, vascular_redistribution: 0.000, atelectasis__chx: 0.102, cardiomegaly__chx: 0.630, consolidation__chx: 0.796, edema__chx: 0.139, enlarged_cardiomediastinum__chx: 0.148, fracture__chx: 0.019, lung_lesion__chx: 0.935, lung_opacity__chx: 0.241, no_finding__chx: 0.463, pleural_effusion__chx: 0.333, pleural_other__chx: 0.481, pneumonia__chx: 0.815, pneumothorax__chx: 1.000, support_devices__chx: 0.824
Epoch 15 | train loss -1021.9707 | val loss 32.0326 | time 91.24s
  Train summary: macro-acc 0.534 | macro-F1 0.232 | micro-P 0.162 | micro-R 0.729 | micro-F1 0.265 | macro-PR 0.161 | micro-PR 0.147
  Val summary:   macro-acc 0.548 | macro-F1 0.242 | micro-P 0.179 | micro-R 0.882 | micro-F1 0.297 | macro-PR 0.237 | micro-PR 0.128
  Train accuracy per class:
    Normal: 0.471, CHF: 0.516, pneumonia: 0.520, consolidation: 0.449, enlarged_cardiac_silhouette: 0.232, linear__patchy_atelectasis: 0.549, lobar__segmental_collapse: 0.504, not_otherwise_specified_opacity___pleural__parenchymal_opacity__: 0.394, pleural_effusion_or_thickening: 0.265, pulmonary_edema__hazy_opacity: 0.584, normal_anatomically: 0.410, elevated_hemidiaphragm: 0.077, hyperaeration: 0.137, vascular_redistribution: 0.050, atelectasis__chx: 0.185, cardiomegaly__chx: 0.474, consolidation__chx: 0.596, edema__chx: 0.215, enlarged_cardiomediastinum__chx: 0.504, fracture__chx: 0.208, lung_lesion__chx: 0.179, lung_opacity__chx: 0.248, no_finding__chx: 0.458, pleural_effusion__chx: 0.437, pleural_other__chx: 0.660, pneumonia__chx: 0.883, pneumothorax__chx: 0.879, support_devices__chx: 0.471
  Val accuracy per class:
    Normal: 0.324, CHF: 0.537, pneumonia: 0.333, consolidation: 0.111, enlarged_cardiac_silhouette: 0.241, linear__patchy_atelectasis: 0.676, lobar__segmental_collapse: 0.787, not_otherwise_specified_opacity___pleural__parenchymal_opacity__: 0.454, pleural_effusion_or_thickening: 0.204, pulmonary_edema__hazy_opacity: 0.528, normal_anatomically: 0.296, elevated_hemidiaphragm: 0.000, hyperaeration: 0.102, vascular_redistribution: 0.000, atelectasis__chx: 0.102, cardiomegaly__chx: 0.583, consolidation__chx: 0.889, edema__chx: 0.139, enlarged_cardiomediastinum__chx: 0.306, fracture__chx: 0.009, lung_lesion__chx: 0.046, lung_opacity__chx: 0.231, no_finding__chx: 0.370, pleural_effusion__chx: 0.324, pleural_other__chx: 0.500, pneumonia__chx: 0.815, pneumothorax__chx: 1.000, support_devices__chx: 0.722
Epoch 16 | train loss -1178.1425 | val loss 41.5075 | time 89.12s
  Train summary: macro-acc 0.545 | macro-F1 0.230 | micro-P 0.165 | micro-R 0.738 | micro-F1 0.269 | macro-PR 0.156 | micro-PR 0.149
  Val summary:   macro-acc 0.554 | macro-F1 0.233 | micro-P 0.167 | micro-R 0.907 | micro-F1 0.282 | macro-PR 0.220 | micro-PR 0.137
  Train accuracy per class:
    Normal: 0.381, CHF: 0.512, pneumonia: 0.350, consolidation: 0.179, enlarged_cardiac_silhouette: 0.511, linear__patchy_atelectasis: 0.475, lobar__segmental_collapse: 0.463, not_otherwise_specified_opacity___pleural__parenchymal_opacity__: 0.387, pleural_effusion_or_thickening: 0.278, pulmonary_edema__hazy_opacity: 0.599, normal_anatomically: 0.375, elevated_hemidiaphragm: 0.099, hyperaeration: 0.462, vascular_redistribution: 0.106, atelectasis__chx: 0.190, cardiomegaly__chx: 0.497, consolidation__chx: 0.354, edema__chx: 0.211, enlarged_cardiomediastinum__chx: 0.511, fracture__chx: 0.224, lung_lesion__chx: 0.516, lung_opacity__chx: 0.501, no_finding__chx: 0.458, pleural_effusion__chx: 0.212, pleural_other__chx: 0.641, pneumonia__chx: 0.875, pneumothorax__chx: 0.897, support_devices__chx: 0.439
  Val accuracy per class:
    Normal: 0.287, CHF: 0.444, pneumonia: 0.287, consolidation: 0.093, enlarged_cardiac_silhouette: 0.370, linear__patchy_atelectasis: 0.278, lobar__segmental_collapse: 0.361, not_otherwise_specified_opacity___pleural__parenchymal_opacity__: 0.454, pleural_effusion_or_thickening: 0.204, pulmonary_edema__hazy_opacity: 0.519, normal_anatomically: 0.296, elevated_hemidiaphragm: 0.000, hyperaeration: 0.111, vascular_redistribution: 0.000, atelectasis__chx: 0.102, cardiomegaly__chx: 0.667, consolidation__chx: 0.130, edema__chx: 0.139, enlarged_cardiomediastinum__chx: 0.157, fracture__chx: 0.009, lung_lesion__chx: 0.130, lung_opacity__chx: 0.370, no_finding__chx: 0.352, pleural_effusion__chx: 0.167, pleural_other__chx: 0.481, pneumonia__chx: 0.815, pneumothorax__chx: 1.000, support_devices__chx: 0.537
Epoch 17 | train loss -1360.9613 | val loss 74.2776 | time 94.06s
  Train summary: macro-acc 0.540 | macro-F1 0.234 | micro-P 0.172 | micro-R 0.756 | micro-F1 0.281 | macro-PR 0.159 | micro-PR 0.154
  Val summary:   macro-acc 0.534 | macro-F1 0.239 | micro-P 0.175 | micro-R 0.896 | micro-F1 0.293 | macro-PR 0.222 | micro-PR 0.128
  Train accuracy per class:
    Normal: 0.447, CHF: 0.343, pneumonia: 0.355, consolidation: 0.434, enlarged_cardiac_silhouette: 0.533, linear__patchy_atelectasis: 0.522, lobar__segmental_collapse: 0.573, not_otherwise_specified_opacity___pleural__parenchymal_opacity__: 0.387, pleural_effusion_or_thickening: 0.256, pulmonary_edema__hazy_opacity: 0.615, normal_anatomically: 0.400, elevated_hemidiaphragm: 0.092, hyperaeration: 0.522, vascular_redistribution: 0.083, atelectasis__chx: 0.190, cardiomegaly__chx: 0.179, consolidation__chx: 0.629, edema__chx: 0.260, enlarged_cardiomediastinum__chx: 0.542, fracture__chx: 0.202, lung_lesion__chx: 0.528, lung_opacity__chx: 0.632, no_finding__chx: 0.445, pleural_effusion__chx: 0.241, pleural_other__chx: 0.693, pneumonia__chx: 0.871, pneumothorax__chx: 0.920, support_devices__chx: 0.355
  Val accuracy per class:
    Normal: 0.343, CHF: 0.426, pneumonia: 0.287, consolidation: 0.111, enlarged_cardiac_silhouette: 0.250, linear__patchy_atelectasis: 0.565, lobar__segmental_collapse: 0.620, not_otherwise_specified_opacity___pleural__parenchymal_opacity__: 0.454, pleural_effusion_or_thickening: 0.204, pulmonary_edema__hazy_opacity: 0.546, normal_anatomically: 0.296, elevated_hemidiaphragm: 0.000, hyperaeration: 0.213, vascular_redistribution: 0.000, atelectasis__chx: 0.102, cardiomegaly__chx: 0.157, consolidation__chx: 0.861, edema__chx: 0.139, enlarged_cardiomediastinum__chx: 0.000, fracture__chx: 0.009, lung_lesion__chx: 0.222, lung_opacity__chx: 0.500, no_finding__chx: 0.370, pleural_effusion__chx: 0.167, pleural_other__chx: 0.528, pneumonia__chx: 0.815, pneumothorax__chx: 1.000, support_devices__chx: 0.843
Epoch 18 | train loss -1527.1033 | val loss 0.3207 | time 92.34s
  Train summary: macro-acc 0.539 | macro-F1 0.230 | micro-P 0.165 | micro-R 0.746 | micro-F1 0.270 | macro-PR 0.159 | micro-PR 0.148
  Val summary:   macro-acc 0.622 | macro-F1 0.248 | micro-P 0.181 | micro-R 0.913 | micro-F1 0.302 | macro-PR 0.230 | micro-PR 0.137
  Train accuracy per class:
    Normal: 0.420, CHF: 0.352, pneumonia: 0.471, consolidation: 0.431, enlarged_cardiac_silhouette: 0.505, linear__patchy_atelectasis: 0.255, lobar__segmental_collapse: 0.550, not_otherwise_specified_opacity___pleural__parenchymal_opacity__: 0.405, pleural_effusion_or_thickening: 0.265, pulmonary_edema__hazy_opacity: 0.530, normal_anatomically: 0.409, elevated_hemidiaphragm: 0.127, hyperaeration: 0.145, vascular_redistribution: 0.121, atelectasis__chx: 0.472, cardiomegaly__chx: 0.425, consolidation__chx: 0.505, edema__chx: 0.274, enlarged_cardiomediastinum__chx: 0.495, fracture__chx: 0.383, lung_lesion__chx: 0.142, lung_opacity__chx: 0.266, no_finding__chx: 0.493, pleural_effusion__chx: 0.464, pleural_other__chx: 0.470, pneumonia__chx: 0.877, pneumothorax__chx: 0.914, support_devices__chx: 0.410
  Val accuracy per class:
    Normal: 0.287, CHF: 0.426, pneumonia: 0.296, consolidation: 0.102, enlarged_cardiac_silhouette: 0.287, linear__patchy_atelectasis: 0.176, lobar__segmental_collapse: 0.806, not_otherwise_specified_opacity___pleural__parenchymal_opacity__: 0.454, pleural_effusion_or_thickening: 0.204, pulmonary_edema__hazy_opacity: 0.639, normal_anatomically: 0.296, elevated_hemidiaphragm: 0.000, hyperaeration: 0.102, vascular_redistribution: 0.000, atelectasis__chx: 0.463, cardiomegaly__chx: 0.509, consolidation__chx: 0.852, edema__chx: 0.139, enlarged_cardiomediastinum__chx: 0.528, fracture__chx: 0.019, lung_lesion__chx: 0.046, lung_opacity__chx: 0.231, no_finding__chx: 0.417, pleural_effusion__chx: 0.296, pleural_other__chx: 0.472, pneumonia__chx: 0.806, pneumothorax__chx: 1.000, support_devices__chx: 0.537
Epoch 19 | train loss -1712.4379 | val loss 16.8774 | time 91.30s
  Train summary: macro-acc 0.534 | macro-F1 0.234 | micro-P 0.174 | micro-R 0.814 | micro-F1 0.287 | macro-PR 0.159 | micro-PR 0.148
  Val summary:   macro-acc 0.568 | macro-F1 0.238 | micro-P 0.181 | micro-R 0.902 | micro-F1 0.302 | macro-PR 0.231 | micro-PR 0.138
  Train accuracy per class:
    Normal: 0.396, CHF: 0.340, pneumonia: 0.371, consolidation: 0.204, enlarged_cardiac_silhouette: 0.266, linear__patchy_atelectasis: 0.232, lobar__segmental_collapse: 0.554, not_otherwise_specified_opacity___pleural__parenchymal_opacity__: 0.377, pleural_effusion_or_thickening: 0.286, pulmonary_edema__hazy_opacity: 0.525, normal_anatomically: 0.425, elevated_hemidiaphragm: 0.113, hyperaeration: 0.499, vascular_redistribution: 0.119, atelectasis__chx: 0.422, cardiomegaly__chx: 0.354, consolidation__chx: 0.537, edema__chx: 0.218, enlarged_cardiomediastinum__chx: 0.598, fracture__chx: 0.253, lung_lesion__chx: 0.120, lung_opacity__chx: 0.513, no_finding__chx: 0.421, pleural_effusion__chx: 0.487, pleural_other__chx: 0.658, pneumonia__chx: 0.830, pneumothorax__chx: 0.943, support_devices__chx: 0.517
  Val accuracy per class:
    Normal: 0.287, CHF: 0.426, pneumonia: 0.287, consolidation: 0.093, enlarged_cardiac_silhouette: 0.241, linear__patchy_atelectasis: 0.176, lobar__segmental_collapse: 0.648, not_otherwise_specified_opacity___pleural__parenchymal_opacity__: 0.454, pleural_effusion_or_thickening: 0.204, pulmonary_edema__hazy_opacity: 0.519, normal_anatomically: 0.296, elevated_hemidiaphragm: 0.000, hyperaeration: 0.333, vascular_redistribution: 0.000, atelectasis__chx: 0.611, cardiomegaly__chx: 0.167, consolidation__chx: 0.815, edema__chx: 0.139, enlarged_cardiomediastinum__chx: 0.435, fracture__chx: 0.028, lung_lesion__chx: 0.046, lung_opacity__chx: 0.481, no_finding__chx: 0.324, pleural_effusion__chx: 0.343, pleural_other__chx: 0.528, pneumonia__chx: 0.815, pneumothorax__chx: 1.000, support_devices__chx: 0.889
Epoch 20 | train loss -1922.0888 | val loss 70.8350 | time 90.20s
  Train summary: macro-acc 0.536 | macro-F1 0.230 | micro-P 0.163 | micro-R 0.728 | micro-F1 0.267 | macro-PR 0.159 | micro-PR 0.150
  Val summary:   macro-acc 0.496 | macro-F1 0.237 | micro-P 0.175 | micro-R 0.869 | micro-F1 0.291 | macro-PR 0.221 | micro-PR 0.129
  Train accuracy per class:
    Normal: 0.453, CHF: 0.513, pneumonia: 0.340, consolidation: 0.187, enlarged_cardiac_silhouette: 0.245, linear__patchy_atelectasis: 0.577, lobar__segmental_collapse: 0.554, not_otherwise_specified_opacity___pleural__parenchymal_opacity__: 0.385, pleural_effusion_or_thickening: 0.289, pulmonary_edema__hazy_opacity: 0.586, normal_anatomically: 0.483, elevated_hemidiaphragm: 0.095, hyperaeration: 0.161, vascular_redistribution: 0.117, atelectasis__chx: 0.369, cardiomegaly__chx: 0.307, consolidation__chx: 0.470, edema__chx: 0.214, enlarged_cardiomediastinum__chx: 0.613, fracture__chx: 0.230, lung_lesion__chx: 0.133, lung_opacity__chx: 0.611, no_finding__chx: 0.434, pleural_effusion__chx: 0.471, pleural_other__chx: 0.715, pneumonia__chx: 0.832, pneumothorax__chx: 0.943, support_devices__chx: 0.385
  Val accuracy per class:
    Normal: 0.343, CHF: 0.491, pneumonia: 0.287, consolidation: 0.093, enlarged_cardiac_silhouette: 0.241, linear__patchy_atelectasis: 0.704, lobar__segmental_collapse: 0.593, not_otherwise_specified_opacity___pleural__parenchymal_opacity__: 0.454, pleural_effusion_or_thickening: 0.204, pulmonary_edema__hazy_opacity: 0.454, normal_anatomically: 0.370, elevated_hemidiaphragm: 0.000, hyperaeration: 0.102, vascular_redistribution: 0.000, atelectasis__chx: 0.602, cardiomegaly__chx: 0.167, consolidation__chx: 0.787, edema__chx: 0.139, enlarged_cardiomediastinum__chx: 0.019, fracture__chx: 0.028, lung_lesion__chx: 0.046, lung_opacity__chx: 0.417, no_finding__chx: 0.380, pleural_effusion__chx: 0.333, pleural_other__chx: 0.417, pneumonia__chx: 0.815, pneumothorax__chx: 1.000, support_devices__chx: 0.880
Epoch 21 | train loss -2110.2671 | val loss 16.8491 | time 88.87s
  Train summary: macro-acc 0.545 | macro-F1 0.234 | micro-P 0.173 | micro-R 0.808 | micro-F1 0.285 | macro-PR 0.168 | micro-PR 0.156
  Val summary:   macro-acc 0.608 | macro-F1 0.239 | micro-P 0.180 | micro-R 0.904 | micro-F1 0.300 | macro-PR 0.227 | micro-PR 0.138
  Train accuracy per class:
    Normal: 0.455, CHF: 0.344, pneumonia: 0.344, consolidation: 0.437, enlarged_cardiac_silhouette: 0.257, linear__patchy_atelectasis: 0.533, lobar__segmental_collapse: 0.698, not_otherwise_specified_opacity___pleural__parenchymal_opacity__: 0.388, pleural_effusion_or_thickening: 0.293, pulmonary_edema__hazy_opacity: 0.511, normal_anatomically: 0.412, elevated_hemidiaphragm: 0.077, hyperaeration: 0.380, vascular_redistribution: 0.141, atelectasis__chx: 0.389, cardiomegaly__chx: 0.212, consolidation__chx: 0.549, edema__chx: 0.230, enlarged_cardiomediastinum__chx: 0.648, fracture__chx: 0.251, lung_lesion__chx: 0.127, lung_opacity__chx: 0.243, no_finding__chx: 0.468, pleural_effusion__chx: 0.256, pleural_other__chx: 0.685, pneumonia__chx: 0.815, pneumothorax__chx: 0.954, support_devices__chx: 0.439
  Val accuracy per class:
    Normal: 0.361, CHF: 0.426, pneumonia: 0.287, consolidation: 0.148, enlarged_cardiac_silhouette: 0.241, linear__patchy_atelectasis: 0.620, lobar__segmental_collapse: 0.787, not_otherwise_specified_opacity___pleural__parenchymal_opacity__: 0.454, pleural_effusion_or_thickening: 0.204, pulmonary_edema__hazy_opacity: 0.519, normal_anatomically: 0.296, elevated_hemidiaphragm: 0.000, hyperaeration: 0.130, vascular_redistribution: 0.000, atelectasis__chx: 0.574, cardiomegaly__chx: 0.157, consolidation__chx: 0.861, edema__chx: 0.139, enlarged_cardiomediastinum__chx: 0.380, fracture__chx: 0.028, lung_lesion__chx: 0.046, lung_opacity__chx: 0.231, no_finding__chx: 0.333, pleural_effusion__chx: 0.167, pleural_other__chx: 0.463, pneumonia__chx: 0.815, pneumothorax__chx: 1.000, support_devices__chx: 0.759
Epoch 22 | train loss -2347.0260 | val loss 52.7296 | time 89.40s
  Train summary: macro-acc 0.542 | macro-F1 0.236 | micro-P 0.176 | micro-R 0.798 | micro-F1 0.288 | macro-PR 0.161 | micro-PR 0.150
  Val summary:   macro-acc 0.586 | macro-F1 0.242 | micro-P 0.180 | micro-R 0.904 | micro-F1 0.301 | macro-PR 0.221 | micro-PR 0.139
  Train accuracy per class:
    Normal: 0.437, CHF: 0.369, pneumonia: 0.327, consolidation: 0.460, enlarged_cardiac_silhouette: 0.245, linear__patchy_atelectasis: 0.223, lobar__segmental_collapse: 0.686, not_otherwise_specified_opacity___pleural__parenchymal_opacity__: 0.383, pleural_effusion_or_thickening: 0.272, pulmonary_edema__hazy_opacity: 0.603, normal_anatomically: 0.442, elevated_hemidiaphragm: 0.055, hyperaeration: 0.434, vascular_redistribution: 0.146, atelectasis__chx: 0.332, cardiomegaly__chx: 0.212, consolidation__chx: 0.547, edema__chx: 0.230, enlarged_cardiomediastinum__chx: 0.661, fracture__chx: 0.187, lung_lesion__chx: 0.558, lung_opacity__chx: 0.600, no_finding__chx: 0.458, pleural_effusion__chx: 0.248, pleural_other__chx: 0.724, pneumonia__chx: 0.840, pneumothorax__chx: 0.970, support_devices__chx: 0.314
  Val accuracy per class:
    Normal: 0.333, CHF: 0.426, pneumonia: 0.287, consolidation: 0.213, enlarged_cardiac_silhouette: 0.241, linear__patchy_atelectasis: 0.176, lobar__segmental_collapse: 0.481, not_otherwise_specified_opacity___pleural__parenchymal_opacity__: 0.454, pleural_effusion_or_thickening: 0.204, pulmonary_edema__hazy_opacity: 0.528, normal_anatomically: 0.296, elevated_hemidiaphragm: 0.000, hyperaeration: 0.111, vascular_redistribution: 0.000, atelectasis__chx: 0.565, cardiomegaly__chx: 0.157, consolidation__chx: 0.833, edema__chx: 0.139, enlarged_cardiomediastinum__chx: 0.176, fracture__chx: 0.009, lung_lesion__chx: 0.954, lung_opacity__chx: 0.361, no_finding__chx: 0.361, pleural_effusion__chx: 0.167, pleural_other__chx: 0.481, pneumonia__chx: 0.815, pneumothorax__chx: 1.000, support_devices__chx: 0.704
  Checkpoint saved to /project/hnguyen2/mvu9/folder_04_ma/gaze-01/runs/st2/checkpoints_pretrained/20251027-013614_best.pt
Epoch 23 | train loss -2557.5675 | val loss -8.0565 | time 89.79s
  Train summary: macro-acc 0.550 | macro-F1 0.226 | micro-P 0.171 | micro-R 0.792 | micro-F1 0.282 | macro-PR 0.167 | micro-PR 0.158
  Val summary:   macro-acc 0.580 | macro-F1 0.248 | micro-P 0.184 | micro-R 0.927 | micro-F1 0.307 | macro-PR 0.238 | micro-PR 0.142
  Train accuracy per class:
    Normal: 0.463, CHF: 0.377, pneumonia: 0.328, consolidation: 0.450, enlarged_cardiac_silhouette: 0.488, linear__patchy_atelectasis: 0.234, lobar__segmental_collapse: 0.567, not_otherwise_specified_opacity___pleural__parenchymal_opacity__: 0.381, pleural_effusion_or_thickening: 0.264, pulmonary_edema__hazy_opacity: 0.511, normal_anatomically: 0.438, elevated_hemidiaphragm: 0.070, hyperaeration: 0.446, vascular_redistribution: 0.145, atelectasis__chx: 0.412, cardiomegaly__chx: 0.211, consolidation__chx: 0.574, edema__chx: 0.227, enlarged_cardiomediastinum__chx: 0.685, fracture__chx: 0.243, lung_lesion__chx: 0.116, lung_opacity__chx: 0.256, no_finding__chx: 0.464, pleural_effusion__chx: 0.252, pleural_other__chx: 0.697, pneumonia__chx: 0.848, pneumothorax__chx: 0.974, support_devices__chx: 0.483
  Val accuracy per class:
    Normal: 0.296, CHF: 0.426, pneumonia: 0.287, consolidation: 0.333, enlarged_cardiac_silhouette: 0.361, linear__patchy_atelectasis: 0.176, lobar__segmental_collapse: 0.796, not_otherwise_specified_opacity___pleural__parenchymal_opacity__: 0.454, pleural_effusion_or_thickening: 0.204, pulmonary_edema__hazy_opacity: 0.491, normal_anatomically: 0.296, elevated_hemidiaphragm: 0.000, hyperaeration: 0.241, vascular_redistribution: 0.000, atelectasis__chx: 0.574, cardiomegaly__chx: 0.157, consolidation__chx: 0.824, edema__chx: 0.139, enlarged_cardiomediastinum__chx: 0.472, fracture__chx: 0.019, lung_lesion__chx: 0.046, lung_opacity__chx: 0.231, no_finding__chx: 0.370, pleural_effusion__chx: 0.167, pleural_other__chx: 0.750, pneumonia__chx: 0.741, pneumothorax__chx: 1.000, support_devices__chx: 0.694
  Checkpoint saved to /project/hnguyen2/mvu9/folder_04_ma/gaze-01/runs/st2/checkpoints_pretrained/20251027-013614_best.pt
Epoch 24 | train loss -2805.6787 | val loss -40.6453 | time 90.26s
  Train summary: macro-acc 0.557 | macro-F1 0.237 | micro-P 0.174 | micro-R 0.801 | micro-F1 0.286 | macro-PR 0.170 | micro-PR 0.162
  Val summary:   macro-acc 0.610 | macro-F1 0.245 | micro-P 0.180 | micro-R 0.933 | micro-F1 0.302 | macro-PR 0.237 | micro-PR 0.151
  Train accuracy per class:
    Normal: 0.487, CHF: 0.368, pneumonia: 0.343, consolidation: 0.356, enlarged_cardiac_silhouette: 0.249, linear__patchy_atelectasis: 0.446, lobar__segmental_collapse: 0.410, not_otherwise_specified_opacity___pleural__parenchymal_opacity__: 0.383, pleural_effusion_or_thickening: 0.276, pulmonary_edema__hazy_opacity: 0.542, normal_anatomically: 0.433, elevated_hemidiaphragm: 0.084, hyperaeration: 0.397, vascular_redistribution: 0.156, atelectasis__chx: 0.449, cardiomegaly__chx: 0.212, consolidation__chx: 0.517, edema__chx: 0.203, enlarged_cardiomediastinum__chx: 0.716, fracture__chx: 0.222, lung_lesion__chx: 0.290, lung_opacity__chx: 0.392, no_finding__chx: 0.460, pleural_effusion__chx: 0.472, pleural_other__chx: 0.675, pneumonia__chx: 0.826, pneumothorax__chx: 0.967, support_devices__chx: 0.438
  Val accuracy per class:
    Normal: 0.315, CHF: 0.426, pneumonia: 0.287, consolidation: 0.222, enlarged_cardiac_silhouette: 0.241, linear__patchy_atelectasis: 0.278, lobar__segmental_collapse: 0.491, not_otherwise_specified_opacity___pleural__parenchymal_opacity__: 0.454, pleural_effusion_or_thickening: 0.204, pulmonary_edema__hazy_opacity: 0.528, normal_anatomically: 0.296, elevated_hemidiaphragm: 0.000, hyperaeration: 0.213, vascular_redistribution: 0.000, atelectasis__chx: 0.500, cardiomegaly__chx: 0.157, consolidation__chx: 0.852, edema__chx: 0.139, enlarged_cardiomediastinum__chx: 0.657, fracture__chx: 0.019, lung_lesion__chx: 0.056, lung_opacity__chx: 0.333, no_finding__chx: 0.352, pleural_effusion__chx: 0.231, pleural_other__chx: 0.796, pneumonia__chx: 0.648, pneumothorax__chx: 1.000, support_devices__chx: 0.343
Epoch 25 | train loss -3055.2219 | val loss -31.6505 | time 91.70s
  Train summary: macro-acc 0.557 | macro-F1 0.235 | micro-P 0.169 | micro-R 0.770 | micro-F1 0.277 | macro-PR 0.161 | micro-PR 0.161
  Val summary:   macro-acc 0.629 | macro-F1 0.253 | micro-P 0.185 | micro-R 0.927 | micro-F1 0.309 | macro-PR 0.258 | micro-PR 0.159
  Train accuracy per class:
    Normal: 0.480, CHF: 0.512, pneumonia: 0.342, consolidation: 0.296, enlarged_cardiac_silhouette: 0.286, linear__patchy_atelectasis: 0.247, lobar__segmental_collapse: 0.420, not_otherwise_specified_opacity___pleural__parenchymal_opacity__: 0.385, pleural_effusion_or_thickening: 0.290, pulmonary_edema__hazy_opacity: 0.532, normal_anatomically: 0.438, elevated_hemidiaphragm: 0.087, hyperaeration: 0.255, vascular_redistribution: 0.179, atelectasis__chx: 0.495, cardiomegaly__chx: 0.218, consolidation__chx: 0.555, edema__chx: 0.223, enlarged_cardiomediastinum__chx: 0.686, fracture__chx: 0.281, lung_lesion__chx: 0.186, lung_opacity__chx: 0.417, no_finding__chx: 0.484, pleural_effusion__chx: 0.475, pleural_other__chx: 0.555, pneumonia__chx: 0.843, pneumothorax__chx: 0.974, support_devices__chx: 0.508
  Val accuracy per class:
    Normal: 0.324, CHF: 0.435, pneumonia: 0.287, consolidation: 0.287, enlarged_cardiac_silhouette: 0.241, linear__patchy_atelectasis: 0.176, lobar__segmental_collapse: 0.472, not_otherwise_specified_opacity___pleural__parenchymal_opacity__: 0.454, pleural_effusion_or_thickening: 0.204, pulmonary_edema__hazy_opacity: 0.509, normal_anatomically: 0.296, elevated_hemidiaphragm: 0.000, hyperaeration: 0.120, vascular_redistribution: 0.000, atelectasis__chx: 0.657, cardiomegaly__chx: 0.157, consolidation__chx: 0.935, edema__chx: 0.139, enlarged_cardiomediastinum__chx: 0.981, fracture__chx: 0.028, lung_lesion__chx: 0.065, lung_opacity__chx: 0.435, no_finding__chx: 0.361, pleural_effusion__chx: 0.287, pleural_other__chx: 0.454, pneumonia__chx: 0.639, pneumothorax__chx: 1.000, support_devices__chx: 0.796
Epoch 26 | train loss -3298.7710 | val loss 47.3262 | time 88.02s
  Train summary: macro-acc 0.557 | macro-F1 0.237 | micro-P 0.172 | micro-R 0.754 | micro-F1 0.280 | macro-PR 0.161 | micro-PR 0.156
  Val summary:   macro-acc 0.562 | macro-F1 0.238 | micro-P 0.176 | micro-R 0.918 | micro-F1 0.295 | macro-PR 0.218 | micro-PR 0.149
  Train accuracy per class:
    Normal: 0.434, CHF: 0.369, pneumonia: 0.524, consolidation: 0.472, enlarged_cardiac_silhouette: 0.274, linear__patchy_atelectasis: 0.220, lobar__segmental_collapse: 0.645, not_otherwise_specified_opacity___pleural__parenchymal_opacity__: 0.522, pleural_effusion_or_thickening: 0.266, pulmonary_edema__hazy_opacity: 0.599, normal_anatomically: 0.467, elevated_hemidiaphragm: 0.087, hyperaeration: 0.489, vascular_redistribution: 0.166, atelectasis__chx: 0.187, cardiomegaly__chx: 0.210, consolidation__chx: 0.734, edema__chx: 0.212, enlarged_cardiomediastinum__chx: 0.720, fracture__chx: 0.234, lung_lesion__chx: 0.103, lung_opacity__chx: 0.652, no_finding__chx: 0.454, pleural_effusion__chx: 0.215, pleural_other__chx: 0.803, pneumonia__chx: 0.839, pneumothorax__chx: 0.970, support_devices__chx: 0.350
  Val accuracy per class:
    Normal: 0.315, CHF: 0.426, pneumonia: 0.407, consolidation: 0.250, enlarged_cardiac_silhouette: 0.241, linear__patchy_atelectasis: 0.176, lobar__segmental_collapse: 0.500, not_otherwise_specified_opacity___pleural__parenchymal_opacity__: 0.463, pleural_effusion_or_thickening: 0.204, pulmonary_edema__hazy_opacity: 0.491, normal_anatomically: 0.324, elevated_hemidiaphragm: 0.000, hyperaeration: 0.157, vascular_redistribution: 0.000, atelectasis__chx: 0.102, cardiomegaly__chx: 0.157, consolidation__chx: 0.935, edema__chx: 0.139, enlarged_cardiomediastinum__chx: 0.306, fracture__chx: 0.426, lung_lesion__chx: 0.046, lung_opacity__chx: 0.454, no_finding__chx: 0.352, pleural_effusion__chx: 0.167, pleural_other__chx: 0.759, pneumonia__chx: 0.815, pneumothorax__chx: 1.000, support_devices__chx: 0.148
  Checkpoint saved to /project/hnguyen2/mvu9/folder_04_ma/gaze-01/runs/st2/checkpoints_pretrained/20251027-013614_best.pt
Epoch 27 | train loss -3547.9326 | val loss -55.3919 | time 89.66s
  Train summary: macro-acc 0.560 | macro-F1 0.230 | micro-P 0.171 | micro-R 0.778 | micro-F1 0.281 | macro-PR 0.167 | micro-PR 0.165
  Val summary:   macro-acc 0.562 | macro-F1 0.251 | micro-P 0.185 | micro-R 0.938 | micro-F1 0.310 | macro-PR 0.228 | micro-PR 0.156
  Train accuracy per class:
    Normal: 0.455, CHF: 0.351, pneumonia: 0.417, consolidation: 0.381, enlarged_cardiac_silhouette: 0.255, linear__patchy_atelectasis: 0.211, lobar__segmental_collapse: 0.603, not_otherwise_specified_opacity___pleural__parenchymal_opacity__: 0.391, pleural_effusion_or_thickening: 0.265, pulmonary_edema__hazy_opacity: 0.540, normal_anatomically: 0.478, elevated_hemidiaphragm: 0.074, hyperaeration: 0.459, vascular_redistribution: 0.173, atelectasis__chx: 0.508, cardiomegaly__chx: 0.223, consolidation__chx: 0.524, edema__chx: 0.210, enlarged_cardiomediastinum__chx: 0.740, fracture__chx: 0.239, lung_lesion__chx: 0.083, lung_opacity__chx: 0.247, no_finding__chx: 0.454, pleural_effusion__chx: 0.495, pleural_other__chx: 0.741, pneumonia__chx: 0.856, pneumothorax__chx: 0.971, support_devices__chx: 0.471
  Val accuracy per class:
    Normal: 0.352, CHF: 0.426, pneumonia: 0.296, consolidation: 0.148, enlarged_cardiac_silhouette: 0.241, linear__patchy_atelectasis: 0.176, lobar__segmental_collapse: 0.648, not_otherwise_specified_opacity___pleural__parenchymal_opacity__: 0.454, pleural_effusion_or_thickening: 0.204, pulmonary_edema__hazy_opacity: 0.463, normal_anatomically: 0.324, elevated_hemidiaphragm: 0.000, hyperaeration: 0.222, vascular_redistribution: 0.000, atelectasis__chx: 0.648, cardiomegaly__chx: 0.157, consolidation__chx: 0.880, edema__chx: 0.139, enlarged_cardiomediastinum__chx: 0.565, fracture__chx: 0.019, lung_lesion__chx: 0.046, lung_opacity__chx: 0.231, no_finding__chx: 0.361, pleural_effusion__chx: 0.259, pleural_other__chx: 0.806, pneumonia__chx: 0.713, pneumothorax__chx: 1.000, support_devices__chx: 0.806
  Checkpoint saved to /project/hnguyen2/mvu9/folder_04_ma/gaze-01/runs/st2/checkpoints_pretrained/20251027-013614_best.pt
Epoch 28 | train loss -3822.0200 | val loss -72.5744 | time 93.24s
  Train summary: macro-acc 0.556 | macro-F1 0.239 | micro-P 0.178 | micro-R 0.768 | micro-F1 0.290 | macro-PR 0.173 | micro-PR 0.161
  Val summary:   macro-acc 0.595 | macro-F1 0.244 | micro-P 0.182 | micro-R 0.900 | micro-F1 0.302 | macro-PR 0.225 | micro-PR 0.149
  Train accuracy per class:
    Normal: 0.480, CHF: 0.358, pneumonia: 0.420, consolidation: 0.447, enlarged_cardiac_silhouette: 0.445, linear__patchy_atelectasis: 0.215, lobar__segmental_collapse: 0.617, not_otherwise_specified_opacity___pleural__parenchymal_opacity__: 0.376, pleural_effusion_or_thickening: 0.430, pulmonary_edema__hazy_opacity: 0.505, normal_anatomically: 0.464, elevated_hemidiaphragm: 0.075, hyperaeration: 0.483, vascular_redistribution: 0.206, atelectasis__chx: 0.387, cardiomegaly__chx: 0.219, consolidation__chx: 0.468, edema__chx: 0.204, enlarged_cardiomediastinum__chx: 0.730, fracture__chx: 0.232, lung_lesion__chx: 0.584, lung_opacity__chx: 0.654, no_finding__chx: 0.476, pleural_effusion__chx: 0.227, pleural_other__chx: 0.755, pneumonia__chx: 0.830, pneumothorax__chx: 0.975, support_devices__chx: 0.417
  Val accuracy per class:
    Normal: 0.315, CHF: 0.426, pneumonia: 0.296, consolidation: 0.287, enlarged_cardiac_silhouette: 0.556, linear__patchy_atelectasis: 0.176, lobar__segmental_collapse: 0.676, not_otherwise_specified_opacity___pleural__parenchymal_opacity__: 0.454, pleural_effusion_or_thickening: 0.250, pulmonary_edema__hazy_opacity: 0.444, normal_anatomically: 0.352, elevated_hemidiaphragm: 0.000, hyperaeration: 0.296, vascular_redistribution: 0.000, atelectasis__chx: 0.343, cardiomegaly__chx: 0.157, consolidation__chx: 0.796, edema__chx: 0.139, enlarged_cardiomediastinum__chx: 0.481, fracture__chx: 0.046, lung_lesion__chx: 0.417, lung_opacity__chx: 0.500, no_finding__chx: 0.343, pleural_effusion__chx: 0.167, pleural_other__chx: 0.759, pneumonia__chx: 0.796, pneumothorax__chx: 1.000, support_devices__chx: 0.222
Epoch 29 | train loss -4102.3596 | val loss -10.4558 | time 95.14s
  Train summary: macro-acc 0.564 | macro-F1 0.229 | micro-P 0.166 | micro-R 0.777 | micro-F1 0.274 | macro-PR 0.169 | micro-PR 0.167
  Val summary:   macro-acc 0.603 | macro-F1 0.255 | micro-P 0.186 | micro-R 0.940 | micro-F1 0.310 | macro-PR 0.247 | micro-PR 0.152
  Train accuracy per class:
    Normal: 0.507, CHF: 0.368, pneumonia: 0.348, consolidation: 0.161, enlarged_cardiac_silhouette: 0.276, linear__patchy_atelectasis: 0.232, lobar__segmental_collapse: 0.393, not_otherwise_specified_opacity___pleural__parenchymal_opacity__: 0.384, pleural_effusion_or_thickening: 0.273, pulmonary_edema__hazy_opacity: 0.504, normal_anatomically: 0.443, elevated_hemidiaphragm: 0.078, hyperaeration: 0.193, vascular_redistribution: 0.183, atelectasis__chx: 0.727, cardiomegaly__chx: 0.216, consolidation__chx: 0.555, edema__chx: 0.197, enlarged_cardiomediastinum__chx: 0.748, fracture__chx: 0.351, lung_lesion__chx: 0.137, lung_opacity__chx: 0.252, no_finding__chx: 0.496, pleural_effusion__chx: 0.351, pleural_other__chx: 0.413, pneumonia__chx: 0.863, pneumothorax__chx: 0.989, support_devices__chx: 0.612
  Val accuracy per class:
    Normal: 0.315, CHF: 0.426, pneumonia: 0.296, consolidation: 0.130, enlarged_cardiac_silhouette: 0.241, linear__patchy_atelectasis: 0.176, lobar__segmental_collapse: 0.639, not_otherwise_specified_opacity___pleural__parenchymal_opacity__: 0.444, pleural_effusion_or_thickening: 0.204, pulmonary_edema__hazy_opacity: 0.454, normal_anatomically: 0.306, elevated_hemidiaphragm: 0.000, hyperaeration: 0.222, vascular_redistribution: 0.000, atelectasis__chx: 0.639, cardiomegaly__chx: 0.157, consolidation__chx: 0.926, edema__chx: 0.139, enlarged_cardiomediastinum__chx: 1.000, fracture__chx: 0.037, lung_lesion__chx: 0.074, lung_opacity__chx: 0.463, no_finding__chx: 0.343, pleural_effusion__chx: 0.287, pleural_other__chx: 0.574, pneumonia__chx: 0.509, pneumothorax__chx: 0.861, support_devices__chx: 0.704
Epoch 30 | train loss -4421.1075 | val loss 96.8306 | time 89.75s
  Train summary: macro-acc 0.565 | macro-F1 0.241 | micro-P 0.181 | micro-R 0.751 | micro-F1 0.292 | macro-PR 0.177 | micro-PR 0.173
  Val summary:   macro-acc 0.565 | macro-F1 0.244 | micro-P 0.184 | micro-R 0.913 | micro-F1 0.306 | macro-PR 0.252 | micro-PR 0.160
  Train accuracy per class:
    Normal: 0.458, CHF: 0.363, pneumonia: 0.579, consolidation: 0.715, enlarged_cardiac_silhouette: 0.387, linear__patchy_atelectasis: 0.380, lobar__segmental_collapse: 0.715, not_otherwise_specified_opacity___pleural__parenchymal_opacity__: 0.387, pleural_effusion_or_thickening: 0.470, pulmonary_edema__hazy_opacity: 0.530, normal_anatomically: 0.458, elevated_hemidiaphragm: 0.088, hyperaeration: 0.596, vascular_redistribution: 0.198, atelectasis__chx: 0.252, cardiomegaly__chx: 0.230, consolidation__chx: 0.776, edema__chx: 0.190, enlarged_cardiomediastinum__chx: 0.753, fracture__chx: 0.212, lung_lesion__chx: 0.117, lung_opacity__chx: 0.748, no_finding__chx: 0.462, pleural_effusion__chx: 0.223, pleural_other__chx: 0.788, pneumonia__chx: 0.835, pneumothorax__chx: 0.982, support_devices__chx: 0.332
  Val accuracy per class:
    Normal: 0.315, CHF: 0.426, pneumonia: 0.361, consolidation: 0.389, enlarged_cardiac_silhouette: 0.250, linear__patchy_atelectasis: 0.185, lobar__segmental_collapse: 0.639, not_otherwise_specified_opacity___pleural__parenchymal_opacity__: 0.454, pleural_effusion_or_thickening: 0.278, pulmonary_edema__hazy_opacity: 0.380, normal_anatomically: 0.306, elevated_hemidiaphragm: 0.000, hyperaeration: 0.222, vascular_redistribution: 0.056, atelectasis__chx: 0.102, cardiomegaly__chx: 0.157, consolidation__chx: 0.935, edema__chx: 0.139, enlarged_cardiomediastinum__chx: 0.250, fracture__chx: 0.389, lung_lesion__chx: 0.046, lung_opacity__chx: 0.426, no_finding__chx: 0.389, pleural_effusion__chx: 0.167, pleural_other__chx: 0.722, pneumonia__chx: 0.815, pneumothorax__chx: 1.000, support_devices__chx: 0.935
Epoch 31 | train loss -4743.2240 | val loss -30.3695 | time 92.83s
  Train summary: macro-acc 0.573 | macro-F1 0.241 | micro-P 0.179 | micro-R 0.836 | micro-F1 0.294 | macro-PR 0.172 | micro-PR 0.170
  Val summary:   macro-acc 0.655 | macro-F1 0.239 | micro-P 0.180 | micro-R 0.913 | micro-F1 0.300 | macro-PR 0.236 | micro-PR 0.157
  Train accuracy per class:
    Normal: 0.467, CHF: 0.343, pneumonia: 0.327, consolidation: 0.406, enlarged_cardiac_silhouette: 0.450, linear__patchy_atelectasis: 0.224, lobar__segmental_collapse: 0.628, not_otherwise_specified_opacity___pleural__parenchymal_opacity__: 0.375, pleural_effusion_or_thickening: 0.270, pulmonary_edema__hazy_opacity: 0.582, normal_anatomically: 0.478, elevated_hemidiaphragm: 0.117, hyperaeration: 0.456, vascular_redistribution: 0.208, atelectasis__chx: 0.360, cardiomegaly__chx: 0.202, consolidation__chx: 0.715, edema__chx: 0.212, enlarged_cardiomediastinum__chx: 0.766, fracture__chx: 0.211, lung_lesion__chx: 0.088, lung_opacity__chx: 0.236, no_finding__chx: 0.476, pleural_effusion__chx: 0.219, pleural_other__chx: 0.751, pneumonia__chx: 0.818, pneumothorax__chx: 0.984, support_devices__chx: 0.335
  Val accuracy per class:
    Normal: 0.324, CHF: 0.426, pneumonia: 0.287, consolidation: 0.102, enlarged_cardiac_silhouette: 0.250, linear__patchy_atelectasis: 0.176, lobar__segmental_collapse: 0.546, not_otherwise_specified_opacity___pleural__parenchymal_opacity__: 0.454, pleural_effusion_or_thickening: 0.204, pulmonary_edema__hazy_opacity: 0.713, normal_anatomically: 0.352, elevated_hemidiaphragm: 0.000, hyperaeration: 0.120, vascular_redistribution: 0.000, atelectasis__chx: 0.630, cardiomegaly__chx: 0.157, consolidation__chx: 0.926, edema__chx: 0.139, enlarged_cardiomediastinum__chx: 0.528, fracture__chx: 0.176, lung_lesion__chx: 0.046, lung_opacity__chx: 0.231, no_finding__chx: 0.333, pleural_effusion__chx: 0.167, pleural_other__chx: 0.509, pneumonia__chx: 0.815, pneumothorax__chx: 1.000, support_devices__chx: 0.657
Epoch 32 | train loss -5025.4557 | val loss -59.9326 | time 96.75s
  Train summary: macro-acc 0.568 | macro-F1 0.240 | micro-P 0.174 | micro-R 0.790 | micro-F1 0.285 | macro-PR 0.168 | micro-PR 0.167
  Val summary:   macro-acc 0.610 | macro-F1 0.257 | micro-P 0.186 | micro-R 0.887 | micro-F1 0.308 | macro-PR 0.249 | micro-PR 0.161
  Train accuracy per class:
    Normal: 0.480, CHF: 0.351, pneumonia: 0.365, consolidation: 0.393, enlarged_cardiac_silhouette: 0.449, linear__patchy_atelectasis: 0.226, lobar__segmental_collapse: 0.402, not_otherwise_specified_opacity___pleural__parenchymal_opacity__: 0.372, pleural_effusion_or_thickening: 0.270, pulmonary_edema__hazy_opacity: 0.450, normal_anatomically: 0.485, elevated_hemidiaphragm: 0.121, hyperaeration: 0.162, vascular_redistribution: 0.218, atelectasis__chx: 0.499, cardiomegaly__chx: 0.405, consolidation__chx: 0.607, edema__chx: 0.218, enlarged_cardiomediastinum__chx: 0.753, fracture__chx: 0.252, lung_lesion__chx: 0.104, lung_opacity__chx: 0.462, no_finding__chx: 0.487, pleural_effusion__chx: 0.243, pleural_other__chx: 0.496, pneumonia__chx: 0.883, pneumothorax__chx: 0.982, support_devices__chx: 0.757
  Val accuracy per class:
    Normal: 0.333, CHF: 0.426, pneumonia: 0.389, consolidation: 0.343, enlarged_cardiac_silhouette: 0.602, linear__patchy_atelectasis: 0.176, lobar__segmental_collapse: 0.444, not_otherwise_specified_opacity___pleural__parenchymal_opacity__: 0.454, pleural_effusion_or_thickening: 0.204, pulmonary_edema__hazy_opacity: 0.324, normal_anatomically: 0.324, elevated_hemidiaphragm: 0.000, hyperaeration: 0.148, vascular_redistribution: 0.000, atelectasis__chx: 0.611, cardiomegaly__chx: 0.602, consolidation__chx: 0.926, edema__chx: 0.139, enlarged_cardiomediastinum__chx: 0.972, fracture__chx: 0.037, lung_lesion__chx: 0.074, lung_opacity__chx: 0.472, no_finding__chx: 0.352, pleural_effusion__chx: 0.167, pleural_other__chx: 0.398, pneumonia__chx: 0.639, pneumothorax__chx: 1.000, support_devices__chx: 0.806
Epoch 33 | train loss -5367.4009 | val loss 123.3900 | time 101.28s
  Train summary: macro-acc 0.573 | macro-F1 0.239 | micro-P 0.187 | micro-R 0.759 | micro-F1 0.300 | macro-PR 0.171 | micro-PR 0.178
  Val summary:   macro-acc 0.580 | macro-F1 0.237 | micro-P 0.192 | micro-R 0.873 | micro-F1 0.315 | macro-PR 0.235 | micro-PR 0.187
  Train accuracy per class:
    Normal: 0.442, CHF: 0.346, pneumonia: 0.604, consolidation: 0.606, enlarged_cardiac_silhouette: 0.472, linear__patchy_atelectasis: 0.504, lobar__segmental_collapse: 0.670, not_otherwise_specified_opacity___pleural__parenchymal_opacity__: 0.380, pleural_effusion_or_thickening: 0.281, pulmonary_edema__hazy_opacity: 0.508, normal_anatomically: 0.460, elevated_hemidiaphragm: 0.109, hyperaeration: 0.698, vascular_redistribution: 0.201, atelectasis__chx: 0.264, cardiomegaly__chx: 0.201, consolidation__chx: 0.818, edema__chx: 0.208, enlarged_cardiomediastinum__chx: 0.774, fracture__chx: 0.223, lung_lesion__chx: 0.598, lung_opacity__chx: 0.776, no_finding__chx: 0.462, pleural_effusion__chx: 0.227, pleural_other__chx: 0.827, pneumonia__chx: 0.789, pneumothorax__chx: 0.991, support_devices__chx: 0.187
  Val accuracy per class:
    Normal: 0.333, CHF: 0.426, pneumonia: 0.333, consolidation: 0.306, enlarged_cardiac_silhouette: 0.630, linear__patchy_atelectasis: 0.194, lobar__segmental_collapse: 0.537, not_otherwise_specified_opacity___pleural__parenchymal_opacity__: 0.454, pleural_effusion_or_thickening: 0.204, pulmonary_edema__hazy_opacity: 0.278, normal_anatomically: 0.296, elevated_hemidiaphragm: 0.000, hyperaeration: 0.176, vascular_redistribution: 0.602, atelectasis__chx: 0.759, cardiomegaly__chx: 0.157, consolidation__chx: 0.880, edema__chx: 0.139, enlarged_cardiomediastinum__chx: 0.185, fracture__chx: 0.806, lung_lesion__chx: 0.139, lung_opacity__chx: 0.500, no_finding__chx: 0.380, pleural_effusion__chx: 0.167, pleural_other__chx: 0.750, pneumonia__chx: 0.815, pneumothorax__chx: 1.000, support_devices__chx: 0.713
Epoch 34 | train loss -5707.8280 | val loss -57.4728 | time 99.28s
  Train summary: macro-acc 0.575 | macro-F1 0.238 | micro-P 0.178 | micro-R 0.795 | micro-F1 0.291 | macro-PR 0.177 | micro-PR 0.178
  Val summary:   macro-acc 0.627 | macro-F1 0.250 | micro-P 0.184 | micro-R 0.911 | micro-F1 0.306 | macro-PR 0.227 | micro-PR 0.162
  Train accuracy per class:
    Normal: 0.462, CHF: 0.351, pneumonia: 0.501, consolidation: 0.402, enlarged_cardiac_silhouette: 0.450, linear__patchy_atelectasis: 0.420, lobar__segmental_collapse: 0.082, not_otherwise_specified_opacity___pleural__parenchymal_opacity__: 0.387, pleural_effusion_or_thickening: 0.265, pulmonary_edema__hazy_opacity: 0.516, normal_anatomically: 0.474, elevated_hemidiaphragm: 0.116, hyperaeration: 0.491, vascular_redistribution: 0.199, atelectasis__chx: 0.449, cardiomegaly__chx: 0.231, consolidation__chx: 0.759, edema__chx: 0.206, enlarged_cardiomediastinum__chx: 0.782, fracture__chx: 0.230, lung_lesion__chx: 0.273, lung_opacity__chx: 0.235, no_finding__chx: 0.480, pleural_effusion__chx: 0.219, pleural_other__chx: 0.766, pneumonia__chx: 0.875, pneumothorax__chx: 0.989, support_devices__chx: 0.664
  Val accuracy per class:
    Normal: 0.324, CHF: 0.426, pneumonia: 0.463, consolidation: 0.269, enlarged_cardiac_silhouette: 0.380, linear__patchy_atelectasis: 0.213, lobar__segmental_collapse: 0.009, not_otherwise_specified_opacity___pleural__parenchymal_opacity__: 0.454, pleural_effusion_or_thickening: 0.204, pulmonary_edema__hazy_opacity: 0.500, normal_anatomically: 0.324, elevated_hemidiaphragm: 0.000, hyperaeration: 0.278, vascular_redistribution: 0.019, atelectasis__chx: 0.657, cardiomegaly__chx: 0.157, consolidation__chx: 0.917, edema__chx: 0.139, enlarged_cardiomediastinum__chx: 0.620, fracture__chx: 0.296, lung_lesion__chx: 0.083, lung_opacity__chx: 0.231, no_finding__chx: 0.333, pleural_effusion__chx: 0.167, pleural_other__chx: 0.796, pneumonia__chx: 0.704, pneumothorax__chx: 1.000, support_devices__chx: 0.852
Epoch 35 | train loss -6080.7884 | val loss 63.2157 | time 96.49s
  Train summary: macro-acc 0.578 | macro-F1 0.248 | micro-P 0.188 | micro-R 0.752 | micro-F1 0.301 | macro-PR 0.181 | micro-PR 0.183
  Val summary:   macro-acc 0.560 | macro-F1 0.243 | micro-P 0.198 | micro-R 0.904 | micro-F1 0.324 | macro-PR 0.246 | micro-PR 0.191
  Train accuracy per class:
    Normal: 0.464, CHF: 0.363, pneumonia: 0.598, consolidation: 0.675, enlarged_cardiac_silhouette: 0.277, linear__patchy_atelectasis: 0.219, lobar__segmental_collapse: 0.781, not_otherwise_specified_opacity___pleural__parenchymal_opacity__: 0.654, pleural_effusion_or_thickening: 0.281, pulmonary_edema__hazy_opacity: 0.611, normal_anatomically: 0.484, elevated_hemidiaphragm: 0.112, hyperaeration: 0.646, vascular_redistribution: 0.203, atelectasis__chx: 0.241, cardiomegaly__chx: 0.212, consolidation__chx: 0.792, edema__chx: 0.193, enlarged_cardiomediastinum__chx: 0.790, fracture__chx: 0.203, lung_lesion__chx: 0.633, lung_opacity__chx: 0.761, no_finding__chx: 0.499, pleural_effusion__chx: 0.223, pleural_other__chx: 0.838, pneumonia__chx: 0.835, pneumothorax__chx: 0.983, support_devices__chx: 0.199
  Val accuracy per class:
    Normal: 0.296, CHF: 0.426, pneumonia: 0.361, consolidation: 0.204, enlarged_cardiac_silhouette: 0.241, linear__patchy_atelectasis: 0.176, lobar__segmental_collapse: 0.454, not_otherwise_specified_opacity___pleural__parenchymal_opacity__: 0.481, pleural_effusion_or_thickening: 0.204, pulmonary_edema__hazy_opacity: 0.463, normal_anatomically: 0.296, elevated_hemidiaphragm: 0.000, hyperaeration: 0.139, vascular_redistribution: 0.509, atelectasis__chx: 0.630, cardiomegaly__chx: 0.157, consolidation__chx: 0.852, edema__chx: 0.139, enlarged_cardiomediastinum__chx: 0.333, fracture__chx: 0.657, lung_lesion__chx: 0.935, lung_opacity__chx: 0.343, no_finding__chx: 0.352, pleural_effusion__chx: 0.167, pleural_other__chx: 0.870, pneumonia__chx: 0.815, pneumothorax__chx: 1.000, support_devices__chx: 0.806
Epoch 36 | train loss -6450.2354 | val loss 170.2701 | time 93.19s
  Train summary: macro-acc 0.581 | macro-F1 0.250 | micro-P 0.187 | micro-R 0.731 | micro-F1 0.298 | macro-PR 0.187 | micro-PR 0.183
  Val summary:   macro-acc 0.513 | macro-F1 0.248 | micro-P 0.202 | micro-R 0.847 | micro-F1 0.326 | macro-PR 0.261 | micro-PR 0.162
  Train accuracy per class:
    Normal: 0.466, CHF: 0.368, pneumonia: 0.674, consolidation: 0.752, enlarged_cardiac_silhouette: 0.464, linear__patchy_atelectasis: 0.202, lobar__segmental_collapse: 0.831, not_otherwise_specified_opacity___pleural__parenchymal_opacity__: 0.653, pleural_effusion_or_thickening: 0.264, pulmonary_edema__hazy_opacity: 0.584, normal_anatomically: 0.464, elevated_hemidiaphragm: 0.107, hyperaeration: 0.708, vascular_redistribution: 0.195, atelectasis__chx: 0.239, cardiomegaly__chx: 0.214, consolidation__chx: 0.827, edema__chx: 0.185, enlarged_cardiomediastinum__chx: 0.803, fracture__chx: 0.207, lung_lesion__chx: 0.422, lung_opacity__chx: 0.774, no_finding__chx: 0.484, pleural_effusion__chx: 0.230, pleural_other__chx: 0.861, pneumonia__chx: 0.838, pneumothorax__chx: 0.989, support_devices__chx: 0.219
  Val accuracy per class:
    Normal: 0.315, CHF: 0.426, pneumonia: 0.417, consolidation: 0.333, enlarged_cardiac_silhouette: 0.657, linear__patchy_atelectasis: 0.176, lobar__segmental_collapse: 0.352, not_otherwise_specified_opacity___pleural__parenchymal_opacity__: 0.463, pleural_effusion_or_thickening: 0.204, pulmonary_edema__hazy_opacity: 0.454, normal_anatomically: 0.352, elevated_hemidiaphragm: 0.000, hyperaeration: 0.250, vascular_redistribution: 0.657, atelectasis__chx: 0.574, cardiomegaly__chx: 0.157, consolidation__chx: 0.898, edema__chx: 0.139, enlarged_cardiomediastinum__chx: 0.269, fracture__chx: 0.815, lung_lesion__chx: 0.954, lung_opacity__chx: 0.361, no_finding__chx: 0.370, pleural_effusion__chx: 0.167, pleural_other__chx: 0.880, pneumonia__chx: 0.815, pneumothorax__chx: 1.000, support_devices__chx: 0.935
Epoch 37 | train loss -6778.7805 | val loss 74.5420 | time 89.02s
  Train summary: macro-acc 0.575 | macro-F1 0.242 | micro-P 0.186 | micro-R 0.737 | micro-F1 0.297 | macro-PR 0.183 | micro-PR 0.179
  Val summary:   macro-acc 0.485 | macro-F1 0.230 | micro-P 0.180 | micro-R 0.816 | micro-F1 0.295 | macro-PR 0.242 | micro-PR 0.144
  Train accuracy per class:
    Normal: 0.468, CHF: 0.364, pneumonia: 0.557, consolidation: 0.662, enlarged_cardiac_silhouette: 0.396, linear__patchy_atelectasis: 0.204, lobar__segmental_collapse: 0.798, not_otherwise_specified_opacity___pleural__parenchymal_opacity__: 0.587, pleural_effusion_or_thickening: 0.260, pulmonary_edema__hazy_opacity: 0.526, normal_anatomically: 0.471, elevated_hemidiaphragm: 0.084, hyperaeration: 0.582, vascular_redistribution: 0.206, atelectasis__chx: 0.244, cardiomegaly__chx: 0.228, consolidation__chx: 0.778, edema__chx: 0.476, enlarged_cardiomediastinum__chx: 0.792, fracture__chx: 0.231, lung_lesion__chx: 0.479, lung_opacity__chx: 0.782, no_finding__chx: 0.500, pleural_effusion__chx: 0.232, pleural_other__chx: 0.852, pneumonia__chx: 0.827, pneumothorax__chx: 0.987, support_devices__chx: 0.235
  Val accuracy per class:
    Normal: 0.361, CHF: 0.426, pneumonia: 0.296, consolidation: 0.287, enlarged_cardiac_silhouette: 0.491, linear__patchy_atelectasis: 0.176, lobar__segmental_collapse: 0.352, not_otherwise_specified_opacity___pleural__parenchymal_opacity__: 0.463, pleural_effusion_or_thickening: 0.204, pulmonary_edema__hazy_opacity: 0.407, normal_anatomically: 0.370, elevated_hemidiaphragm: 0.000, hyperaeration: 0.222, vascular_redistribution: 0.704, atelectasis__chx: 0.667, cardiomegaly__chx: 0.157, consolidation__chx: 0.250, edema__chx: 0.287, enlarged_cardiomediastinum__chx: 0.194, fracture__chx: 0.806, lung_lesion__chx: 0.120, lung_opacity__chx: 0.407, no_finding__chx: 0.574, pleural_effusion__chx: 0.167, pleural_other__chx: 0.750, pneumonia__chx: 0.815, pneumothorax__chx: 1.000, support_devices__chx: 0.833
Epoch 38 | train loss -7165.9340 | val loss -23.8064 | time 88.66s
  Train summary: macro-acc 0.570 | macro-F1 0.247 | micro-P 0.182 | micro-R 0.827 | micro-F1 0.298 | macro-PR 0.177 | micro-PR 0.180
  Val summary:   macro-acc 0.512 | macro-F1 0.237 | micro-P 0.184 | micro-R 0.876 | micro-F1 0.305 | macro-PR 0.235 | micro-PR 0.153
  Train accuracy per class:
    Normal: 0.484, CHF: 0.369, pneumonia: 0.334, consolidation: 0.604, enlarged_cardiac_silhouette: 0.442, linear__patchy_atelectasis: 0.207, lobar__segmental_collapse: 0.533, not_otherwise_specified_opacity___pleural__parenchymal_opacity__: 0.557, pleural_effusion_or_thickening: 0.257, pulmonary_edema__hazy_opacity: 0.484, normal_anatomically: 0.474, elevated_hemidiaphragm: 0.087, hyperaeration: 0.646, vascular_redistribution: 0.219, atelectasis__chx: 0.301, cardiomegaly__chx: 0.219, consolidation__chx: 0.801, edema__chx: 0.181, enlarged_cardiomediastinum__chx: 0.777, fracture__chx: 0.243, lung_lesion__chx: 0.113, lung_opacity__chx: 0.228, no_finding__chx: 0.503, pleural_effusion__chx: 0.216, pleural_other__chx: 0.799, pneumonia__chx: 0.867, pneumothorax__chx: 0.987, support_devices__chx: 0.224
  Val accuracy per class:
    Normal: 0.343, CHF: 0.426, pneumonia: 0.287, consolidation: 0.167, enlarged_cardiac_silhouette: 0.565, linear__patchy_atelectasis: 0.176, lobar__segmental_collapse: 0.278, not_otherwise_specified_opacity___pleural__parenchymal_opacity__: 0.472, pleural_effusion_or_thickening: 0.204, pulmonary_edema__hazy_opacity: 0.509, normal_anatomically: 0.306, elevated_hemidiaphragm: 0.000, hyperaeration: 0.287, vascular_redistribution: 0.426, atelectasis__chx: 0.704, cardiomegaly__chx: 0.157, consolidation__chx: 0.907, edema__chx: 0.139, enlarged_cardiomediastinum__chx: 0.454, fracture__chx: 0.630, lung_lesion__chx: 0.046, lung_opacity__chx: 0.231, no_finding__chx: 0.407, pleural_effusion__chx: 0.167, pleural_other__chx: 0.611, pneumonia__chx: 0.815, pneumothorax__chx: 1.000, support_devices__chx: 0.639
Epoch 39 | train loss -7590.8457 | val loss 59.6650 | time 89.28s
  Train summary: macro-acc 0.576 | macro-F1 0.224 | micro-P 0.178 | micro-R 0.739 | micro-F1 0.287 | macro-PR 0.175 | micro-PR 0.175
  Val summary:   macro-acc 0.540 | macro-F1 0.245 | micro-P 0.188 | micro-R 0.858 | micro-F1 0.308 | macro-PR 0.234 | micro-PR 0.146
  Train accuracy per class:
    Normal: 0.462, CHF: 0.371, pneumonia: 0.449, consolidation: 0.400, enlarged_cardiac_silhouette: 0.476, linear__patchy_atelectasis: 0.216, lobar__segmental_collapse: 0.511, not_otherwise_specified_opacity___pleural__parenchymal_opacity__: 0.430, pleural_effusion_or_thickening: 0.497, pulmonary_edema__hazy_opacity: 0.566, normal_anatomically: 0.468, elevated_hemidiaphragm: 0.091, hyperaeration: 0.518, vascular_redistribution: 0.264, atelectasis__chx: 0.276, cardiomegaly__chx: 0.293, consolidation__chx: 0.731, edema__chx: 0.203, enlarged_cardiomediastinum__chx: 0.737, fracture__chx: 0.301, lung_lesion__chx: 0.318, lung_opacity__chx: 0.375, no_finding__chx: 0.496, pleural_effusion__chx: 0.226, pleural_other__chx: 0.807, pneumonia__chx: 0.858, pneumothorax__chx: 0.991, support_devices__chx: 0.724
  Val accuracy per class:
    Normal: 0.315, CHF: 0.426, pneumonia: 0.380, consolidation: 0.269, enlarged_cardiac_silhouette: 0.657, linear__patchy_atelectasis: 0.176, lobar__segmental_collapse: 0.352, not_otherwise_specified_opacity___pleural__parenchymal_opacity__: 0.472, pleural_effusion_or_thickening: 0.296, pulmonary_edema__hazy_opacity: 0.509, normal_anatomically: 0.324, elevated_hemidiaphragm: 0.000, hyperaeration: 0.287, vascular_redistribution: 0.519, atelectasis__chx: 0.324, cardiomegaly__chx: 0.574, consolidation__chx: 0.472, edema__chx: 0.139, enlarged_cardiomediastinum__chx: 0.389, fracture__chx: 0.648, lung_lesion__chx: 0.093, lung_opacity__chx: 0.250, no_finding__chx: 0.361, pleural_effusion__chx: 0.167, pleural_other__chx: 0.898, pneumonia__chx: 0.750, pneumothorax__chx: 1.000, support_devices__chx: 0.917
  Checkpoint saved to /project/hnguyen2/mvu9/folder_04_ma/gaze-01/runs/st2/checkpoints_pretrained/20251027-013614_best.pt
Epoch 40 | train loss -7975.6884 | val loss -174.4794 | time 91.55s
  Train summary: macro-acc 0.569 | macro-F1 0.240 | micro-P 0.185 | micro-R 0.798 | micro-F1 0.300 | macro-PR 0.174 | micro-PR 0.169
  Val summary:   macro-acc 0.554 | macro-F1 0.258 | micro-P 0.189 | micro-R 0.918 | micro-F1 0.314 | macro-PR 0.249 | micro-PR 0.152
  Train accuracy per class:
    Normal: 0.476, CHF: 0.365, pneumonia: 0.336, consolidation: 0.277, enlarged_cardiac_silhouette: 0.274, linear__patchy_atelectasis: 0.241, lobar__segmental_collapse: 0.587, not_otherwise_specified_opacity___pleural__parenchymal_opacity__: 0.394, pleural_effusion_or_thickening: 0.478, pulmonary_edema__hazy_opacity: 0.540, normal_anatomically: 0.476, elevated_hemidiaphragm: 0.088, hyperaeration: 0.520, vascular_redistribution: 0.270, atelectasis__chx: 0.417, cardiomegaly__chx: 0.269, consolidation__chx: 0.715, edema__chx: 0.236, enlarged_cardiomediastinum__chx: 0.715, fracture__chx: 0.330, lung_lesion__chx: 0.185, lung_opacity__chx: 0.425, no_finding__chx: 0.484, pleural_effusion__chx: 0.234, pleural_other__chx: 0.691, pneumonia__chx: 0.872, pneumothorax__chx: 0.995, support_devices__chx: 0.958
  Val accuracy per class:
    Normal: 0.315, CHF: 0.426, pneumonia: 0.287, consolidation: 0.176, enlarged_cardiac_silhouette: 0.241, linear__patchy_atelectasis: 0.176, lobar__segmental_collapse: 0.389, not_otherwise_specified_opacity___pleural__parenchymal_opacity__: 0.463, pleural_effusion_or_thickening: 0.389, pulmonary_edema__hazy_opacity: 0.537, normal_anatomically: 0.315, elevated_hemidiaphragm: 0.000, hyperaeration: 0.352, vascular_redistribution: 0.028, atelectasis__chx: 0.630, cardiomegaly__chx: 0.157, consolidation__chx: 0.954, edema__chx: 0.139, enlarged_cardiomediastinum__chx: 0.935, fracture__chx: 0.556, lung_lesion__chx: 0.065, lung_opacity__chx: 0.435, no_finding__chx: 0.352, pleural_effusion__chx: 0.167, pleural_other__chx: 0.435, pneumonia__chx: 0.685, pneumothorax__chx: 0.861, support_devices__chx: 0.824
Epoch 41 | train loss -8440.2376 | val loss 325.9311 | time 88.68s
  Train summary: macro-acc 0.577 | macro-F1 0.238 | micro-P 0.178 | micro-R 0.772 | micro-F1 0.289 | macro-PR 0.177 | micro-PR 0.177
  Val summary:   macro-acc 0.491 | macro-F1 0.191 | micro-P 0.173 | micro-R 0.700 | micro-F1 0.277 | macro-PR 0.240 | micro-PR 0.135
  Train accuracy per class:
    Normal: 0.472, CHF: 0.365, pneumonia: 0.683, consolidation: 0.739, enlarged_cardiac_silhouette: 0.340, linear__patchy_atelectasis: 0.223, lobar__segmental_collapse: 0.050, not_otherwise_specified_opacity___pleural__parenchymal_opacity__: 0.376, pleural_effusion_or_thickening: 0.624, pulmonary_edema__hazy_opacity: 0.542, normal_anatomically: 0.468, elevated_hemidiaphragm: 0.075, hyperaeration: 0.566, vascular_redistribution: 0.224, atelectasis__chx: 0.243, cardiomegaly__chx: 0.220, consolidation__chx: 0.831, edema__chx: 0.216, enlarged_cardiomediastinum__chx: 0.781, fracture__chx: 0.252, lung_lesion__chx: 0.492, lung_opacity__chx: 0.234, no_finding__chx: 0.471, pleural_effusion__chx: 0.239, pleural_other__chx: 0.830, pneumonia__chx: 0.819, pneumothorax__chx: 0.995, support_devices__chx: 0.212
  Val accuracy per class:
    Normal: 0.537, CHF: 0.426, pneumonia: 0.315, consolidation: 0.259, enlarged_cardiac_silhouette: 0.333, linear__patchy_atelectasis: 0.176, lobar__segmental_collapse: 0.009, not_otherwise_specified_opacity___pleural__parenchymal_opacity__: 0.454, pleural_effusion_or_thickening: 0.389, pulmonary_edema__hazy_opacity: 0.352, normal_anatomically: 0.704, elevated_hemidiaphragm: 0.000, hyperaeration: 0.657, vascular_redistribution: 1.000, atelectasis__chx: 0.898, cardiomegaly__chx: 0.157, consolidation__chx: 0.815, edema__chx: 0.139, enlarged_cardiomediastinum__chx: 0.000, fracture__chx: 0.991, lung_lesion__chx: 0.065, lung_opacity__chx: 0.231, no_finding__chx: 0.602, pleural_effusion__chx: 0.167, pleural_other__chx: 0.343, pneumonia__chx: 0.815, pneumothorax__chx: 1.000, support_devices__chx: 0.963
Epoch 42 | train loss -8862.6056 | val loss -112.3749 | time 90.29s
  Train summary: macro-acc 0.582 | macro-F1 0.235 | micro-P 0.186 | micro-R 0.783 | micro-F1 0.301 | macro-PR 0.174 | micro-PR 0.181
  Val summary:   macro-acc 0.560 | macro-F1 0.259 | micro-P 0.202 | micro-R 0.893 | micro-F1 0.330 | macro-PR 0.248 | micro-PR 0.154
  Train accuracy per class:
    Normal: 0.456, CHF: 0.359, pneumonia: 0.540, consolidation: 0.425, enlarged_cardiac_silhouette: 0.281, linear__patchy_atelectasis: 0.214, lobar__segmental_collapse: 0.657, not_otherwise_specified_opacity___pleural__parenchymal_opacity__: 0.409, pleural_effusion_or_thickening: 0.265, pulmonary_edema__hazy_opacity: 0.583, normal_anatomically: 0.467, elevated_hemidiaphragm: 0.077, hyperaeration: 0.591, vascular_redistribution: 0.219, atelectasis__chx: 0.303, cardiomegaly__chx: 0.228, consolidation__chx: 0.846, edema__chx: 0.211, enlarged_cardiomediastinum__chx: 0.792, fracture__chx: 0.240, lung_lesion__chx: 0.468, lung_opacity__chx: 0.533, no_finding__chx: 0.508, pleural_effusion__chx: 0.222, pleural_other__chx: 0.838, pneumonia__chx: 0.861, pneumothorax__chx: 0.989, support_devices__chx: 0.632
  Val accuracy per class:
    Normal: 0.306, CHF: 0.426, pneumonia: 0.426, consolidation: 0.259, enlarged_cardiac_silhouette: 0.241, linear__patchy_atelectasis: 0.176, lobar__segmental_collapse: 0.407, not_otherwise_specified_opacity___pleural__parenchymal_opacity__: 0.463, pleural_effusion_or_thickening: 0.204, pulmonary_edema__hazy_opacity: 0.500, normal_anatomically: 0.343, elevated_hemidiaphragm: 0.000, hyperaeration: 0.380, vascular_redistribution: 0.546, atelectasis__chx: 0.648, cardiomegaly__chx: 0.157, consolidation__chx: 0.954, edema__chx: 0.139, enlarged_cardiomediastinum__chx: 0.407, fracture__chx: 0.639, lung_lesion__chx: 0.907, lung_opacity__chx: 0.333, no_finding__chx: 0.380, pleural_effusion__chx: 0.167, pleural_other__chx: 0.806, pneumonia__chx: 0.787, pneumothorax__chx: 1.000, support_devices__chx: 0.889
Epoch 43 | train loss -9302.4528 | val loss 138.6174 | time 91.06s
  Train summary: macro-acc 0.587 | macro-F1 0.252 | micro-P 0.185 | micro-R 0.773 | micro-F1 0.299 | macro-PR 0.180 | micro-PR 0.187
  Val summary:   macro-acc 0.508 | macro-F1 0.212 | micro-P 0.174 | micro-R 0.749 | micro-F1 0.282 | macro-PR 0.240 | micro-PR 0.139
  Train accuracy per class:
    Normal: 0.475, CHF: 0.360, pneumonia: 0.687, consolidation: 0.744, enlarged_cardiac_silhouette: 0.319, linear__patchy_atelectasis: 0.629, lobar__segmental_collapse: 0.755, not_otherwise_specified_opacity___pleural__parenchymal_opacity__: 0.381, pleural_effusion_or_thickening: 0.274, pulmonary_edema__hazy_opacity: 0.583, normal_anatomically: 0.489, elevated_hemidiaphragm: 0.091, hyperaeration: 0.108, vascular_redistribution: 0.208, atelectasis__chx: 0.224, cardiomegaly__chx: 0.228, consolidation__chx: 0.819, edema__chx: 0.198, enlarged_cardiomediastinum__chx: 0.801, fracture__chx: 0.243, lung_lesion__chx: 0.207, lung_opacity__chx: 0.802, no_finding__chx: 0.508, pleural_effusion__chx: 0.228, pleural_other__chx: 0.852, pneumonia__chx: 0.859, pneumothorax__chx: 0.989, support_devices__chx: 0.204
  Val accuracy per class:
    Normal: 0.574, CHF: 0.426, pneumonia: 0.352, consolidation: 0.231, enlarged_cardiac_silhouette: 0.333, linear__patchy_atelectasis: 0.185, lobar__segmental_collapse: 0.259, not_otherwise_specified_opacity___pleural__parenchymal_opacity__: 0.454, pleural_effusion_or_thickening: 0.204, pulmonary_edema__hazy_opacity: 0.509, normal_anatomically: 0.556, elevated_hemidiaphragm: 0.000, hyperaeration: 0.102, vascular_redistribution: 1.000, atelectasis__chx: 0.741, cardiomegaly__chx: 0.157, consolidation__chx: 0.102, edema__chx: 0.139, enlarged_cardiomediastinum__chx: 0.093, fracture__chx: 0.991, lung_lesion__chx: 0.528, lung_opacity__chx: 0.287, no_finding__chx: 0.556, pleural_effusion__chx: 0.167, pleural_other__chx: 0.417, pneumonia__chx: 0.815, pneumothorax__chx: 1.000, support_devices__chx: 0.963
Epoch 44 | train loss -9779.7664 | val loss 43.6154 | time 90.39s
  Train summary: macro-acc 0.586 | macro-F1 0.242 | micro-P 0.182 | micro-R 0.766 | micro-F1 0.294 | macro-PR 0.180 | micro-PR 0.188
  Val summary:   macro-acc 0.524 | macro-F1 0.235 | micro-P 0.191 | micro-R 0.829 | micro-F1 0.311 | macro-PR 0.237 | micro-PR 0.151
  Train accuracy per class:
    Normal: 0.478, CHF: 0.379, pneumonia: 0.648, consolidation: 0.649, enlarged_cardiac_silhouette: 0.427, linear__patchy_atelectasis: 0.215, lobar__segmental_collapse: 0.728, not_otherwise_specified_opacity___pleural__parenchymal_opacity__: 0.573, pleural_effusion_or_thickening: 0.243, pulmonary_edema__hazy_opacity: 0.526, normal_anatomically: 0.479, elevated_hemidiaphragm: 0.078, hyperaeration: 0.716, vascular_redistribution: 0.210, atelectasis__chx: 0.243, cardiomegaly__chx: 0.220, consolidation__chx: 0.809, edema__chx: 0.187, enlarged_cardiomediastinum__chx: 0.797, fracture__chx: 0.247, lung_lesion__chx: 0.318, lung_opacity__chx: 0.234, no_finding__chx: 0.518, pleural_effusion__chx: 0.228, pleural_other__chx: 0.827, pneumonia__chx: 0.848, pneumothorax__chx: 0.993, support_devices__chx: 0.216
  Val accuracy per class:
    Normal: 0.333, CHF: 0.426, pneumonia: 0.463, consolidation: 0.259, enlarged_cardiac_silhouette: 0.519, linear__patchy_atelectasis: 0.176, lobar__segmental_collapse: 0.361, not_otherwise_specified_opacity___pleural__parenchymal_opacity__: 0.472, pleural_effusion_or_thickening: 0.204, pulmonary_edema__hazy_opacity: 0.306, normal_anatomically: 0.352, elevated_hemidiaphragm: 0.000, hyperaeration: 0.361, vascular_redistribution: 0.574, atelectasis__chx: 0.694, cardiomegaly__chx: 0.157, consolidation__chx: 0.824, edema__chx: 0.139, enlarged_cardiomediastinum__chx: 0.407, fracture__chx: 0.991, lung_lesion__chx: 0.574, lung_opacity__chx: 0.231, no_finding__chx: 0.491, pleural_effusion__chx: 0.167, pleural_other__chx: 0.509, pneumonia__chx: 0.815, pneumothorax__chx: 1.000, support_devices__chx: 0.861
Epoch 45 | train loss -10195.8511 | val loss 195.3769 | time 89.91s
  Train summary: macro-acc 0.584 | macro-F1 0.249 | micro-P 0.191 | micro-R 0.841 | micro-F1 0.311 | macro-PR 0.181 | micro-PR 0.189
  Val summary:   macro-acc 0.521 | macro-F1 0.196 | micro-P 0.169 | micro-R 0.727 | micro-F1 0.275 | macro-PR 0.244 | micro-PR 0.148
  Train accuracy per class:
    Normal: 0.478, CHF: 0.358, pneumonia: 0.321, consolidation: 0.790, enlarged_cardiac_silhouette: 0.263, linear__patchy_atelectasis: 0.214, lobar__segmental_collapse: 0.836, not_otherwise_specified_opacity___pleural__parenchymal_opacity__: 0.380, pleural_effusion_or_thickening: 0.670, pulmonary_edema__hazy_opacity: 0.528, normal_anatomically: 0.497, elevated_hemidiaphragm: 0.066, hyperaeration: 0.793, vascular_redistribution: 0.204, atelectasis__chx: 0.222, cardiomegaly__chx: 0.234, consolidation__chx: 0.792, edema__chx: 0.204, enlarged_cardiomediastinum__chx: 0.794, fracture__chx: 0.243, lung_lesion__chx: 0.129, lung_opacity__chx: 0.235, no_finding__chx: 0.521, pleural_effusion__chx: 0.214, pleural_other__chx: 0.832, pneumonia__chx: 0.847, pneumothorax__chx: 0.993, support_devices__chx: 0.203
  Val accuracy per class:
    Normal: 0.611, CHF: 0.426, pneumonia: 0.287, consolidation: 0.222, enlarged_cardiac_silhouette: 0.241, linear__patchy_atelectasis: 0.176, lobar__segmental_collapse: 0.269, not_otherwise_specified_opacity___pleural__parenchymal_opacity__: 0.454, pleural_effusion_or_thickening: 0.287, pulmonary_edema__hazy_opacity: 0.491, normal_anatomically: 0.602, elevated_hemidiaphragm: 0.000, hyperaeration: 0.324, vascular_redistribution: 1.000, atelectasis__chx: 0.898, cardiomegaly__chx: 0.269, consolidation__chx: 0.083, edema__chx: 0.139, enlarged_cardiomediastinum__chx: 0.000, fracture__chx: 0.991, lung_lesion__chx: 0.046, lung_opacity__chx: 0.231, no_finding__chx: 0.611, pleural_effusion__chx: 0.167, pleural_other__chx: 0.417, pneumonia__chx: 0.815, pneumothorax__chx: 1.000, support_devices__chx: 0.963
Epoch 46 | train loss -10704.7956 | val loss -132.8341 | time 89.92s
  Train summary: macro-acc 0.584 | macro-F1 0.237 | micro-P 0.186 | micro-R 0.786 | micro-F1 0.300 | macro-PR 0.188 | micro-PR 0.187
  Val summary:   macro-acc 0.539 | macro-F1 0.254 | micro-P 0.190 | micro-R 0.876 | micro-F1 0.313 | macro-PR 0.250 | micro-PR 0.145
  Train accuracy per class:
    Normal: 0.488, CHF: 0.369, pneumonia: 0.456, consolidation: 0.280, enlarged_cardiac_silhouette: 0.475, linear__patchy_atelectasis: 0.214, lobar__segmental_collapse: 0.292, not_otherwise_specified_opacity___pleural__parenchymal_opacity__: 0.369, pleural_effusion_or_thickening: 0.639, pulmonary_edema__hazy_opacity: 0.495, normal_anatomically: 0.493, elevated_hemidiaphragm: 0.054, hyperaeration: 0.488, vascular_redistribution: 0.215, atelectasis__chx: 0.542, cardiomegaly__chx: 0.224, consolidation__chx: 0.819, edema__chx: 0.194, enlarged_cardiomediastinum__chx: 0.799, fracture__chx: 0.244, lung_lesion__chx: 0.189, lung_opacity__chx: 0.239, no_finding__chx: 0.526, pleural_effusion__chx: 0.497, pleural_other__chx: 0.794, pneumonia__chx: 0.861, pneumothorax__chx: 0.993, support_devices__chx: 0.877
  Val accuracy per class:
    Normal: 0.296, CHF: 0.426, pneumonia: 0.463, consolidation: 0.222, enlarged_cardiac_silhouette: 0.602, linear__patchy_atelectasis: 0.176, lobar__segmental_collapse: 0.315, not_otherwise_specified_opacity___pleural__parenchymal_opacity__: 0.454, pleural_effusion_or_thickening: 0.713, pulmonary_edema__hazy_opacity: 0.296, normal_anatomically: 0.315, elevated_hemidiaphragm: 0.000, hyperaeration: 0.389, vascular_redistribution: 0.389, atelectasis__chx: 0.685, cardiomegaly__chx: 0.157, consolidation__chx: 0.907, edema__chx: 0.139, enlarged_cardiomediastinum__chx: 0.556, fracture__chx: 0.565, lung_lesion__chx: 0.056, lung_opacity__chx: 0.231, no_finding__chx: 0.352, pleural_effusion__chx: 0.231, pleural_other__chx: 0.528, pneumonia__chx: 0.639, pneumothorax__chx: 1.000, support_devices__chx: 0.861
Epoch 47 | train loss -11089.0475 | val loss 277.7335 | time 91.51s
  Train summary: macro-acc 0.567 | macro-F1 0.243 | micro-P 0.181 | micro-R 0.767 | micro-F1 0.292 | macro-PR 0.170 | micro-PR 0.165
  Val summary:   macro-acc 0.479 | macro-F1 0.185 | micro-P 0.173 | micro-R 0.660 | micro-F1 0.275 | macro-PR 0.241 | micro-PR 0.134
  Train accuracy per class:
    Normal: 0.497, CHF: 0.387, pneumonia: 0.344, consolidation: 0.715, enlarged_cardiac_silhouette: 0.422, linear__patchy_atelectasis: 0.232, lobar__segmental_collapse: 0.761, not_otherwise_specified_opacity___pleural__parenchymal_opacity__: 0.383, pleural_effusion_or_thickening: 0.652, pulmonary_edema__hazy_opacity: 0.474, normal_anatomically: 0.491, elevated_hemidiaphragm: 0.061, hyperaeration: 0.133, vascular_redistribution: 0.298, atelectasis__chx: 0.313, cardiomegaly__chx: 0.272, consolidation__chx: 0.753, edema__chx: 0.218, enlarged_cardiomediastinum__chx: 0.706, fracture__chx: 0.354, lung_lesion__chx: 0.088, lung_opacity__chx: 0.748, no_finding__chx: 0.478, pleural_effusion__chx: 0.222, pleural_other__chx: 0.790, pneumonia__chx: 0.826, pneumothorax__chx: 0.989, support_devices__chx: 0.305
  Val accuracy per class:
    Normal: 0.676, CHF: 0.426, pneumonia: 0.287, consolidation: 0.306, enlarged_cardiac_silhouette: 0.630, linear__patchy_atelectasis: 0.176, lobar__segmental_collapse: 0.509, not_otherwise_specified_opacity___pleural__parenchymal_opacity__: 0.454, pleural_effusion_or_thickening: 0.500, pulmonary_edema__hazy_opacity: 0.519, normal_anatomically: 0.713, elevated_hemidiaphragm: 0.000, hyperaeration: 0.102, vascular_redistribution: 1.000, atelectasis__chx: 0.898, cardiomegaly__chx: 0.157, consolidation__chx: 0.296, edema__chx: 0.139, enlarged_cardiomediastinum__chx: 0.000, fracture__chx: 0.991, lung_lesion__chx: 0.046, lung_opacity__chx: 0.269, no_finding__chx: 0.602, pleural_effusion__chx: 0.167, pleural_other__chx: 0.833, pneumonia__chx: 0.815, pneumothorax__chx: 1.000, support_devices__chx: 0.963
Epoch 48 | train loss -11272.7404 | val loss 215.2538 | time 87.20s
  Train summary: macro-acc 0.566 | macro-F1 0.234 | micro-P 0.183 | micro-R 0.776 | micro-F1 0.296 | macro-PR 0.167 | micro-PR 0.157
  Val summary:   macro-acc 0.578 | macro-F1 0.231 | micro-P 0.201 | micro-R 0.898 | micro-F1 0.329 | macro-PR 0.217 | micro-PR 0.137
  Train accuracy per class:
    Normal: 0.488, CHF: 0.397, pneumonia: 0.369, consolidation: 0.212, enlarged_cardiac_silhouette: 0.334, linear__patchy_atelectasis: 0.281, lobar__segmental_collapse: 0.697, not_otherwise_specified_opacity___pleural__parenchymal_opacity__: 0.404, pleural_effusion_or_thickening: 0.471, pulmonary_edema__hazy_opacity: 0.449, normal_anatomically: 0.453, elevated_hemidiaphragm: 0.102, hyperaeration: 0.677, vascular_redistribution: 0.356, atelectasis__chx: 0.376, cardiomegaly__chx: 0.297, consolidation__chx: 0.703, edema__chx: 0.257, enlarged_cardiomediastinum__chx: 0.620, fracture__chx: 0.439, lung_lesion__chx: 0.652, lung_opacity__chx: 0.268, no_finding__chx: 0.474, pleural_effusion__chx: 0.293, pleural_other__chx: 0.741, pneumonia__chx: 0.782, pneumothorax__chx: 0.992, support_devices__chx: 0.392
  Val accuracy per class:
    Normal: 0.417, CHF: 0.426, pneumonia: 0.287, consolidation: 0.093, enlarged_cardiac_silhouette: 0.241, linear__patchy_atelectasis: 0.176, lobar__segmental_collapse: 0.722, not_otherwise_specified_opacity___pleural__parenchymal_opacity__: 0.454, pleural_effusion_or_thickening: 0.213, pulmonary_edema__hazy_opacity: 0.620, normal_anatomically: 0.361, elevated_hemidiaphragm: 0.000, hyperaeration: 0.204, vascular_redistribution: 0.981, atelectasis__chx: 0.389, cardiomegaly__chx: 0.157, consolidation__chx: 0.815, edema__chx: 0.139, enlarged_cardiomediastinum__chx: 0.454, fracture__chx: 0.991, lung_lesion__chx: 0.065, lung_opacity__chx: 0.231, no_finding__chx: 0.435, pleural_effusion__chx: 0.167, pleural_other__chx: 0.917, pneumonia__chx: 0.815, pneumothorax__chx: 1.000, support_devices__chx: 0.963
Epoch 49 | train loss -10487.6316 | val loss 1368.8383 | time 89.24s
  Train summary: macro-acc 0.564 | macro-F1 0.228 | micro-P 0.160 | micro-R 0.762 | micro-F1 0.264 | macro-PR 0.156 | micro-PR 0.152
  Val summary:   macro-acc 0.546 | macro-F1 0.161 | micro-P 0.149 | micro-R 0.629 | micro-F1 0.241 | macro-PR 0.224 | micro-PR 0.117
  Train accuracy per class:
    Normal: 0.429, CHF: 0.431, pneumonia: 0.379, consolidation: 0.294, enlarged_cardiac_silhouette: 0.380, linear__patchy_atelectasis: 0.331, lobar__segmental_collapse: 0.168, not_otherwise_specified_opacity___pleural__parenchymal_opacity__: 0.421, pleural_effusion_or_thickening: 0.373, pulmonary_edema__hazy_opacity: 0.348, normal_anatomically: 0.458, elevated_hemidiaphragm: 0.139, hyperaeration: 0.207, vascular_redistribution: 0.441, atelectasis__chx: 0.433, cardiomegaly__chx: 0.328, consolidation__chx: 0.141, edema__chx: 0.315, enlarged_cardiomediastinum__chx: 0.529, fracture__chx: 0.546, lung_lesion__chx: 0.160, lung_opacity__chx: 0.303, no_finding__chx: 0.438, pleural_effusion__chx: 0.322, pleural_other__chx: 0.156, pneumonia__chx: 0.780, pneumothorax__chx: 0.992, support_devices__chx: 0.499
  Val accuracy per class:
    Normal: 0.287, CHF: 0.583, pneumonia: 0.287, consolidation: 0.093, enlarged_cardiac_silhouette: 0.463, linear__patchy_atelectasis: 0.176, lobar__segmental_collapse: 0.009, not_otherwise_specified_opacity___pleural__parenchymal_opacity__: 0.454, pleural_effusion_or_thickening: 0.704, pulmonary_edema__hazy_opacity: 0.833, normal_anatomically: 0.704, elevated_hemidiaphragm: 0.000, hyperaeration: 0.102, vascular_redistribution: 1.000, atelectasis__chx: 0.898, cardiomegaly__chx: 0.185, consolidation__chx: 0.028, edema__chx: 0.139, enlarged_cardiomediastinum__chx: 0.000, fracture__chx: 0.991, lung_lesion__chx: 0.046, lung_opacity__chx: 0.231, no_finding__chx: 0.361, pleural_effusion__chx: 0.167, pleural_other__chx: 0.000, pneumonia__chx: 0.815, pneumothorax__chx: 1.000, support_devices__chx: 0.963
Epoch 50 | train loss -8913.0604 | val loss 661.7675 | time 88.85s
  Train summary: macro-acc 0.571 | macro-F1 0.212 | micro-P 0.168 | micro-R 0.686 | micro-F1 0.270 | macro-PR 0.153 | micro-PR 0.151
  Val summary:   macro-acc 0.555 | macro-F1 0.229 | micro-P 0.189 | micro-R 0.893 | micro-F1 0.312 | macro-PR 0.220 | micro-PR 0.127
  Train accuracy per class:
    Normal: 0.487, CHF: 0.456, pneumonia: 0.401, consolidation: 0.475, enlarged_cardiac_silhouette: 0.405, linear__patchy_atelectasis: 0.273, lobar__segmental_collapse: 0.726, not_otherwise_specified_opacity___pleural__parenchymal_opacity__: 0.396, pleural_effusion_or_thickening: 0.322, pulmonary_edema__hazy_opacity: 0.302, normal_anatomically: 0.464, elevated_hemidiaphragm: 0.135, hyperaeration: 0.182, vascular_redistribution: 0.364, atelectasis__chx: 0.346, cardiomegaly__chx: 0.282, consolidation__chx: 0.649, edema__chx: 0.265, enlarged_cardiomediastinum__chx: 0.609, fracture__chx: 0.458, lung_lesion__chx: 0.649, lung_opacity__chx: 0.277, no_finding__chx: 0.474, pleural_effusion__chx: 0.637, pleural_other__chx: 0.724, pneumonia__chx: 0.755, pneumothorax__chx: 0.984, support_devices__chx: 0.396
  Val accuracy per class:
    Normal: 0.398, CHF: 0.454, pneumonia: 0.287, consolidation: 0.472, enlarged_cardiac_silhouette: 0.278, linear__patchy_atelectasis: 0.176, lobar__segmental_collapse: 0.676, not_otherwise_specified_opacity___pleural__parenchymal_opacity__: 0.454, pleural_effusion_or_thickening: 0.204, pulmonary_edema__hazy_opacity: 0.194, normal_anatomically: 0.361, elevated_hemidiaphragm: 0.000, hyperaeration: 0.102, vascular_redistribution: 1.000, atelectasis__chx: 0.565, cardiomegaly__chx: 0.157, consolidation__chx: 0.093, edema__chx: 0.139, enlarged_cardiomediastinum__chx: 0.074, fracture__chx: 0.991, lung_lesion__chx: 0.056, lung_opacity__chx: 0.231, no_finding__chx: 0.352, pleural_effusion__chx: 0.630, pleural_other__chx: 0.454, pneumonia__chx: 0.815, pneumothorax__chx: 1.000, support_devices__chx: 0.963
Epoch 51 | train loss -9605.2471 | val loss 1603.9687 | time 88.71s
  Train summary: macro-acc 0.576 | macro-F1 0.214 | micro-P 0.160 | micro-R 0.718 | micro-F1 0.261 | macro-PR 0.159 | micro-PR 0.155
  Val summary:   macro-acc 0.490 | macro-F1 0.200 | micro-P 0.172 | micro-R 0.796 | micro-F1 0.283 | macro-PR 0.227 | micro-PR 0.122
  Train accuracy per class:
    Normal: 0.421, CHF: 0.431, pneumonia: 0.401, consolidation: 0.274, enlarged_cardiac_silhouette: 0.383, linear__patchy_atelectasis: 0.650, lobar__segmental_collapse: 0.160, not_otherwise_specified_opacity___pleural__parenchymal_opacity__: 0.425, pleural_effusion_or_thickening: 0.355, pulmonary_edema__hazy_opacity: 0.346, normal_anatomically: 0.435, elevated_hemidiaphragm: 0.164, hyperaeration: 0.650, vascular_redistribution: 0.439, atelectasis__chx: 0.392, cardiomegaly__chx: 0.285, consolidation__chx: 0.145, edema__chx: 0.325, enlarged_cardiomediastinum__chx: 0.561, fracture__chx: 0.536, lung_lesion__chx: 0.194, lung_opacity__chx: 0.293, no_finding__chx: 0.487, pleural_effusion__chx: 0.268, pleural_other__chx: 0.177, pneumonia__chx: 0.846, pneumothorax__chx: 0.992, support_devices__chx: 0.455
  Val accuracy per class:
    Normal: 0.296, CHF: 0.426, pneumonia: 0.287, consolidation: 0.093, enlarged_cardiac_silhouette: 0.241, linear__patchy_atelectasis: 0.213, lobar__segmental_collapse: 0.009, not_otherwise_specified_opacity___pleural__parenchymal_opacity__: 0.454, pleural_effusion_or_thickening: 0.204, pulmonary_edema__hazy_opacity: 0.713, normal_anatomically: 0.694, elevated_hemidiaphragm: 0.000, hyperaeration: 0.130, vascular_redistribution: 1.000, atelectasis__chx: 0.898, cardiomegaly__chx: 0.157, consolidation__chx: 0.028, edema__chx: 0.833, enlarged_cardiomediastinum__chx: 0.000, fracture__chx: 0.991, lung_lesion__chx: 0.046, lung_opacity__chx: 0.231, no_finding__chx: 0.352, pleural_effusion__chx: 0.167, pleural_other__chx: 0.000, pneumonia__chx: 0.815, pneumothorax__chx: 1.000, support_devices__chx: 0.963
Epoch 52 | train loss -10353.4363 | val loss 279.5848 | time 89.49s
  Train summary: macro-acc 0.569 | macro-F1 0.220 | micro-P 0.170 | micro-R 0.678 | micro-F1 0.272 | macro-PR 0.165 | micro-PR 0.156
  Val summary:   macro-acc 0.647 | macro-F1 0.232 | micro-P 0.186 | micro-R 0.884 | micro-F1 0.307 | macro-PR 0.217 | micro-PR 0.158
  Train accuracy per class:
    Normal: 0.493, CHF: 0.414, pneumonia: 0.410, consolidation: 0.394, enlarged_cardiac_silhouette: 0.307, linear__patchy_atelectasis: 0.297, lobar__segmental_collapse: 0.598, not_otherwise_specified_opacity___pleural__parenchymal_opacity__: 0.437, pleural_effusion_or_thickening: 0.346, pulmonary_edema__hazy_opacity: 0.584, normal_anatomically: 0.438, elevated_hemidiaphragm: 0.203, hyperaeration: 0.516, vascular_redistribution: 0.383, atelectasis__chx: 0.423, cardiomegaly__chx: 0.310, consolidation__chx: 0.501, edema__chx: 0.319, enlarged_cardiomediastinum__chx: 0.521, fracture__chx: 0.562, lung_lesion__chx: 0.443, lung_opacity__chx: 0.541, no_finding__chx: 0.449, pleural_effusion__chx: 0.396, pleural_other__chx: 0.678, pneumonia__chx: 0.819, pneumothorax__chx: 0.982, support_devices__chx: 0.463
  Val accuracy per class:
    Normal: 0.306, CHF: 0.426, pneumonia: 0.287, consolidation: 0.167, enlarged_cardiac_silhouette: 0.241, linear__patchy_atelectasis: 0.176, lobar__segmental_collapse: 0.370, not_otherwise_specified_opacity___pleural__parenchymal_opacity__: 0.454, pleural_effusion_or_thickening: 0.204, pulmonary_edema__hazy_opacity: 0.630, normal_anatomically: 0.296, elevated_hemidiaphragm: 0.000, hyperaeration: 0.167, vascular_redistribution: 0.065, atelectasis__chx: 0.491, cardiomegaly__chx: 0.157, consolidation__chx: 0.870, edema__chx: 0.139, enlarged_cardiomediastinum__chx: 0.676, fracture__chx: 0.991, lung_lesion__chx: 0.065, lung_opacity__chx: 0.528, no_finding__chx: 0.333, pleural_effusion__chx: 0.407, pleural_other__chx: 0.676, pneumonia__chx: 0.815, pneumothorax__chx: 1.000, support_devices__chx: 0.417
Epoch 53 | train loss -10371.6772 | val loss 403.7023 | time 88.69s
  Train summary: macro-acc 0.584 | macro-F1 0.208 | micro-P 0.165 | micro-R 0.667 | micro-F1 0.264 | macro-PR 0.159 | micro-PR 0.155
  Val summary:   macro-acc 0.665 | macro-F1 0.239 | micro-P 0.190 | micro-R 0.902 | micro-F1 0.314 | macro-PR 0.235 | micro-PR 0.167
  Train accuracy per class:
    Normal: 0.483, CHF: 0.550, pneumonia: 0.427, consolidation: 0.326, enlarged_cardiac_silhouette: 0.301, linear__patchy_atelectasis: 0.512, lobar__segmental_collapse: 0.599, not_otherwise_specified_opacity___pleural__parenchymal_opacity__: 0.438, pleural_effusion_or_thickening: 0.318, pulmonary_edema__hazy_opacity: 0.551, normal_anatomically: 0.429, elevated_hemidiaphragm: 0.204, hyperaeration: 0.239, vascular_redistribution: 0.346, atelectasis__chx: 0.409, cardiomegaly__chx: 0.240, consolidation__chx: 0.599, edema__chx: 0.310, enlarged_cardiomediastinum__chx: 0.565, fracture__chx: 0.563, lung_lesion__chx: 0.491, lung_opacity__chx: 0.313, no_finding__chx: 0.467, pleural_effusion__chx: 0.372, pleural_other__chx: 0.569, pneumonia__chx: 0.847, pneumothorax__chx: 0.989, support_devices__chx: 0.462
  Val accuracy per class:
    Normal: 0.361, CHF: 0.435, pneumonia: 0.287, consolidation: 0.093, enlarged_cardiac_silhouette: 0.241, linear__patchy_atelectasis: 0.500, lobar__segmental_collapse: 0.583, not_otherwise_specified_opacity___pleural__parenchymal_opacity__: 0.454, pleural_effusion_or_thickening: 0.204, pulmonary_edema__hazy_opacity: 0.500, normal_anatomically: 0.296, elevated_hemidiaphragm: 0.000, hyperaeration: 0.102, vascular_redistribution: 0.139, atelectasis__chx: 0.370, cardiomegaly__chx: 0.157, consolidation__chx: 0.944, edema__chx: 0.139, enlarged_cardiomediastinum__chx: 0.500, fracture__chx: 0.991, lung_lesion__chx: 0.898, lung_opacity__chx: 0.231, no_finding__chx: 0.343, pleural_effusion__chx: 0.167, pleural_other__chx: 0.269, pneumonia__chx: 0.815, pneumothorax__chx: 1.000, support_devices__chx: 0.574
Epoch 54 | train loss -11325.3433 | val loss 667.6800 | time 87.96s
  Train summary: macro-acc 0.567 | macro-F1 0.215 | micro-P 0.160 | micro-R 0.690 | micro-F1 0.259 | macro-PR 0.162 | micro-PR 0.152
  Val summary:   macro-acc 0.585 | macro-F1 0.227 | micro-P 0.174 | micro-R 0.880 | micro-F1 0.290 | macro-PR 0.224 | micro-PR 0.146
  Train accuracy per class:
    Normal: 0.417, CHF: 0.376, pneumonia: 0.425, consolidation: 0.317, enlarged_cardiac_silhouette: 0.338, linear__patchy_atelectasis: 0.604, lobar__segmental_collapse: 0.103, not_otherwise_specified_opacity___pleural__parenchymal_opacity__: 0.435, pleural_effusion_or_thickening: 0.328, pulmonary_edema__hazy_opacity: 0.528, normal_anatomically: 0.417, elevated_hemidiaphragm: 0.234, hyperaeration: 0.243, vascular_redistribution: 0.307, atelectasis__chx: 0.372, cardiomegaly__chx: 0.244, consolidation__chx: 0.301, edema__chx: 0.269, enlarged_cardiomediastinum__chx: 0.574, fracture__chx: 0.526, lung_lesion__chx: 0.404, lung_opacity__chx: 0.609, no_finding__chx: 0.441, pleural_effusion__chx: 0.330, pleural_other__chx: 0.653, pneumonia__chx: 0.786, pneumothorax__chx: 0.993, support_devices__chx: 0.422
  Val accuracy per class:
    Normal: 0.306, CHF: 0.426, pneumonia: 0.287, consolidation: 0.093, enlarged_cardiac_silhouette: 0.241, linear__patchy_atelectasis: 0.778, lobar__segmental_collapse: 0.009, not_otherwise_specified_opacity___pleural__parenchymal_opacity__: 0.454, pleural_effusion_or_thickening: 0.204, pulmonary_edema__hazy_opacity: 0.722, normal_anatomically: 0.361, elevated_hemidiaphragm: 0.000, hyperaeration: 0.102, vascular_redistribution: 0.028, atelectasis__chx: 0.176, cardiomegaly__chx: 0.157, consolidation__chx: 0.120, edema__chx: 0.139, enlarged_cardiomediastinum__chx: 0.000, fracture__chx: 0.991, lung_lesion__chx: 0.065, lung_opacity__chx: 0.315, no_finding__chx: 0.389, pleural_effusion__chx: 0.167, pleural_other__chx: 0.759, pneumonia__chx: 0.815, pneumothorax__chx: 1.000, support_devices__chx: 0.963
Epoch 55 | train loss -11320.8222 | val loss 1083.6727 | time 90.57s
  Train summary: macro-acc 0.557 | macro-F1 0.225 | micro-P 0.171 | micro-R 0.698 | micro-F1 0.275 | macro-PR 0.156 | micro-PR 0.154
  Val summary:   macro-acc 0.592 | macro-F1 0.227 | micro-P 0.182 | micro-R 0.907 | micro-F1 0.303 | macro-PR 0.231 | micro-PR 0.143
  Train accuracy per class:
    Normal: 0.468, CHF: 0.387, pneumonia: 0.434, consolidation: 0.330, enlarged_cardiac_silhouette: 0.323, linear__patchy_atelectasis: 0.321, lobar__segmental_collapse: 0.606, not_otherwise_specified_opacity___pleural__parenchymal_opacity__: 0.429, pleural_effusion_or_thickening: 0.348, pulmonary_edema__hazy_opacity: 0.383, normal_anatomically: 0.429, elevated_hemidiaphragm: 0.281, hyperaeration: 0.683, vascular_redistribution: 0.315, atelectasis__chx: 0.344, cardiomegaly__chx: 0.274, consolidation__chx: 0.331, edema__chx: 0.336, enlarged_cardiomediastinum__chx: 0.509, fracture__chx: 0.588, lung_lesion__chx: 0.420, lung_opacity__chx: 0.620, no_finding__chx: 0.429, pleural_effusion__chx: 0.557, pleural_other__chx: 0.657, pneumonia__chx: 0.830, pneumothorax__chx: 0.989, support_devices__chx: 0.427
  Val accuracy per class:
    Normal: 0.306, CHF: 0.426, pneumonia: 0.287, consolidation: 0.093, enlarged_cardiac_silhouette: 0.241, linear__patchy_atelectasis: 0.176, lobar__segmental_collapse: 0.065, not_otherwise_specified_opacity___pleural__parenchymal_opacity__: 0.454, pleural_effusion_or_thickening: 0.204, pulmonary_edema__hazy_opacity: 0.176, normal_anatomically: 0.315, elevated_hemidiaphragm: 0.000, hyperaeration: 0.194, vascular_redistribution: 0.028, atelectasis__chx: 0.491, cardiomegaly__chx: 0.157, consolidation__chx: 0.972, edema__chx: 0.139, enlarged_cardiomediastinum__chx: 0.000, fracture__chx: 0.991, lung_lesion__chx: 0.898, lung_opacity__chx: 0.259, no_finding__chx: 0.343, pleural_effusion__chx: 0.213, pleural_other__chx: 0.435, pneumonia__chx: 0.815, pneumothorax__chx: 1.000, support_devices__chx: 0.963
Epoch 56 | train loss -11123.6540 | val loss 1212.6018 | time 90.35s
  Train summary: macro-acc 0.564 | macro-F1 0.218 | micro-P 0.164 | micro-R 0.717 | micro-F1 0.267 | macro-PR 0.152 | micro-PR 0.149
  Val summary:   macro-acc 0.576 | macro-F1 0.213 | micro-P 0.183 | micro-R 0.884 | micro-F1 0.304 | macro-PR 0.226 | micro-PR 0.153
  Train accuracy per class:
    Normal: 0.434, CHF: 0.372, pneumonia: 0.413, consolidation: 0.434, enlarged_cardiac_silhouette: 0.315, linear__patchy_atelectasis: 0.652, lobar__segmental_collapse: 0.162, not_otherwise_specified_opacity___pleural__parenchymal_opacity__: 0.402, pleural_effusion_or_thickening: 0.311, pulmonary_edema__hazy_opacity: 0.282, normal_anatomically: 0.412, elevated_hemidiaphragm: 0.227, hyperaeration: 0.714, vascular_redistribution: 0.266, atelectasis__chx: 0.270, cardiomegaly__chx: 0.239, consolidation__chx: 0.286, edema__chx: 0.289, enlarged_cardiomediastinum__chx: 0.611, fracture__chx: 0.474, lung_lesion__chx: 0.551, lung_opacity__chx: 0.281, no_finding__chx: 0.501, pleural_effusion__chx: 0.273, pleural_other__chx: 0.752, pneumonia__chx: 0.743, pneumothorax__chx: 0.996, support_devices__chx: 0.307
  Val accuracy per class:
    Normal: 0.306, CHF: 0.426, pneumonia: 0.287, consolidation: 0.306, enlarged_cardiac_silhouette: 0.241, linear__patchy_atelectasis: 0.296, lobar__segmental_collapse: 0.009, not_otherwise_specified_opacity___pleural__parenchymal_opacity__: 0.454, pleural_effusion_or_thickening: 0.204, pulmonary_edema__hazy_opacity: 0.167, normal_anatomically: 0.361, elevated_hemidiaphragm: 0.000, hyperaeration: 0.130, vascular_redistribution: 0.593, atelectasis__chx: 0.167, cardiomegaly__chx: 0.157, consolidation__chx: 0.972, edema__chx: 0.861, enlarged_cardiomediastinum__chx: 0.000, fracture__chx: 0.991, lung_lesion__chx: 0.056, lung_opacity__chx: 0.231, no_finding__chx: 0.343, pleural_effusion__chx: 0.167, pleural_other__chx: 0.602, pneumonia__chx: 0.815, pneumothorax__chx: 1.000, support_devices__chx: 0.963
Epoch 57 | train loss -12855.8849 | val loss 652.3976 | time 89.18s
  Train summary: macro-acc 0.564 | macro-F1 0.226 | micro-P 0.165 | micro-R 0.749 | micro-F1 0.270 | macro-PR 0.156 | micro-PR 0.158
  Val summary:   macro-acc 0.525 | macro-F1 0.233 | micro-P 0.171 | micro-R 0.913 | micro-F1 0.289 | macro-PR 0.228 | micro-PR 0.168
  Train accuracy per class:
    Normal: 0.442, CHF: 0.367, pneumonia: 0.392, consolidation: 0.252, enlarged_cardiac_silhouette: 0.322, linear__patchy_atelectasis: 0.266, lobar__segmental_collapse: 0.186, not_otherwise_specified_opacity___pleural__parenchymal_opacity__: 0.413, pleural_effusion_or_thickening: 0.322, pulmonary_edema__hazy_opacity: 0.582, normal_anatomically: 0.453, elevated_hemidiaphragm: 0.156, hyperaeration: 0.186, vascular_redistribution: 0.244, atelectasis__chx: 0.420, cardiomegaly__chx: 0.241, consolidation__chx: 0.297, edema__chx: 0.307, enlarged_cardiomediastinum__chx: 0.623, fracture__chx: 0.483, lung_lesion__chx: 0.557, lung_opacity__chx: 0.259, no_finding__chx: 0.459, pleural_effusion__chx: 0.553, pleural_other__chx: 0.679, pneumonia__chx: 0.778, pneumothorax__chx: 0.989, support_devices__chx: 0.299
  Val accuracy per class:
    Normal: 0.306, CHF: 0.426, pneumonia: 0.287, consolidation: 0.093, enlarged_cardiac_silhouette: 0.241, linear__patchy_atelectasis: 0.176, lobar__segmental_collapse: 0.009, not_otherwise_specified_opacity___pleural__parenchymal_opacity__: 0.454, pleural_effusion_or_thickening: 0.204, pulmonary_edema__hazy_opacity: 0.593, normal_anatomically: 0.352, elevated_hemidiaphragm: 0.000, hyperaeration: 0.102, vascular_redistribution: 0.000, atelectasis__chx: 0.611, cardiomegaly__chx: 0.157, consolidation__chx: 0.269, edema__chx: 0.296, enlarged_cardiomediastinum__chx: 0.000, fracture__chx: 0.991, lung_lesion__chx: 0.093, lung_opacity__chx: 0.231, no_finding__chx: 0.343, pleural_effusion__chx: 0.204, pleural_other__chx: 0.324, pneumonia__chx: 0.815, pneumothorax__chx: 1.000, support_devices__chx: 0.667
Epoch 58 | train loss -13442.1224 | val loss 651.6379 | time 89.74s
  Train summary: macro-acc 0.561 | macro-F1 0.218 | micro-P 0.160 | micro-R 0.666 | micro-F1 0.258 | macro-PR 0.152 | micro-PR 0.154
  Val summary:   macro-acc 0.496 | macro-F1 0.231 | micro-P 0.169 | micro-R 0.924 | micro-F1 0.286 | macro-PR 0.214 | micro-PR 0.154
  Train accuracy per class:
    Normal: 0.476, CHF: 0.360, pneumonia: 0.376, consolidation: 0.491, enlarged_cardiac_silhouette: 0.313, linear__patchy_atelectasis: 0.644, lobar__segmental_collapse: 0.567, not_otherwise_specified_opacity___pleural__parenchymal_opacity__: 0.542, pleural_effusion_or_thickening: 0.318, pulmonary_edema__hazy_opacity: 0.536, normal_anatomically: 0.425, elevated_hemidiaphragm: 0.206, hyperaeration: 0.215, vascular_redistribution: 0.172, atelectasis__chx: 0.249, cardiomegaly__chx: 0.255, consolidation__chx: 0.256, edema__chx: 0.302, enlarged_cardiomediastinum__chx: 0.619, fracture__chx: 0.445, lung_lesion__chx: 0.541, lung_opacity__chx: 0.640, no_finding__chx: 0.468, pleural_effusion__chx: 0.244, pleural_other__chx: 0.702, pneumonia__chx: 0.810, pneumothorax__chx: 0.992, support_devices__chx: 0.299
  Val accuracy per class:
    Normal: 0.306, CHF: 0.426, pneumonia: 0.287, consolidation: 0.222, enlarged_cardiac_silhouette: 0.241, linear__patchy_atelectasis: 0.204, lobar__segmental_collapse: 0.093, not_otherwise_specified_opacity___pleural__parenchymal_opacity__: 0.491, pleural_effusion_or_thickening: 0.204, pulmonary_edema__hazy_opacity: 0.528, normal_anatomically: 0.315, elevated_hemidiaphragm: 0.000, hyperaeration: 0.102, vascular_redistribution: 0.000, atelectasis__chx: 0.102, cardiomegaly__chx: 0.157, consolidation__chx: 0.028, edema__chx: 0.139, enlarged_cardiomediastinum__chx: 0.139, fracture__chx: 0.991, lung_lesion__chx: 0.157, lung_opacity__chx: 0.259, no_finding__chx: 0.389, pleural_effusion__chx: 0.167, pleural_other__chx: 0.491, pneumonia__chx: 0.815, pneumothorax__chx: 1.000, support_devices__chx: 0.556
Epoch 59 | train loss -13805.5192 | val loss 635.3279 | time 89.31s
  Train summary: macro-acc 0.564 | macro-F1 0.228 | micro-P 0.171 | micro-R 0.755 | micro-F1 0.279 | macro-PR 0.162 | micro-PR 0.157
  Val summary:   macro-acc 0.566 | macro-F1 0.231 | micro-P 0.180 | micro-R 0.907 | micro-F1 0.300 | macro-PR 0.226 | micro-PR 0.194
  Train accuracy per class:
    Normal: 0.430, CHF: 0.381, pneumonia: 0.400, consolidation: 0.307, enlarged_cardiac_silhouette: 0.284, linear__patchy_atelectasis: 0.584, lobar__segmental_collapse: 0.488, not_otherwise_specified_opacity___pleural__parenchymal_opacity__: 0.372, pleural_effusion_or_thickening: 0.289, pulmonary_edema__hazy_opacity: 0.660, normal_anatomically: 0.462, elevated_hemidiaphragm: 0.150, hyperaeration: 0.512, vascular_redistribution: 0.166, atelectasis__chx: 0.321, cardiomegaly__chx: 0.281, consolidation__chx: 0.522, edema__chx: 0.567, enlarged_cardiomediastinum__chx: 0.653, fracture__chx: 0.426, lung_lesion__chx: 0.198, lung_opacity__chx: 0.263, no_finding__chx: 0.468, pleural_effusion__chx: 0.272, pleural_other__chx: 0.646, pneumonia__chx: 0.786, pneumothorax__chx: 0.993, support_devices__chx: 0.263
  Val accuracy per class:
    Normal: 0.287, CHF: 0.426, pneumonia: 0.287, consolidation: 0.111, enlarged_cardiac_silhouette: 0.241, linear__patchy_atelectasis: 0.194, lobar__segmental_collapse: 0.296, not_otherwise_specified_opacity___pleural__parenchymal_opacity__: 0.454, pleural_effusion_or_thickening: 0.204, pulmonary_edema__hazy_opacity: 0.685, normal_anatomically: 0.343, elevated_hemidiaphragm: 0.000, hyperaeration: 0.537, vascular_redistribution: 0.000, atelectasis__chx: 0.370, cardiomegaly__chx: 0.157, consolidation__chx: 0.806, edema__chx: 0.148, enlarged_cardiomediastinum__chx: 0.444, fracture__chx: 0.991, lung_lesion__chx: 0.046, lung_opacity__chx: 0.231, no_finding__chx: 0.352, pleural_effusion__chx: 0.167, pleural_other__chx: 0.444, pneumonia__chx: 0.815, pneumothorax__chx: 1.000, support_devices__chx: 0.343
Epoch 60 | train loss -14526.1758 | val loss 252.7593 | time 89.63s
  Train summary: macro-acc 0.567 | macro-F1 0.227 | micro-P 0.167 | micro-R 0.740 | micro-F1 0.272 | macro-PR 0.158 | micro-PR 0.155
  Val summary:   macro-acc 0.653 | macro-F1 0.233 | micro-P 0.181 | micro-R 0.924 | micro-F1 0.302 | macro-PR 0.219 | micro-PR 0.147
  Train accuracy per class:
    Normal: 0.413, CHF: 0.368, pneumonia: 0.376, consolidation: 0.554, enlarged_cardiac_silhouette: 0.303, linear__patchy_atelectasis: 0.272, lobar__segmental_collapse: 0.256, not_otherwise_specified_opacity___pleural__parenchymal_opacity__: 0.409, pleural_effusion_or_thickening: 0.306, pulmonary_edema__hazy_opacity: 0.259, normal_anatomically: 0.487, elevated_hemidiaphragm: 0.125, hyperaeration: 0.522, vascular_redistribution: 0.208, atelectasis__chx: 0.280, cardiomegaly__chx: 0.245, consolidation__chx: 0.686, edema__chx: 0.487, enlarged_cardiomediastinum__chx: 0.665, fracture__chx: 0.420, lung_lesion__chx: 0.627, lung_opacity__chx: 0.549, no_finding__chx: 0.516, pleural_effusion__chx: 0.280, pleural_other__chx: 0.149, pneumonia__chx: 0.796, pneumothorax__chx: 0.989, support_devices__chx: 0.355
  Val accuracy per class:
    Normal: 0.287, CHF: 0.426, pneumonia: 0.287, consolidation: 0.407, enlarged_cardiac_silhouette: 0.241, linear__patchy_atelectasis: 0.176, lobar__segmental_collapse: 0.028, not_otherwise_specified_opacity___pleural__parenchymal_opacity__: 0.454, pleural_effusion_or_thickening: 0.204, pulmonary_edema__hazy_opacity: 0.167, normal_anatomically: 0.315, elevated_hemidiaphragm: 0.000, hyperaeration: 0.528, vascular_redistribution: 0.000, atelectasis__chx: 0.102, cardiomegaly__chx: 0.157, consolidation__chx: 0.796, edema__chx: 0.407, enlarged_cardiomediastinum__chx: 0.685, fracture__chx: 0.981, lung_lesion__chx: 0.370, lung_opacity__chx: 0.241, no_finding__chx: 0.343, pleural_effusion__chx: 0.167, pleural_other__chx: 0.000, pneumonia__chx: 0.815, pneumothorax__chx: 1.000, support_devices__chx: 0.648
Epoch 61 | train loss -15130.3765 | val loss 323.2676 | time 90.01s
  Train summary: macro-acc 0.568 | macro-F1 0.230 | micro-P 0.166 | micro-R 0.708 | micro-F1 0.269 | macro-PR 0.163 | micro-PR 0.155
  Val summary:   macro-acc 0.699 | macro-F1 0.234 | micro-P 0.182 | micro-R 0.920 | micro-F1 0.303 | macro-PR 0.206 | micro-PR 0.171
  Train accuracy per class:
    Normal: 0.462, CHF: 0.393, pneumonia: 0.496, consolidation: 0.569, enlarged_cardiac_silhouette: 0.508, linear__patchy_atelectasis: 0.302, lobar__segmental_collapse: 0.391, not_otherwise_specified_opacity___pleural__parenchymal_opacity__: 0.446, pleural_effusion_or_thickening: 0.511, pulmonary_edema__hazy_opacity: 0.451, normal_anatomically: 0.427, elevated_hemidiaphragm: 0.140, hyperaeration: 0.445, vascular_redistribution: 0.274, atelectasis__chx: 0.347, cardiomegaly__chx: 0.306, consolidation__chx: 0.537, edema__chx: 0.255, enlarged_cardiomediastinum__chx: 0.588, fracture__chx: 0.521, lung_lesion__chx: 0.212, lung_opacity__chx: 0.297, no_finding__chx: 0.449, pleural_effusion__chx: 0.336, pleural_other__chx: 0.449, pneumonia__chx: 0.864, pneumothorax__chx: 0.995, support_devices__chx: 0.361
  Val accuracy per class:
    Normal: 0.306, CHF: 0.426, pneumonia: 0.333, consolidation: 0.602, enlarged_cardiac_silhouette: 0.324, linear__patchy_atelectasis: 0.176, lobar__segmental_collapse: 0.426, not_otherwise_specified_opacity___pleural__parenchymal_opacity__: 0.454, pleural_effusion_or_thickening: 0.222, pulmonary_edema__hazy_opacity: 0.204, normal_anatomically: 0.296, elevated_hemidiaphragm: 0.000, hyperaeration: 0.630, vascular_redistribution: 0.000, atelectasis__chx: 0.102, cardiomegaly__chx: 0.157, consolidation__chx: 0.630, edema__chx: 0.139, enlarged_cardiomediastinum__chx: 0.583, fracture__chx: 0.991, lung_lesion__chx: 0.046, lung_opacity__chx: 0.231, no_finding__chx: 0.324, pleural_effusion__chx: 0.167, pleural_other__chx: 0.231, pneumonia__chx: 0.815, pneumothorax__chx: 1.000, support_devices__chx: 0.583
Epoch 62 | train loss -15824.1687 | val loss 302.1515 | time 89.46s
  Train summary: macro-acc 0.569 | macro-F1 0.231 | micro-P 0.166 | micro-R 0.783 | micro-F1 0.273 | macro-PR 0.159 | micro-PR 0.159
  Val summary:   macro-acc 0.686 | macro-F1 0.233 | micro-P 0.174 | micro-R 0.929 | micro-F1 0.293 | macro-PR 0.219 | micro-PR 0.189
  Train accuracy per class:
    Normal: 0.438, CHF: 0.371, pneumonia: 0.391, consolidation: 0.525, enlarged_cardiac_silhouette: 0.297, linear__patchy_atelectasis: 0.260, lobar__segmental_collapse: 0.392, not_otherwise_specified_opacity___pleural__parenchymal_opacity__: 0.376, pleural_effusion_or_thickening: 0.299, pulmonary_edema__hazy_opacity: 0.628, normal_anatomically: 0.456, elevated_hemidiaphragm: 0.121, hyperaeration: 0.462, vascular_redistribution: 0.226, atelectasis__chx: 0.255, cardiomegaly__chx: 0.247, consolidation__chx: 0.625, edema__chx: 0.243, enlarged_cardiomediastinum__chx: 0.689, fracture__chx: 0.392, lung_lesion__chx: 0.131, lung_opacity__chx: 0.272, no_finding__chx: 0.462, pleural_effusion__chx: 0.296, pleural_other__chx: 0.185, pneumonia__chx: 0.796, pneumothorax__chx: 0.993, support_devices__chx: 0.265
  Val accuracy per class:
    Normal: 0.306, CHF: 0.426, pneumonia: 0.287, consolidation: 0.231, enlarged_cardiac_silhouette: 0.241, linear__patchy_atelectasis: 0.176, lobar__segmental_collapse: 0.074, not_otherwise_specified_opacity___pleural__parenchymal_opacity__: 0.454, pleural_effusion_or_thickening: 0.204, pulmonary_edema__hazy_opacity: 0.463, normal_anatomically: 0.315, elevated_hemidiaphragm: 0.000, hyperaeration: 0.611, vascular_redistribution: 0.000, atelectasis__chx: 0.102, cardiomegaly__chx: 0.157, consolidation__chx: 0.593, edema__chx: 0.139, enlarged_cardiomediastinum__chx: 0.380, fracture__chx: 0.991, lung_lesion__chx: 0.046, lung_opacity__chx: 0.231, no_finding__chx: 0.343, pleural_effusion__chx: 0.167, pleural_other__chx: 0.000, pneumonia__chx: 0.815, pneumothorax__chx: 1.000, support_devices__chx: 0.556
Epoch 63 | train loss -16454.8254 | val loss 526.3805 | time 88.88s
  Train summary: macro-acc 0.574 | macro-F1 0.232 | micro-P 0.175 | micro-R 0.768 | micro-F1 0.284 | macro-PR 0.169 | micro-PR 0.165
  Val summary:   macro-acc 0.577 | macro-F1 0.239 | micro-P 0.179 | micro-R 0.891 | micro-F1 0.298 | macro-PR 0.223 | micro-PR 0.160
  Train accuracy per class:
    Normal: 0.471, CHF: 0.453, pneumonia: 0.348, consolidation: 0.734, enlarged_cardiac_silhouette: 0.426, linear__patchy_atelectasis: 0.566, lobar__segmental_collapse: 0.144, not_otherwise_specified_opacity___pleural__parenchymal_opacity__: 0.384, pleural_effusion_or_thickening: 0.313, pulmonary_edema__hazy_opacity: 0.624, normal_anatomically: 0.449, elevated_hemidiaphragm: 0.173, hyperaeration: 0.156, vascular_redistribution: 0.207, atelectasis__chx: 0.365, cardiomegaly__chx: 0.202, consolidation__chx: 0.814, edema__chx: 0.533, enlarged_cardiomediastinum__chx: 0.727, fracture__chx: 0.305, lung_lesion__chx: 0.686, lung_opacity__chx: 0.237, no_finding__chx: 0.445, pleural_effusion__chx: 0.265, pleural_other__chx: 0.160, pneumonia__chx: 0.763, pneumothorax__chx: 0.997, support_devices__chx: 0.354
  Val accuracy per class:
    Normal: 0.306, CHF: 0.454, pneumonia: 0.287, consolidation: 0.389, enlarged_cardiac_silhouette: 0.602, linear__patchy_atelectasis: 0.370, lobar__segmental_collapse: 0.009, not_otherwise_specified_opacity___pleural__parenchymal_opacity__: 0.454, pleural_effusion_or_thickening: 0.204, pulmonary_edema__hazy_opacity: 0.343, normal_anatomically: 0.324, elevated_hemidiaphragm: 0.000, hyperaeration: 0.102, vascular_redistribution: 0.204, atelectasis__chx: 0.343, cardiomegaly__chx: 0.157, consolidation__chx: 0.926, edema__chx: 0.380, enlarged_cardiomediastinum__chx: 0.176, fracture__chx: 0.991, lung_lesion__chx: 0.065, lung_opacity__chx: 0.231, no_finding__chx: 0.352, pleural_effusion__chx: 0.167, pleural_other__chx: 0.000, pneumonia__chx: 0.815, pneumothorax__chx: 1.000, support_devices__chx: 0.861
Epoch 64 | train loss -17190.8747 | val loss 318.3053 | time 89.32s
  Train summary: macro-acc 0.576 | macro-F1 0.233 | micro-P 0.172 | micro-R 0.804 | micro-F1 0.283 | macro-PR 0.167 | micro-PR 0.169
  Val summary:   macro-acc 0.589 | macro-F1 0.240 | micro-P 0.188 | micro-R 0.909 | micro-F1 0.312 | macro-PR 0.234 | micro-PR 0.189
  Train accuracy per class:
    Normal: 0.454, CHF: 0.472, pneumonia: 0.343, consolidation: 0.719, enlarged_cardiac_silhouette: 0.284, linear__patchy_atelectasis: 0.236, lobar__segmental_collapse: 0.307, not_otherwise_specified_opacity___pleural__parenchymal_opacity__: 0.377, pleural_effusion_or_thickening: 0.301, pulmonary_edema__hazy_opacity: 0.673, normal_anatomically: 0.442, elevated_hemidiaphragm: 0.150, hyperaeration: 0.139, vascular_redistribution: 0.201, atelectasis__chx: 0.355, cardiomegaly__chx: 0.248, consolidation__chx: 0.798, edema__chx: 0.544, enlarged_cardiomediastinum__chx: 0.753, fracture__chx: 0.288, lung_lesion__chx: 0.125, lung_opacity__chx: 0.235, no_finding__chx: 0.467, pleural_effusion__chx: 0.249, pleural_other__chx: 0.303, pneumonia__chx: 0.735, pneumothorax__chx: 0.997, support_devices__chx: 0.280
  Val accuracy per class:
    Normal: 0.315, CHF: 0.444, pneumonia: 0.287, consolidation: 0.417, enlarged_cardiac_silhouette: 0.241, linear__patchy_atelectasis: 0.176, lobar__segmental_collapse: 0.343, not_otherwise_specified_opacity___pleural__parenchymal_opacity__: 0.454, pleural_effusion_or_thickening: 0.204, pulmonary_edema__hazy_opacity: 0.565, normal_anatomically: 0.324, elevated_hemidiaphragm: 0.000, hyperaeration: 0.102, vascular_redistribution: 0.120, atelectasis__chx: 0.565, cardiomegaly__chx: 0.157, consolidation__chx: 0.917, edema__chx: 0.472, enlarged_cardiomediastinum__chx: 0.407, fracture__chx: 0.991, lung_lesion__chx: 0.046, lung_opacity__chx: 0.231, no_finding__chx: 0.343, pleural_effusion__chx: 0.167, pleural_other__chx: 0.537, pneumonia__chx: 0.815, pneumothorax__chx: 1.000, support_devices__chx: 0.620
Epoch 65 | train loss -17835.5378 | val loss 769.1214 | time 89.55s
  Train summary: macro-acc 0.573 | macro-F1 0.231 | micro-P 0.171 | micro-R 0.734 | micro-F1 0.278 | macro-PR 0.170 | micro-PR 0.172
  Val summary:   macro-acc 0.524 | macro-F1 0.235 | micro-P 0.187 | micro-R 0.849 | micro-F1 0.306 | macro-PR 0.246 | micro-PR 0.156
  Train accuracy per class:
    Normal: 0.443, CHF: 0.394, pneumonia: 0.354, consolidation: 0.768, enlarged_cardiac_silhouette: 0.296, linear__patchy_atelectasis: 0.243, lobar__segmental_collapse: 0.666, not_otherwise_specified_opacity___pleural__parenchymal_opacity__: 0.629, pleural_effusion_or_thickening: 0.311, pulmonary_edema__hazy_opacity: 0.675, normal_anatomically: 0.435, elevated_hemidiaphragm: 0.186, hyperaeration: 0.150, vascular_redistribution: 0.212, atelectasis__chx: 0.234, cardiomegaly__chx: 0.318, consolidation__chx: 0.781, edema__chx: 0.623, enlarged_cardiomediastinum__chx: 0.723, fracture__chx: 0.336, lung_lesion__chx: 0.133, lung_opacity__chx: 0.241, no_finding__chx: 0.460, pleural_effusion__chx: 0.703, pleural_other__chx: 0.185, pneumonia__chx: 0.798, pneumothorax__chx: 0.995, support_devices__chx: 0.187
  Val accuracy per class:
    Normal: 0.306, CHF: 0.426, pneumonia: 0.287, consolidation: 0.398, enlarged_cardiac_silhouette: 0.241, linear__patchy_atelectasis: 0.176, lobar__segmental_collapse: 0.185, not_otherwise_specified_opacity___pleural__parenchymal_opacity__: 0.481, pleural_effusion_or_thickening: 0.204, pulmonary_edema__hazy_opacity: 0.537, normal_anatomically: 0.620, elevated_hemidiaphragm: 0.000, hyperaeration: 0.102, vascular_redistribution: 0.722, atelectasis__chx: 0.352, cardiomegaly__chx: 0.676, consolidation__chx: 0.917, edema__chx: 0.426, enlarged_cardiomediastinum__chx: 0.000, fracture__chx: 0.991, lung_lesion__chx: 0.046, lung_opacity__chx: 0.231, no_finding__chx: 0.352, pleural_effusion__chx: 0.231, pleural_other__chx: 0.546, pneumonia__chx: 0.815, pneumothorax__chx: 1.000, support_devices__chx: 0.704
Epoch 66 | train loss -18498.7060 | val loss 150.0026 | time 90.09s
  Train summary: macro-acc 0.576 | macro-F1 0.231 | micro-P 0.173 | micro-R 0.804 | micro-F1 0.285 | macro-PR 0.160 | micro-PR 0.161
  Val summary:   macro-acc 0.605 | macro-F1 0.236 | micro-P 0.181 | micro-R 0.904 | micro-F1 0.301 | macro-PR 0.223 | micro-PR 0.152
  Train accuracy per class:
    Normal: 0.421, CHF: 0.384, pneumonia: 0.321, consolidation: 0.760, enlarged_cardiac_silhouette: 0.410, linear__patchy_atelectasis: 0.243, lobar__segmental_collapse: 0.623, not_otherwise_specified_opacity___pleural__parenchymal_opacity__: 0.391, pleural_effusion_or_thickening: 0.297, pulmonary_edema__hazy_opacity: 0.538, normal_anatomically: 0.446, elevated_hemidiaphragm: 0.161, hyperaeration: 0.649, vascular_redistribution: 0.207, atelectasis__chx: 0.227, cardiomegaly__chx: 0.272, consolidation__chx: 0.764, edema__chx: 0.195, enlarged_cardiomediastinum__chx: 0.769, fracture__chx: 0.296, lung_lesion__chx: 0.120, lung_opacity__chx: 0.231, no_finding__chx: 0.454, pleural_effusion__chx: 0.216, pleural_other__chx: 0.169, pneumonia__chx: 0.821, pneumothorax__chx: 0.999, support_devices__chx: 0.234
  Val accuracy per class:
    Normal: 0.306, CHF: 0.426, pneumonia: 0.287, consolidation: 0.648, enlarged_cardiac_silhouette: 0.574, linear__patchy_atelectasis: 0.176, lobar__segmental_collapse: 0.259, not_otherwise_specified_opacity___pleural__parenchymal_opacity__: 0.454, pleural_effusion_or_thickening: 0.204, pulmonary_edema__hazy_opacity: 0.556, normal_anatomically: 0.315, elevated_hemidiaphragm: 0.000, hyperaeration: 0.231, vascular_redistribution: 0.074, atelectasis__chx: 0.213, cardiomegaly__chx: 0.176, consolidation__chx: 0.611, edema__chx: 0.139, enlarged_cardiomediastinum__chx: 0.519, fracture__chx: 0.991, lung_lesion__chx: 0.046, lung_opacity__chx: 0.231, no_finding__chx: 0.343, pleural_effusion__chx: 0.167, pleural_other__chx: 0.148, pneumonia__chx: 0.815, pneumothorax__chx: 1.000, support_devices__chx: 0.593
Epoch 67 | train loss -19211.1951 | val loss 414.0273 | time 88.86s
  Train summary: macro-acc 0.568 | macro-F1 0.230 | micro-P 0.162 | micro-R 0.755 | micro-F1 0.267 | macro-PR 0.151 | micro-PR 0.153
  Val summary:   macro-acc 0.626 | macro-F1 0.232 | micro-P 0.174 | micro-R 0.940 | micro-F1 0.293 | macro-PR 0.213 | micro-PR 0.180
  Train accuracy per class:
    Normal: 0.412, CHF: 0.359, pneumonia: 0.360, consolidation: 0.495, enlarged_cardiac_silhouette: 0.292, linear__patchy_atelectasis: 0.282, lobar__segmental_collapse: 0.529, not_otherwise_specified_opacity___pleural__parenchymal_opacity__: 0.385, pleural_effusion_or_thickening: 0.325, pulmonary_edema__hazy_opacity: 0.627, normal_anatomically: 0.454, elevated_hemidiaphragm: 0.153, hyperaeration: 0.165, vascular_redistribution: 0.256, atelectasis__chx: 0.323, cardiomegaly__chx: 0.303, consolidation__chx: 0.485, edema__chx: 0.277, enlarged_cardiomediastinum__chx: 0.650, fracture__chx: 0.420, lung_lesion__chx: 0.161, lung_opacity__chx: 0.260, no_finding__chx: 0.480, pleural_effusion__chx: 0.278, pleural_other__chx: 0.273, pneumonia__chx: 0.854, pneumothorax__chx: 0.988, support_devices__chx: 0.293
  Val accuracy per class:
    Normal: 0.287, CHF: 0.426, pneumonia: 0.287, consolidation: 0.250, enlarged_cardiac_silhouette: 0.241, linear__patchy_atelectasis: 0.176, lobar__segmental_collapse: 0.037, not_otherwise_specified_opacity___pleural__parenchymal_opacity__: 0.454, pleural_effusion_or_thickening: 0.204, pulmonary_edema__hazy_opacity: 0.407, normal_anatomically: 0.315, elevated_hemidiaphragm: 0.000, hyperaeration: 0.102, vascular_redistribution: 0.056, atelectasis__chx: 0.278, cardiomegaly__chx: 0.157, consolidation__chx: 0.546, edema__chx: 0.139, enlarged_cardiomediastinum__chx: 0.009, fracture__chx: 0.991, lung_lesion__chx: 0.046, lung_opacity__chx: 0.231, no_finding__chx: 0.343, pleural_effusion__chx: 0.167, pleural_other__chx: 0.546, pneumonia__chx: 0.815, pneumothorax__chx: 1.000, support_devices__chx: 0.583
Epoch 68 | train loss -19993.0096 | val loss 442.6556 | time 89.45s
  Train summary: macro-acc 0.575 | macro-F1 0.232 | micro-P 0.178 | micro-R 0.807 | micro-F1 0.291 | macro-PR 0.165 | micro-PR 0.164
  Val summary:   macro-acc 0.512 | macro-F1 0.234 | micro-P 0.176 | micro-R 0.931 | micro-F1 0.297 | macro-PR 0.218 | micro-PR 0.156
  Train accuracy per class:
    Normal: 0.441, CHF: 0.371, pneumonia: 0.355, consolidation: 0.723, enlarged_cardiac_silhouette: 0.373, linear__patchy_atelectasis: 0.253, lobar__segmental_collapse: 0.768, not_otherwise_specified_opacity___pleural__parenchymal_opacity__: 0.383, pleural_effusion_or_thickening: 0.309, pulmonary_edema__hazy_opacity: 0.695, normal_anatomically: 0.433, elevated_hemidiaphragm: 0.112, hyperaeration: 0.145, vascular_redistribution: 0.193, atelectasis__chx: 0.351, cardiomegaly__chx: 0.212, consolidation__chx: 0.616, edema__chx: 0.230, enlarged_cardiomediastinum__chx: 0.735, fracture__chx: 0.317, lung_lesion__chx: 0.691, lung_opacity__chx: 0.239, no_finding__chx: 0.470, pleural_effusion__chx: 0.230, pleural_other__chx: 0.405, pneumonia__chx: 0.772, pneumothorax__chx: 0.997, support_devices__chx: 0.234
  Val accuracy per class:
    Normal: 0.306, CHF: 0.426, pneumonia: 0.287, consolidation: 0.426, enlarged_cardiac_silhouette: 0.259, linear__patchy_atelectasis: 0.176, lobar__segmental_collapse: 0.028, not_otherwise_specified_opacity___pleural__parenchymal_opacity__: 0.454, pleural_effusion_or_thickening: 0.204, pulmonary_edema__hazy_opacity: 0.481, normal_anatomically: 0.296, elevated_hemidiaphragm: 0.000, hyperaeration: 0.102, vascular_redistribution: 0.093, atelectasis__chx: 0.528, cardiomegaly__chx: 0.157, consolidation__chx: 0.500, edema__chx: 0.139, enlarged_cardiomediastinum__chx: 0.000, fracture__chx: 0.991, lung_lesion__chx: 0.056, lung_opacity__chx: 0.231, no_finding__chx: 0.343, pleural_effusion__chx: 0.167, pleural_other__chx: 0.519, pneumonia__chx: 0.815, pneumothorax__chx: 1.000, support_devices__chx: 0.611
Epoch 69 | train loss -20786.2921 | val loss 257.3674 | time 89.15s
  Train summary: macro-acc 0.569 | macro-F1 0.234 | micro-P 0.175 | micro-R 0.793 | micro-F1 0.287 | macro-PR 0.180 | micro-PR 0.158
  Val summary:   macro-acc 0.592 | macro-F1 0.236 | micro-P 0.176 | micro-R 0.922 | micro-F1 0.296 | macro-PR 0.202 | micro-PR 0.139
  Train accuracy per class:
    Normal: 0.464, CHF: 0.368, pneumonia: 0.356, consolidation: 0.665, enlarged_cardiac_silhouette: 0.322, linear__patchy_atelectasis: 0.257, lobar__segmental_collapse: 0.727, not_otherwise_specified_opacity___pleural__parenchymal_opacity__: 0.372, pleural_effusion_or_thickening: 0.303, pulmonary_edema__hazy_opacity: 0.536, normal_anatomically: 0.446, elevated_hemidiaphragm: 0.111, hyperaeration: 0.559, vascular_redistribution: 0.220, atelectasis__chx: 0.496, cardiomegaly__chx: 0.253, consolidation__chx: 0.749, edema__chx: 0.248, enlarged_cardiomediastinum__chx: 0.685, fracture__chx: 0.384, lung_lesion__chx: 0.141, lung_opacity__chx: 0.227, no_finding__chx: 0.468, pleural_effusion__chx: 0.269, pleural_other__chx: 0.165, pneumonia__chx: 0.839, pneumothorax__chx: 0.993, support_devices__chx: 0.359
  Val accuracy per class:
    Normal: 0.315, CHF: 0.426, pneumonia: 0.287, consolidation: 0.389, enlarged_cardiac_silhouette: 0.241, linear__patchy_atelectasis: 0.176, lobar__segmental_collapse: 0.398, not_otherwise_specified_opacity___pleural__parenchymal_opacity__: 0.454, pleural_effusion_or_thickening: 0.204, pulmonary_edema__hazy_opacity: 0.639, normal_anatomically: 0.315, elevated_hemidiaphragm: 0.000, hyperaeration: 0.287, vascular_redistribution: 0.028, atelectasis__chx: 0.333, cardiomegaly__chx: 0.157, consolidation__chx: 0.417, edema__chx: 0.139, enlarged_cardiomediastinum__chx: 0.435, fracture__chx: 0.741, lung_lesion__chx: 0.046, lung_opacity__chx: 0.231, no_finding__chx: 0.343, pleural_effusion__chx: 0.167, pleural_other__chx: 0.000, pneumonia__chx: 0.815, pneumothorax__chx: 1.000, support_devices__chx: 0.704
Epoch 70 | train loss -21503.6770 | val loss 68.8614 | time 90.64s
  Train summary: macro-acc 0.580 | macro-F1 0.239 | micro-P 0.173 | micro-R 0.831 | micro-F1 0.287 | macro-PR 0.175 | micro-PR 0.166
  Val summary:   macro-acc 0.558 | macro-F1 0.248 | micro-P 0.181 | micro-R 0.949 | micro-F1 0.304 | macro-PR 0.205 | micro-PR 0.136
  Train accuracy per class:
    Normal: 0.470, CHF: 0.364, pneumonia: 0.343, consolidation: 0.358, enlarged_cardiac_silhouette: 0.285, linear__patchy_atelectasis: 0.237, lobar__segmental_collapse: 0.094, not_otherwise_specified_opacity___pleural__parenchymal_opacity__: 0.373, pleural_effusion_or_thickening: 0.360, pulmonary_edema__hazy_opacity: 0.525, normal_anatomically: 0.474, elevated_hemidiaphragm: 0.071, hyperaeration: 0.215, vascular_redistribution: 0.207, atelectasis__chx: 0.512, cardiomegaly__chx: 0.264, consolidation__chx: 0.768, edema__chx: 0.236, enlarged_cardiomediastinum__chx: 0.765, fracture__chx: 0.284, lung_lesion__chx: 0.121, lung_opacity__chx: 0.241, no_finding__chx: 0.472, pleural_effusion__chx: 0.245, pleural_other__chx: 0.445, pneumonia__chx: 0.797, pneumothorax__chx: 0.996, support_devices__chx: 0.695
  Val accuracy per class:
    Normal: 0.315, CHF: 0.426, pneumonia: 0.287, consolidation: 0.417, enlarged_cardiac_silhouette: 0.241, linear__patchy_atelectasis: 0.176, lobar__segmental_collapse: 0.269, not_otherwise_specified_opacity___pleural__parenchymal_opacity__: 0.454, pleural_effusion_or_thickening: 0.213, pulmonary_edema__hazy_opacity: 0.213, normal_anatomically: 0.315, elevated_hemidiaphragm: 0.000, hyperaeration: 0.250, vascular_redistribution: 0.000, atelectasis__chx: 0.472, cardiomegaly__chx: 0.157, consolidation__chx: 0.907, edema__chx: 0.139, enlarged_cardiomediastinum__chx: 1.000, fracture__chx: 0.426, lung_lesion__chx: 0.046, lung_opacity__chx: 0.269, no_finding__chx: 0.343, pleural_effusion__chx: 0.167, pleural_other__chx: 0.454, pneumonia__chx: 0.574, pneumothorax__chx: 0.676, support_devices__chx: 0.713
Epoch 71 | train loss -22396.5941 | val loss 507.7117 | time 89.16s
  Train summary: macro-acc 0.578 | macro-F1 0.235 | micro-P 0.179 | micro-R 0.766 | micro-F1 0.290 | macro-PR 0.168 | micro-PR 0.168
  Val summary:   macro-acc 0.471 | macro-F1 0.233 | micro-P 0.182 | micro-R 0.902 | micro-F1 0.304 | macro-PR 0.228 | micro-PR 0.124
  Train accuracy per class:
    Normal: 0.447, CHF: 0.491, pneumonia: 0.344, consolidation: 0.745, enlarged_cardiac_silhouette: 0.460, linear__patchy_atelectasis: 0.562, lobar__segmental_collapse: 0.745, not_otherwise_specified_opacity___pleural__parenchymal_opacity__: 0.380, pleural_effusion_or_thickening: 0.270, pulmonary_edema__hazy_opacity: 0.644, normal_anatomically: 0.462, elevated_hemidiaphragm: 0.062, hyperaeration: 0.144, vascular_redistribution: 0.218, atelectasis__chx: 0.239, cardiomegaly__chx: 0.247, consolidation__chx: 0.747, edema__chx: 0.228, enlarged_cardiomediastinum__chx: 0.759, fracture__chx: 0.297, lung_lesion__chx: 0.120, lung_opacity__chx: 0.234, no_finding__chx: 0.464, pleural_effusion__chx: 0.586, pleural_other__chx: 0.825, pneumonia__chx: 0.788, pneumothorax__chx: 0.999, support_devices__chx: 0.234
  Val accuracy per class:
    Normal: 0.306, CHF: 0.463, pneumonia: 0.287, consolidation: 0.407, enlarged_cardiac_silhouette: 0.259, linear__patchy_atelectasis: 0.269, lobar__segmental_collapse: 0.417, not_otherwise_specified_opacity___pleural__parenchymal_opacity__: 0.454, pleural_effusion_or_thickening: 0.204, pulmonary_edema__hazy_opacity: 0.556, normal_anatomically: 0.324, elevated_hemidiaphragm: 0.000, hyperaeration: 0.102, vascular_redistribution: 0.676, atelectasis__chx: 0.537, cardiomegaly__chx: 0.157, consolidation__chx: 0.352, edema__chx: 0.139, enlarged_cardiomediastinum__chx: 0.250, fracture__chx: 0.991, lung_lesion__chx: 0.046, lung_opacity__chx: 0.231, no_finding__chx: 0.352, pleural_effusion__chx: 0.204, pleural_other__chx: 0.352, pneumonia__chx: 0.815, pneumothorax__chx: 1.000, support_devices__chx: 0.602
Epoch 72 | train loss -23098.8595 | val loss 526.8118 | time 89.63s
  Train summary: macro-acc 0.576 | macro-F1 0.235 | micro-P 0.179 | micro-R 0.697 | micro-F1 0.284 | macro-PR 0.169 | micro-PR 0.165
  Val summary:   macro-acc 0.439 | macro-F1 0.233 | micro-P 0.185 | micro-R 0.867 | micro-F1 0.304 | macro-PR 0.236 | micro-PR 0.125
  Train accuracy per class:
    Normal: 0.450, CHF: 0.381, pneumonia: 0.330, consolidation: 0.782, enlarged_cardiac_silhouette: 0.450, linear__patchy_atelectasis: 0.607, lobar__segmental_collapse: 0.828, not_otherwise_specified_opacity___pleural__parenchymal_opacity__: 0.633, pleural_effusion_or_thickening: 0.268, pulmonary_edema__hazy_opacity: 0.584, normal_anatomically: 0.464, elevated_hemidiaphragm: 0.051, hyperaeration: 0.142, vascular_redistribution: 0.230, atelectasis__chx: 0.223, cardiomegaly__chx: 0.223, consolidation__chx: 0.822, edema__chx: 0.646, enlarged_cardiomediastinum__chx: 0.772, fracture__chx: 0.257, lung_lesion__chx: 0.080, lung_opacity__chx: 0.792, no_finding__chx: 0.485, pleural_effusion__chx: 0.480, pleural_other__chx: 0.817, pneumonia__chx: 0.761, pneumothorax__chx: 0.997, support_devices__chx: 0.182
  Val accuracy per class:
    Normal: 0.333, CHF: 0.426, pneumonia: 0.287, consolidation: 0.481, enlarged_cardiac_silhouette: 0.306, linear__patchy_atelectasis: 0.324, lobar__segmental_collapse: 0.481, not_otherwise_specified_opacity___pleural__parenchymal_opacity__: 0.491, pleural_effusion_or_thickening: 0.204, pulmonary_edema__hazy_opacity: 0.472, normal_anatomically: 0.306, elevated_hemidiaphragm: 0.000, hyperaeration: 0.102, vascular_redistribution: 0.750, atelectasis__chx: 0.343, cardiomegaly__chx: 0.157, consolidation__chx: 0.907, edema__chx: 0.370, enlarged_cardiomediastinum__chx: 0.204, fracture__chx: 0.991, lung_lesion__chx: 0.046, lung_opacity__chx: 0.269, no_finding__chx: 0.333, pleural_effusion__chx: 0.204, pleural_other__chx: 0.278, pneumonia__chx: 0.815, pneumothorax__chx: 1.000, support_devices__chx: 0.611
Epoch 73 | train loss -23917.5179 | val loss 244.0065 | time 88.46s
  Train summary: macro-acc 0.581 | macro-F1 0.243 | micro-P 0.185 | micro-R 0.826 | micro-F1 0.303 | macro-PR 0.181 | micro-PR 0.176
  Val summary:   macro-acc 0.542 | macro-F1 0.236 | micro-P 0.184 | micro-R 0.933 | micro-F1 0.307 | macro-PR 0.236 | micro-PR 0.137
  Train accuracy per class:
    Normal: 0.459, CHF: 0.369, pneumonia: 0.319, consolidation: 0.736, enlarged_cardiac_silhouette: 0.346, linear__patchy_atelectasis: 0.235, lobar__segmental_collapse: 0.793, not_otherwise_specified_opacity___pleural__parenchymal_opacity__: 0.380, pleural_effusion_or_thickening: 0.282, pulmonary_edema__hazy_opacity: 0.580, normal_anatomically: 0.454, elevated_hemidiaphragm: 0.077, hyperaeration: 0.397, vascular_redistribution: 0.216, atelectasis__chx: 0.230, cardiomegaly__chx: 0.240, consolidation__chx: 0.716, edema__chx: 0.485, enlarged_cardiomediastinum__chx: 0.794, fracture__chx: 0.247, lung_lesion__chx: 0.106, lung_opacity__chx: 0.571, no_finding__chx: 0.482, pleural_effusion__chx: 0.231, pleural_other__chx: 0.789, pneumonia__chx: 0.706, pneumothorax__chx: 1.000, support_devices__chx: 0.285
  Val accuracy per class:
    Normal: 0.306, CHF: 0.426, pneumonia: 0.287, consolidation: 0.407, enlarged_cardiac_silhouette: 0.250, linear__patchy_atelectasis: 0.176, lobar__segmental_collapse: 0.380, not_otherwise_specified_opacity___pleural__parenchymal_opacity__: 0.454, pleural_effusion_or_thickening: 0.204, pulmonary_edema__hazy_opacity: 0.398, normal_anatomically: 0.306, elevated_hemidiaphragm: 0.000, hyperaeration: 0.130, vascular_redistribution: 0.639, atelectasis__chx: 0.426, cardiomegaly__chx: 0.157, consolidation__chx: 0.389, edema__chx: 0.306, enlarged_cardiomediastinum__chx: 0.361, fracture__chx: 0.787, lung_lesion__chx: 0.046, lung_opacity__chx: 0.259, no_finding__chx: 0.343, pleural_effusion__chx: 0.167, pleural_other__chx: 0.333, pneumonia__chx: 0.815, pneumothorax__chx: 1.000, support_devices__chx: 0.704
Epoch 74 | train loss -24742.2344 | val loss 1076.4978 | time 88.79s
  Train summary: macro-acc 0.578 | macro-F1 0.225 | micro-P 0.189 | micro-R 0.687 | micro-F1 0.296 | macro-PR 0.183 | micro-PR 0.175
  Val summary:   macro-acc 0.448 | macro-F1 0.168 | micro-P 0.159 | micro-R 0.651 | micro-F1 0.256 | macro-PR 0.237 | micro-PR 0.130
  Train accuracy per class:
    Normal: 0.471, CHF: 0.367, pneumonia: 0.330, consolidation: 0.797, enlarged_cardiac_silhouette: 0.288, linear__patchy_atelectasis: 0.749, lobar__segmental_collapse: 0.832, not_otherwise_specified_opacity___pleural__parenchymal_opacity__: 0.682, pleural_effusion_or_thickening: 0.699, pulmonary_edema__hazy_opacity: 0.623, normal_anatomically: 0.459, elevated_hemidiaphragm: 0.078, hyperaeration: 0.678, vascular_redistribution: 0.216, atelectasis__chx: 0.218, cardiomegaly__chx: 0.249, consolidation__chx: 0.847, edema__chx: 0.761, enlarged_cardiomediastinum__chx: 0.798, fracture__chx: 0.245, lung_lesion__chx: 0.686, lung_opacity__chx: 0.224, no_finding__chx: 0.475, pleural_effusion__chx: 0.240, pleural_other__chx: 0.842, pneumonia__chx: 0.769, pneumothorax__chx: 0.999, support_devices__chx: 0.128
  Val accuracy per class:
    Normal: 0.713, CHF: 0.426, pneumonia: 0.287, consolidation: 0.259, enlarged_cardiac_silhouette: 0.500, linear__patchy_atelectasis: 0.306, lobar__segmental_collapse: 0.250, not_otherwise_specified_opacity___pleural__parenchymal_opacity__: 0.481, pleural_effusion_or_thickening: 0.352, pulmonary_edema__hazy_opacity: 0.361, normal_anatomically: 0.704, elevated_hemidiaphragm: 0.000, hyperaeration: 0.157, vascular_redistribution: 1.000, atelectasis__chx: 0.898, cardiomegaly__chx: 0.833, consolidation__chx: 0.296, edema__chx: 0.250, enlarged_cardiomediastinum__chx: 0.000, fracture__chx: 0.991, lung_lesion__chx: 0.056, lung_opacity__chx: 0.231, no_finding__chx: 0.676, pleural_effusion__chx: 0.167, pleural_other__chx: 0.167, pneumonia__chx: 0.815, pneumothorax__chx: 1.000, support_devices__chx: 0.037
Epoch 75 | train loss -25504.9763 | val loss 780.1436 | time 88.98s
  Train summary: macro-acc 0.579 | macro-F1 0.235 | micro-P 0.181 | micro-R 0.666 | micro-F1 0.285 | macro-PR 0.179 | micro-PR 0.181
  Val summary:   macro-acc 0.471 | macro-F1 0.220 | micro-P 0.177 | micro-R 0.684 | micro-F1 0.281 | macro-PR 0.234 | micro-PR 0.147
  Train accuracy per class:
    Normal: 0.476, CHF: 0.476, pneumonia: 0.673, consolidation: 0.810, enlarged_cardiac_silhouette: 0.297, linear__patchy_atelectasis: 0.693, lobar__segmental_collapse: 0.748, not_otherwise_specified_opacity___pleural__parenchymal_opacity__: 0.376, pleural_effusion_or_thickening: 0.697, pulmonary_edema__hazy_opacity: 0.716, normal_anatomically: 0.464, elevated_hemidiaphragm: 0.096, hyperaeration: 0.131, vascular_redistribution: 0.223, atelectasis__chx: 0.216, cardiomegaly__chx: 0.253, consolidation__chx: 0.836, edema__chx: 0.740, enlarged_cardiomediastinum__chx: 0.803, fracture__chx: 0.251, lung_lesion__chx: 0.116, lung_opacity__chx: 0.797, no_finding__chx: 0.496, pleural_effusion__chx: 0.226, pleural_other__chx: 0.852, pneumonia__chx: 0.744, pneumothorax__chx: 0.999, support_devices__chx: 0.179
  Val accuracy per class:
    Normal: 0.583, CHF: 0.472, pneumonia: 0.296, consolidation: 0.463, enlarged_cardiac_silhouette: 0.546, linear__patchy_atelectasis: 0.306, lobar__segmental_collapse: 0.343, not_otherwise_specified_opacity___pleural__parenchymal_opacity__: 0.454, pleural_effusion_or_thickening: 0.731, pulmonary_edema__hazy_opacity: 0.352, normal_anatomically: 0.676, elevated_hemidiaphragm: 0.000, hyperaeration: 0.102, vascular_redistribution: 1.000, atelectasis__chx: 0.509, cardiomegaly__chx: 0.731, consolidation__chx: 0.417, edema__chx: 0.324, enlarged_cardiomediastinum__chx: 0.139, fracture__chx: 0.991, lung_lesion__chx: 0.046, lung_opacity__chx: 0.333, no_finding__chx: 0.620, pleural_effusion__chx: 0.167, pleural_other__chx: 0.241, pneumonia__chx: 0.815, pneumothorax__chx: 1.000, support_devices__chx: 0.722
Epoch 76 | train loss -26334.8768 | val loss 225.0314 | time 89.47s
  Train summary: macro-acc 0.588 | macro-F1 0.237 | micro-P 0.184 | micro-R 0.779 | micro-F1 0.298 | macro-PR 0.177 | micro-PR 0.184
  Val summary:   macro-acc 0.574 | macro-F1 0.235 | micro-P 0.191 | micro-R 0.862 | micro-F1 0.313 | macro-PR 0.222 | micro-PR 0.155
  Train accuracy per class:
    Normal: 0.462, CHF: 0.377, pneumonia: 0.334, consolidation: 0.697, enlarged_cardiac_silhouette: 0.372, linear__patchy_atelectasis: 0.533, lobar__segmental_collapse: 0.661, not_otherwise_specified_opacity___pleural__parenchymal_opacity__: 0.376, pleural_effusion_or_thickening: 0.264, pulmonary_edema__hazy_opacity: 0.669, normal_anatomically: 0.476, elevated_hemidiaphragm: 0.092, hyperaeration: 0.129, vascular_redistribution: 0.223, atelectasis__chx: 0.285, cardiomegaly__chx: 0.248, consolidation__chx: 0.646, edema__chx: 0.508, enlarged_cardiomediastinum__chx: 0.815, fracture__chx: 0.243, lung_lesion__chx: 0.107, lung_opacity__chx: 0.613, no_finding__chx: 0.493, pleural_effusion__chx: 0.433, pleural_other__chx: 0.823, pneumonia__chx: 0.778, pneumothorax__chx: 0.997, support_devices__chx: 0.421
  Val accuracy per class:
    Normal: 0.306, CHF: 0.426, pneumonia: 0.287, consolidation: 0.389, enlarged_cardiac_silhouette: 0.315, linear__patchy_atelectasis: 0.194, lobar__segmental_collapse: 0.324, not_otherwise_specified_opacity___pleural__parenchymal_opacity__: 0.454, pleural_effusion_or_thickening: 0.204, pulmonary_edema__hazy_opacity: 0.602, normal_anatomically: 0.324, elevated_hemidiaphragm: 0.000, hyperaeration: 0.102, vascular_redistribution: 0.630, atelectasis__chx: 0.435, cardiomegaly__chx: 0.176, consolidation__chx: 0.898, edema__chx: 0.435, enlarged_cardiomediastinum__chx: 0.741, fracture__chx: 0.907, lung_lesion__chx: 0.046, lung_opacity__chx: 0.259, no_finding__chx: 0.333, pleural_effusion__chx: 0.509, pleural_other__chx: 0.398, pneumonia__chx: 0.815, pneumothorax__chx: 1.000, support_devices__chx: 0.731
Epoch 77 | train loss -27313.9077 | val loss 695.1636 | time 89.15s
  Train summary: macro-acc 0.589 | macro-F1 0.239 | micro-P 0.177 | micro-R 0.820 | micro-F1 0.291 | macro-PR 0.181 | micro-PR 0.182
  Val summary:   macro-acc 0.512 | macro-F1 0.206 | micro-P 0.173 | micro-R 0.711 | micro-F1 0.278 | macro-PR 0.237 | micro-PR 0.148
  Train accuracy per class:
    Normal: 0.460, CHF: 0.458, pneumonia: 0.331, consolidation: 0.809, enlarged_cardiac_silhouette: 0.323, linear__patchy_atelectasis: 0.219, lobar__segmental_collapse: 0.847, not_otherwise_specified_opacity___pleural__parenchymal_opacity__: 0.380, pleural_effusion_or_thickening: 0.280, pulmonary_edema__hazy_opacity: 0.587, normal_anatomically: 0.479, elevated_hemidiaphragm: 0.087, hyperaeration: 0.139, vascular_redistribution: 0.224, atelectasis__chx: 0.199, cardiomegaly__chx: 0.264, consolidation__chx: 0.607, edema__chx: 0.584, enlarged_cardiomediastinum__chx: 0.819, fracture__chx: 0.247, lung_lesion__chx: 0.422, lung_opacity__chx: 0.231, no_finding__chx: 0.503, pleural_effusion__chx: 0.232, pleural_other__chx: 0.069, pneumonia__chx: 0.772, pneumothorax__chx: 0.999, support_devices__chx: 0.194
  Val accuracy per class:
    Normal: 0.593, CHF: 0.472, pneumonia: 0.287, consolidation: 0.444, enlarged_cardiac_silhouette: 0.454, linear__patchy_atelectasis: 0.176, lobar__segmental_collapse: 0.259, not_otherwise_specified_opacity___pleural__parenchymal_opacity__: 0.454, pleural_effusion_or_thickening: 0.204, pulmonary_edema__hazy_opacity: 0.398, normal_anatomically: 0.704, elevated_hemidiaphragm: 0.000, hyperaeration: 0.102, vascular_redistribution: 1.000, atelectasis__chx: 0.278, cardiomegaly__chx: 0.731, consolidation__chx: 0.407, edema__chx: 0.287, enlarged_cardiomediastinum__chx: 0.259, fracture__chx: 0.991, lung_lesion__chx: 0.537, lung_opacity__chx: 0.231, no_finding__chx: 0.593, pleural_effusion__chx: 0.167, pleural_other__chx: 0.000, pneumonia__chx: 0.815, pneumothorax__chx: 1.000, support_devices__chx: 0.787
Epoch 78 | train loss -28150.7479 | val loss 213.7683 | time 90.03s
  Train summary: macro-acc 0.589 | macro-F1 0.239 | micro-P 0.185 | micro-R 0.783 | micro-F1 0.299 | macro-PR 0.177 | micro-PR 0.181
  Val summary:   macro-acc 0.526 | macro-F1 0.249 | micro-P 0.193 | micro-R 0.884 | micro-F1 0.317 | macro-PR 0.241 | micro-PR 0.150
  Train accuracy per class:
    Normal: 0.460, CHF: 0.371, pneumonia: 0.322, consolidation: 0.751, enlarged_cardiac_silhouette: 0.441, linear__patchy_atelectasis: 0.231, lobar__segmental_collapse: 0.635, not_otherwise_specified_opacity___pleural__parenchymal_opacity__: 0.385, pleural_effusion_or_thickening: 0.544, pulmonary_edema__hazy_opacity: 0.602, normal_anatomically: 0.489, elevated_hemidiaphragm: 0.091, hyperaeration: 0.121, vascular_redistribution: 0.235, atelectasis__chx: 0.252, cardiomegaly__chx: 0.255, consolidation__chx: 0.835, edema__chx: 0.426, enlarged_cardiomediastinum__chx: 0.813, fracture__chx: 0.255, lung_lesion__chx: 0.140, lung_opacity__chx: 0.443, no_finding__chx: 0.511, pleural_effusion__chx: 0.434, pleural_other__chx: 0.793, pneumonia__chx: 0.852, pneumothorax__chx: 1.000, support_devices__chx: 0.398
  Val accuracy per class:
    Normal: 0.306, CHF: 0.426, pneumonia: 0.287, consolidation: 0.454, enlarged_cardiac_silhouette: 0.602, linear__patchy_atelectasis: 0.176, lobar__segmental_collapse: 0.324, not_otherwise_specified_opacity___pleural__parenchymal_opacity__: 0.454, pleural_effusion_or_thickening: 0.352, pulmonary_edema__hazy_opacity: 0.463, normal_anatomically: 0.324, elevated_hemidiaphragm: 0.000, hyperaeration: 0.102, vascular_redistribution: 0.611, atelectasis__chx: 0.454, cardiomegaly__chx: 0.157, consolidation__chx: 0.907, edema__chx: 0.306, enlarged_cardiomediastinum__chx: 1.000, fracture__chx: 0.694, lung_lesion__chx: 0.046, lung_opacity__chx: 0.352, no_finding__chx: 0.352, pleural_effusion__chx: 0.176, pleural_other__chx: 0.352, pneumonia__chx: 0.722, pneumothorax__chx: 0.991, support_devices__chx: 0.722
Epoch 79 | train loss -29189.6816 | val loss 891.7769 | time 89.88s
  Train summary: macro-acc 0.584 | macro-F1 0.230 | micro-P 0.182 | micro-R 0.760 | micro-F1 0.294 | macro-PR 0.182 | micro-PR 0.179
  Val summary:   macro-acc 0.502 | macro-F1 0.190 | micro-P 0.171 | micro-R 0.653 | micro-F1 0.271 | macro-PR 0.239 | micro-PR 0.151
  Train accuracy per class:
    Normal: 0.472, CHF: 0.367, pneumonia: 0.332, consolidation: 0.810, enlarged_cardiac_silhouette: 0.298, linear__patchy_atelectasis: 0.674, lobar__segmental_collapse: 0.848, not_otherwise_specified_opacity___pleural__parenchymal_opacity__: 0.373, pleural_effusion_or_thickening: 0.715, pulmonary_edema__hazy_opacity: 0.731, normal_anatomically: 0.483, elevated_hemidiaphragm: 0.080, hyperaeration: 0.307, vascular_redistribution: 0.222, atelectasis__chx: 0.224, cardiomegaly__chx: 0.235, consolidation__chx: 0.830, edema__chx: 0.765, enlarged_cardiomediastinum__chx: 0.823, fracture__chx: 0.252, lung_lesion__chx: 0.410, lung_opacity__chx: 0.230, no_finding__chx: 0.501, pleural_effusion__chx: 0.219, pleural_other__chx: 0.055, pneumonia__chx: 0.764, pneumothorax__chx: 0.997, support_devices__chx: 0.150
  Val accuracy per class:
    Normal: 0.639, CHF: 0.426, pneumonia: 0.287, consolidation: 0.444, enlarged_cardiac_silhouette: 0.500, linear__patchy_atelectasis: 0.278, lobar__segmental_collapse: 0.269, not_otherwise_specified_opacity___pleural__parenchymal_opacity__: 0.454, pleural_effusion_or_thickening: 0.509, pulmonary_edema__hazy_opacity: 0.333, normal_anatomically: 0.704, elevated_hemidiaphragm: 0.000, hyperaeration: 0.444, vascular_redistribution: 1.000, atelectasis__chx: 0.898, cardiomegaly__chx: 0.694, consolidation__chx: 0.231, edema__chx: 0.324, enlarged_cardiomediastinum__chx: 0.009, fracture__chx: 0.991, lung_lesion__chx: 0.213, lung_opacity__chx: 0.231, no_finding__chx: 0.676, pleural_effusion__chx: 0.167, pleural_other__chx: 0.000, pneumonia__chx: 0.815, pneumothorax__chx: 1.000, support_devices__chx: 0.787
Epoch 80 | train loss -30116.8363 | val loss 951.6714 | time 88.78s
  Train summary: macro-acc 0.588 | macro-F1 0.233 | micro-P 0.170 | micro-R 0.773 | micro-F1 0.278 | macro-PR 0.176 | micro-PR 0.180
  Val summary:   macro-acc 0.415 | macro-F1 0.181 | micro-P 0.162 | micro-R 0.640 | micro-F1 0.258 | macro-PR 0.234 | micro-PR 0.133
  Train accuracy per class:
    Normal: 0.458, CHF: 0.371, pneumonia: 0.306, consolidation: 0.825, enlarged_cardiac_silhouette: 0.296, linear__patchy_atelectasis: 0.218, lobar__segmental_collapse: 0.851, not_otherwise_specified_opacity___pleural__parenchymal_opacity__: 0.693, pleural_effusion_or_thickening: 0.266, pulmonary_edema__hazy_opacity: 0.660, normal_anatomically: 0.485, elevated_hemidiaphragm: 0.107, hyperaeration: 0.137, vascular_redistribution: 0.219, atelectasis__chx: 0.247, cardiomegaly__chx: 0.248, consolidation__chx: 0.071, edema__chx: 0.652, enlarged_cardiomediastinum__chx: 0.821, fracture__chx: 0.252, lung_lesion__chx: 0.113, lung_opacity__chx: 0.232, no_finding__chx: 0.497, pleural_effusion__chx: 0.228, pleural_other__chx: 0.046, pneumonia__chx: 0.778, pneumothorax__chx: 0.997, support_devices__chx: 0.636
  Val accuracy per class:
    Normal: 0.611, CHF: 0.472, pneumonia: 0.287, consolidation: 0.463, enlarged_cardiac_silhouette: 0.611, linear__patchy_atelectasis: 0.176, lobar__segmental_collapse: 0.213, not_otherwise_specified_opacity___pleural__parenchymal_opacity__: 0.472, pleural_effusion_or_thickening: 0.204, pulmonary_edema__hazy_opacity: 0.444, normal_anatomically: 0.704, elevated_hemidiaphragm: 0.000, hyperaeration: 0.102, vascular_redistribution: 1.000, atelectasis__chx: 0.898, cardiomegaly__chx: 0.843, consolidation__chx: 0.028, edema__chx: 0.324, enlarged_cardiomediastinum__chx: 0.000, fracture__chx: 0.991, lung_lesion__chx: 0.046, lung_opacity__chx: 0.231, no_finding__chx: 0.685, pleural_effusion__chx: 0.167, pleural_other__chx: 0.000, pneumonia__chx: 0.815, pneumothorax__chx: 1.000, support_devices__chx: 0.870
Epoch 81 | train loss -30983.1973 | val loss 758.6364 | time 90.35s
  Train summary: macro-acc 0.585 | macro-F1 0.242 | micro-P 0.172 | micro-R 0.808 | micro-F1 0.284 | macro-PR 0.175 | micro-PR 0.175
  Val summary:   macro-acc 0.465 | macro-F1 0.197 | micro-P 0.162 | micro-R 0.689 | micro-F1 0.262 | macro-PR 0.233 | micro-PR 0.129
  Train accuracy per class:
    Normal: 0.472, CHF: 0.383, pneumonia: 0.327, consolidation: 0.799, enlarged_cardiac_silhouette: 0.331, linear__patchy_atelectasis: 0.227, lobar__segmental_collapse: 0.831, not_otherwise_specified_opacity___pleural__parenchymal_opacity__: 0.368, pleural_effusion_or_thickening: 0.270, pulmonary_edema__hazy_opacity: 0.727, normal_anatomically: 0.472, elevated_hemidiaphragm: 0.124, hyperaeration: 0.129, vascular_redistribution: 0.235, atelectasis__chx: 0.241, cardiomegaly__chx: 0.241, consolidation__chx: 0.062, edema__chx: 0.645, enlarged_cardiomediastinum__chx: 0.815, fracture__chx: 0.244, lung_lesion__chx: 0.091, lung_opacity__chx: 0.796, no_finding__chx: 0.491, pleural_effusion__chx: 0.222, pleural_other__chx: 0.050, pneumonia__chx: 0.765, pneumothorax__chx: 0.997, support_devices__chx: 0.094
  Val accuracy per class:
    Normal: 0.648, CHF: 0.426, pneumonia: 0.287, consolidation: 0.343, enlarged_cardiac_silhouette: 0.296, linear__patchy_atelectasis: 0.176, lobar__segmental_collapse: 0.426, not_otherwise_specified_opacity___pleural__parenchymal_opacity__: 0.454, pleural_effusion_or_thickening: 0.204, pulmonary_edema__hazy_opacity: 0.630, normal_anatomically: 0.685, elevated_hemidiaphragm: 0.000, hyperaeration: 0.102, vascular_redistribution: 1.000, atelectasis__chx: 0.898, cardiomegaly__chx: 0.741, consolidation__chx: 0.028, edema__chx: 0.324, enlarged_cardiomediastinum__chx: 0.148, fracture__chx: 0.991, lung_lesion__chx: 0.046, lung_opacity__chx: 0.361, no_finding__chx: 0.611, pleural_effusion__chx: 0.167, pleural_other__chx: 0.000, pneumonia__chx: 0.815, pneumothorax__chx: 1.000, support_devices__chx: 0.037
Epoch 82 | train loss -31752.0356 | val loss 604.4054 | time 88.92s
  Train summary: macro-acc 0.582 | macro-F1 0.241 | micro-P 0.189 | micro-R 0.824 | micro-F1 0.307 | macro-PR 0.183 | micro-PR 0.176
  Val summary:   macro-acc 0.451 | macro-F1 0.208 | micro-P 0.176 | micro-R 0.704 | micro-F1 0.282 | macro-PR 0.236 | micro-PR 0.139
  Train accuracy per class:
    Normal: 0.468, CHF: 0.379, pneumonia: 0.322, consolidation: 0.797, enlarged_cardiac_silhouette: 0.396, linear__patchy_atelectasis: 0.223, lobar__segmental_collapse: 0.739, not_otherwise_specified_opacity___pleural__parenchymal_opacity__: 0.377, pleural_effusion_or_thickening: 0.264, pulmonary_edema__hazy_opacity: 0.656, normal_anatomically: 0.475, elevated_hemidiaphragm: 0.102, hyperaeration: 0.094, vascular_redistribution: 0.224, atelectasis__chx: 0.237, cardiomegaly__chx: 0.256, consolidation__chx: 0.813, edema__chx: 0.573, enlarged_cardiomediastinum__chx: 0.818, fracture__chx: 0.260, lung_lesion__chx: 0.073, lung_opacity__chx: 0.231, no_finding__chx: 0.483, pleural_effusion__chx: 0.216, pleural_other__chx: 0.809, pneumonia__chx: 0.815, pneumothorax__chx: 0.999, support_devices__chx: 0.818
  Val accuracy per class:
    Normal: 0.546, CHF: 0.426, pneumonia: 0.287, consolidation: 0.426, enlarged_cardiac_silhouette: 0.556, linear__patchy_atelectasis: 0.176, lobar__segmental_collapse: 0.352, not_otherwise_specified_opacity___pleural__parenchymal_opacity__: 0.454, pleural_effusion_or_thickening: 0.204, pulmonary_edema__hazy_opacity: 0.500, normal_anatomically: 0.620, elevated_hemidiaphragm: 0.000, hyperaeration: 0.102, vascular_redistribution: 1.000, atelectasis__chx: 0.898, cardiomegaly__chx: 0.620, consolidation__chx: 0.296, edema__chx: 0.426, enlarged_cardiomediastinum__chx: 0.241, fracture__chx: 0.991, lung_lesion__chx: 0.046, lung_opacity__chx: 0.231, no_finding__chx: 0.593, pleural_effusion__chx: 0.167, pleural_other__chx: 0.176, pneumonia__chx: 0.815, pneumothorax__chx: 1.000, support_devices__chx: 0.880
Epoch 83 | train loss -32786.9254 | val loss 611.9214 | time 88.88s
  Train summary: macro-acc 0.590 | macro-F1 0.246 | micro-P 0.191 | micro-R 0.772 | micro-F1 0.306 | macro-PR 0.191 | micro-PR 0.179
  Val summary:   macro-acc 0.406 | macro-F1 0.212 | micro-P 0.169 | micro-R 0.742 | micro-F1 0.275 | macro-PR 0.232 | micro-PR 0.137
  Train accuracy per class:
    Normal: 0.478, CHF: 0.373, pneumonia: 0.328, consolidation: 0.802, enlarged_cardiac_silhouette: 0.264, linear__patchy_atelectasis: 0.220, lobar__segmental_collapse: 0.772, not_otherwise_specified_opacity___pleural__parenchymal_opacity__: 0.385, pleural_effusion_or_thickening: 0.648, pulmonary_edema__hazy_opacity: 0.609, normal_anatomically: 0.487, elevated_hemidiaphragm: 0.108, hyperaeration: 0.761, vascular_redistribution: 0.227, atelectasis__chx: 0.224, cardiomegaly__chx: 0.232, consolidation__chx: 0.814, edema__chx: 0.631, enlarged_cardiomediastinum__chx: 0.817, fracture__chx: 0.252, lung_lesion__chx: 0.095, lung_opacity__chx: 0.785, no_finding__chx: 0.497, pleural_effusion__chx: 0.206, pleural_other__chx: 0.801, pneumonia__chx: 0.838, pneumothorax__chx: 0.999, support_devices__chx: 0.109
  Val accuracy per class:
    Normal: 0.454, CHF: 0.426, pneumonia: 0.287, consolidation: 0.491, enlarged_cardiac_silhouette: 0.241, linear__patchy_atelectasis: 0.176, lobar__segmental_collapse: 0.315, not_otherwise_specified_opacity___pleural__parenchymal_opacity__: 0.454, pleural_effusion_or_thickening: 0.333, pulmonary_edema__hazy_opacity: 0.324, normal_anatomically: 0.639, elevated_hemidiaphragm: 0.000, hyperaeration: 0.120, vascular_redistribution: 1.000, atelectasis__chx: 0.787, cardiomegaly__chx: 0.593, consolidation__chx: 0.324, edema__chx: 0.315, enlarged_cardiomediastinum__chx: 0.204, fracture__chx: 0.991, lung_lesion__chx: 0.046, lung_opacity__chx: 0.343, no_finding__chx: 0.676, pleural_effusion__chx: 0.167, pleural_other__chx: 0.130, pneumonia__chx: 0.815, pneumothorax__chx: 1.000, support_devices__chx: 0.037
Epoch 84 | train loss -33829.5907 | val loss 147.2677 | time 88.33s
  Train summary: macro-acc 0.584 | macro-F1 0.238 | micro-P 0.182 | micro-R 0.726 | micro-F1 0.291 | macro-PR 0.214 | micro-PR 0.181
  Val summary:   macro-acc 0.516 | macro-F1 0.237 | micro-P 0.182 | micro-R 0.776 | micro-F1 0.295 | macro-PR 0.225 | micro-PR 0.143
  Train accuracy per class:
    Normal: 0.470, CHF: 0.364, pneumonia: 0.314, consolidation: 0.796, enlarged_cardiac_silhouette: 0.406, linear__patchy_atelectasis: 0.497, lobar__segmental_collapse: 0.769, not_otherwise_specified_opacity___pleural__parenchymal_opacity__: 0.538, pleural_effusion_or_thickening: 0.550, pulmonary_edema__hazy_opacity: 0.553, normal_anatomically: 0.475, elevated_hemidiaphragm: 0.077, hyperaeration: 0.090, vascular_redistribution: 0.230, atelectasis__chx: 0.248, cardiomegaly__chx: 0.235, consolidation__chx: 0.773, edema__chx: 0.449, enlarged_cardiomediastinum__chx: 0.815, fracture__chx: 0.248, lung_lesion__chx: 0.091, lung_opacity__chx: 0.611, no_finding__chx: 0.521, pleural_effusion__chx: 0.480, pleural_other__chx: 0.809, pneumonia__chx: 0.859, pneumothorax__chx: 1.000, support_devices__chx: 0.343
  Val accuracy per class:
    Normal: 0.306, CHF: 0.426, pneumonia: 0.287, consolidation: 0.398, enlarged_cardiac_silhouette: 0.296, linear__patchy_atelectasis: 0.315, lobar__segmental_collapse: 0.269, not_otherwise_specified_opacity___pleural__parenchymal_opacity__: 0.519, pleural_effusion_or_thickening: 0.343, pulmonary_edema__hazy_opacity: 0.620, normal_anatomically: 0.481, elevated_hemidiaphragm: 0.000, hyperaeration: 0.102, vascular_redistribution: 0.759, atelectasis__chx: 0.713, cardiomegaly__chx: 0.157, consolidation__chx: 0.907, edema__chx: 0.296, enlarged_cardiomediastinum__chx: 0.407, fracture__chx: 0.806, lung_lesion__chx: 0.046, lung_opacity__chx: 0.361, no_finding__chx: 0.593, pleural_effusion__chx: 0.306, pleural_other__chx: 0.296, pneumonia__chx: 0.759, pneumothorax__chx: 1.000, support_devices__chx: 0.787
Epoch 85 | train loss -34846.2190 | val loss 1089.9830 | time 88.73s
  Train summary: macro-acc 0.582 | macro-F1 0.245 | micro-P 0.185 | micro-R 0.758 | micro-F1 0.298 | macro-PR 0.181 | micro-PR 0.182
  Val summary:   macro-acc 0.468 | macro-F1 0.200 | micro-P 0.174 | micro-R 0.662 | micro-F1 0.276 | macro-PR 0.230 | micro-PR 0.137
  Train accuracy per class:
    Normal: 0.480, CHF: 0.369, pneumonia: 0.318, consolidation: 0.815, enlarged_cardiac_silhouette: 0.409, linear__patchy_atelectasis: 0.734, lobar__segmental_collapse: 0.852, not_otherwise_specified_opacity___pleural__parenchymal_opacity__: 0.377, pleural_effusion_or_thickening: 0.578, pulmonary_edema__hazy_opacity: 0.259, normal_anatomically: 0.484, elevated_hemidiaphragm: 0.086, hyperaeration: 0.802, vascular_redistribution: 0.234, atelectasis__chx: 0.244, cardiomegaly__chx: 0.241, consolidation__chx: 0.859, edema__chx: 0.664, enlarged_cardiomediastinum__chx: 0.810, fracture__chx: 0.251, lung_lesion__chx: 0.100, lung_opacity__chx: 0.799, no_finding__chx: 0.497, pleural_effusion__chx: 0.218, pleural_other__chx: 0.051, pneumonia__chx: 0.807, pneumothorax__chx: 0.996, support_devices__chx: 0.133
  Val accuracy per class:
    Normal: 0.648, CHF: 0.463, pneumonia: 0.287, consolidation: 0.352, enlarged_cardiac_silhouette: 0.593, linear__patchy_atelectasis: 0.306, lobar__segmental_collapse: 0.361, not_otherwise_specified_opacity___pleural__parenchymal_opacity__: 0.454, pleural_effusion_or_thickening: 0.250, pulmonary_edema__hazy_opacity: 0.241, normal_anatomically: 0.704, elevated_hemidiaphragm: 0.000, hyperaeration: 0.269, vascular_redistribution: 1.000, atelectasis__chx: 0.898, cardiomegaly__chx: 0.741, consolidation__chx: 0.898, edema__chx: 0.296, enlarged_cardiomediastinum__chx: 0.009, fracture__chx: 0.991, lung_lesion__chx: 0.046, lung_opacity__chx: 0.361, no_finding__chx: 0.667, pleural_effusion__chx: 0.167, pleural_other__chx: 0.000, pneumonia__chx: 0.815, pneumothorax__chx: 1.000, support_devices__chx: 0.722
Epoch 86 | train loss -35857.9259 | val loss 873.5896 | time 88.11s
  Train summary: macro-acc 0.585 | macro-F1 0.240 | micro-P 0.187 | micro-R 0.703 | micro-F1 0.296 | macro-PR 0.178 | micro-PR 0.173
  Val summary:   macro-acc 0.514 | macro-F1 0.218 | micro-P 0.176 | micro-R 0.727 | micro-F1 0.284 | macro-PR 0.236 | micro-PR 0.138
  Train accuracy per class:
    Normal: 0.467, CHF: 0.371, pneumonia: 0.645, consolidation: 0.806, enlarged_cardiac_silhouette: 0.325, linear__patchy_atelectasis: 0.681, lobar__segmental_collapse: 0.842, not_otherwise_specified_opacity___pleural__parenchymal_opacity__: 0.383, pleural_effusion_or_thickening: 0.633, pulmonary_edema__hazy_opacity: 0.364, normal_anatomically: 0.489, elevated_hemidiaphragm: 0.104, hyperaeration: 0.664, vascular_redistribution: 0.224, atelectasis__chx: 0.241, cardiomegaly__chx: 0.263, consolidation__chx: 0.838, edema__chx: 0.588, enlarged_cardiomediastinum__chx: 0.822, fracture__chx: 0.256, lung_lesion__chx: 0.104, lung_opacity__chx: 0.790, no_finding__chx: 0.503, pleural_effusion__chx: 0.212, pleural_other__chx: 0.813, pneumonia__chx: 0.805, pneumothorax__chx: 0.997, support_devices__chx: 0.165
  Val accuracy per class:
    Normal: 0.454, CHF: 0.463, pneumonia: 0.380, consolidation: 0.491, enlarged_cardiac_silhouette: 0.259, linear__patchy_atelectasis: 0.306, lobar__segmental_collapse: 0.269, not_otherwise_specified_opacity___pleural__parenchymal_opacity__: 0.454, pleural_effusion_or_thickening: 0.278, pulmonary_edema__hazy_opacity: 0.222, normal_anatomically: 0.685, elevated_hemidiaphragm: 0.000, hyperaeration: 0.120, vascular_redistribution: 1.000, atelectasis__chx: 0.769, cardiomegaly__chx: 0.787, consolidation__chx: 0.352, edema__chx: 0.333, enlarged_cardiomediastinum__chx: 0.222, fracture__chx: 0.991, lung_lesion__chx: 0.046, lung_opacity__chx: 0.296, no_finding__chx: 0.602, pleural_effusion__chx: 0.167, pleural_other__chx: 0.213, pneumonia__chx: 0.815, pneumothorax__chx: 1.000, support_devices__chx: 0.759
Epoch 87 | train loss -36850.2432 | val loss 829.0554 | time 88.72s
  Train summary: macro-acc 0.581 | macro-F1 0.241 | micro-P 0.184 | micro-R 0.782 | micro-F1 0.299 | macro-PR 0.179 | micro-PR 0.181
  Val summary:   macro-acc 0.470 | macro-F1 0.177 | micro-P 0.166 | micro-R 0.656 | micro-F1 0.265 | macro-PR 0.233 | micro-PR 0.150
  Train accuracy per class:
    Normal: 0.480, CHF: 0.485, pneumonia: 0.322, consolidation: 0.822, enlarged_cardiac_silhouette: 0.294, linear__patchy_atelectasis: 0.727, lobar__segmental_collapse: 0.817, not_otherwise_specified_opacity___pleural__parenchymal_opacity__: 0.364, pleural_effusion_or_thickening: 0.270, pulmonary_edema__hazy_opacity: 0.664, normal_anatomically: 0.472, elevated_hemidiaphragm: 0.095, hyperaeration: 0.104, vascular_redistribution: 0.223, atelectasis__chx: 0.239, cardiomegaly__chx: 0.244, consolidation__chx: 0.843, edema__chx: 0.677, enlarged_cardiomediastinum__chx: 0.823, fracture__chx: 0.261, lung_lesion__chx: 0.100, lung_opacity__chx: 0.215, no_finding__chx: 0.500, pleural_effusion__chx: 0.226, pleural_other__chx: 0.822, pneumonia__chx: 0.815, pneumothorax__chx: 1.000, support_devices__chx: 0.161
  Val accuracy per class:
    Normal: 0.713, CHF: 0.444, pneumonia: 0.287, consolidation: 0.472, enlarged_cardiac_silhouette: 0.426, linear__patchy_atelectasis: 0.259, lobar__segmental_collapse: 0.204, not_otherwise_specified_opacity___pleural__parenchymal_opacity__: 0.454, pleural_effusion_or_thickening: 0.204, pulmonary_edema__hazy_opacity: 0.370, normal_anatomically: 0.704, elevated_hemidiaphragm: 0.000, hyperaeration: 0.102, vascular_redistribution: 1.000, atelectasis__chx: 0.898, cardiomegaly__chx: 0.722, consolidation__chx: 0.352, edema__chx: 0.306, enlarged_cardiomediastinum__chx: 0.000, fracture__chx: 0.991, lung_lesion__chx: 0.046, lung_opacity__chx: 0.231, no_finding__chx: 0.676, pleural_effusion__chx: 0.167, pleural_other__chx: 0.185, pneumonia__chx: 0.815, pneumothorax__chx: 1.000, support_devices__chx: 0.806
Epoch 88 | train loss -38044.2641 | val loss 856.2079 | time 89.04s
  Train summary: macro-acc 0.584 | macro-F1 0.246 | micro-P 0.192 | micro-R 0.764 | micro-F1 0.306 | macro-PR 0.184 | micro-PR 0.186
  Val summary:   macro-acc 0.469 | macro-F1 0.186 | micro-P 0.167 | micro-R 0.664 | micro-F1 0.267 | macro-PR 0.236 | micro-PR 0.141
  Train accuracy per class:
    Normal: 0.497, CHF: 0.360, pneumonia: 0.317, consolidation: 0.801, enlarged_cardiac_silhouette: 0.305, linear__patchy_atelectasis: 0.728, lobar__segmental_collapse: 0.850, not_otherwise_specified_opacity___pleural__parenchymal_opacity__: 0.381, pleural_effusion_or_thickening: 0.244, pulmonary_edema__hazy_opacity: 0.741, normal_anatomically: 0.497, elevated_hemidiaphragm: 0.112, hyperaeration: 0.108, vascular_redistribution: 0.214, atelectasis__chx: 0.215, cardiomegaly__chx: 0.227, consolidation__chx: 0.846, edema__chx: 0.613, enlarged_cardiomediastinum__chx: 0.811, fracture__chx: 0.251, lung_lesion__chx: 0.106, lung_opacity__chx: 0.819, no_finding__chx: 0.520, pleural_effusion__chx: 0.521, pleural_other__chx: 0.840, pneumonia__chx: 0.854, pneumothorax__chx: 0.999, support_devices__chx: 0.161
  Val accuracy per class:
    Normal: 0.694, CHF: 0.426, pneumonia: 0.287, consolidation: 0.241, enlarged_cardiac_silhouette: 0.444, linear__patchy_atelectasis: 0.324, lobar__segmental_collapse: 0.231, not_otherwise_specified_opacity___pleural__parenchymal_opacity__: 0.454, pleural_effusion_or_thickening: 0.204, pulmonary_edema__hazy_opacity: 0.324, normal_anatomically: 0.704, elevated_hemidiaphragm: 0.000, hyperaeration: 0.102, vascular_redistribution: 1.000, atelectasis__chx: 0.833, cardiomegaly__chx: 0.694, consolidation__chx: 0.407, edema__chx: 0.306, enlarged_cardiomediastinum__chx: 0.000, fracture__chx: 0.991, lung_lesion__chx: 0.046, lung_opacity__chx: 0.343, no_finding__chx: 0.676, pleural_effusion__chx: 0.278, pleural_other__chx: 0.093, pneumonia__chx: 0.815, pneumothorax__chx: 1.000, support_devices__chx: 0.870
Epoch 89 | train loss -38993.4215 | val loss 60.2599 | time 89.19s
  Train summary: macro-acc 0.582 | macro-F1 0.244 | micro-P 0.188 | micro-R 0.802 | micro-F1 0.304 | macro-PR 0.182 | micro-PR 0.183
  Val summary:   macro-acc 0.530 | macro-F1 0.247 | micro-P 0.185 | micro-R 0.871 | micro-F1 0.305 | macro-PR 0.235 | micro-PR 0.157
  Train accuracy per class:
    Normal: 0.475, CHF: 0.361, pneumonia: 0.334, consolidation: 0.707, enlarged_cardiac_silhouette: 0.427, linear__patchy_atelectasis: 0.343, lobar__segmental_collapse: 0.580, not_otherwise_specified_opacity___pleural__parenchymal_opacity__: 0.385, pleural_effusion_or_thickening: 0.503, pulmonary_edema__hazy_opacity: 0.621, normal_anatomically: 0.480, elevated_hemidiaphragm: 0.112, hyperaeration: 0.365, vascular_redistribution: 0.223, atelectasis__chx: 0.613, cardiomegaly__chx: 0.232, consolidation__chx: 0.793, edema__chx: 0.447, enlarged_cardiomediastinum__chx: 0.809, fracture__chx: 0.253, lung_lesion__chx: 0.106, lung_opacity__chx: 0.306, no_finding__chx: 0.526, pleural_effusion__chx: 0.211, pleural_other__chx: 0.801, pneumonia__chx: 0.809, pneumothorax__chx: 0.999, support_devices__chx: 0.272
  Val accuracy per class:
    Normal: 0.306, CHF: 0.426, pneumonia: 0.287, consolidation: 0.417, enlarged_cardiac_silhouette: 0.324, linear__patchy_atelectasis: 0.296, lobar__segmental_collapse: 0.287, not_otherwise_specified_opacity___pleural__parenchymal_opacity__: 0.519, pleural_effusion_or_thickening: 0.324, pulmonary_edema__hazy_opacity: 0.528, normal_anatomically: 0.333, elevated_hemidiaphragm: 0.000, hyperaeration: 0.204, vascular_redistribution: 0.667, atelectasis__chx: 0.759, cardiomegaly__chx: 0.157, consolidation__chx: 0.389, edema__chx: 0.398, enlarged_cardiomediastinum__chx: 0.574, fracture__chx: 0.722, lung_lesion__chx: 0.046, lung_opacity__chx: 0.343, no_finding__chx: 0.343, pleural_effusion__chx: 0.167, pleural_other__chx: 0.361, pneumonia__chx: 0.713, pneumothorax__chx: 0.843, support_devices__chx: 0.722
Epoch 90 | train loss -40133.0705 | val loss 1510.8426 | time 89.71s
  Train summary: macro-acc 0.583 | macro-F1 0.234 | micro-P 0.173 | micro-R 0.797 | micro-F1 0.284 | macro-PR 0.183 | micro-PR 0.187
  Val summary:   macro-acc 0.508 | macro-F1 0.161 | micro-P 0.162 | micro-R 0.636 | micro-F1 0.258 | macro-PR 0.235 | micro-PR 0.137
  Train accuracy per class:
    Normal: 0.474, CHF: 0.380, pneumonia: 0.326, consolidation: 0.814, enlarged_cardiac_silhouette: 0.299, linear__patchy_atelectasis: 0.737, lobar__segmental_collapse: 0.851, not_otherwise_specified_opacity___pleural__parenchymal_opacity__: 0.387, pleural_effusion_or_thickening: 0.682, pulmonary_edema__hazy_opacity: 0.629, normal_anatomically: 0.496, elevated_hemidiaphragm: 0.102, hyperaeration: 0.387, vascular_redistribution: 0.245, atelectasis__chx: 0.228, cardiomegaly__chx: 0.230, consolidation__chx: 0.096, edema__chx: 0.202, enlarged_cardiomediastinum__chx: 0.802, fracture__chx: 0.269, lung_lesion__chx: 0.095, lung_opacity__chx: 0.230, no_finding__chx: 0.524, pleural_effusion__chx: 0.220, pleural_other__chx: 0.077, pneumonia__chx: 0.751, pneumothorax__chx: 0.999, support_devices__chx: 0.173
  Val accuracy per class:
    Normal: 0.713, CHF: 0.426, pneumonia: 0.287, consolidation: 0.176, enlarged_cardiac_silhouette: 0.278, linear__patchy_atelectasis: 0.306, lobar__segmental_collapse: 0.185, not_otherwise_specified_opacity___pleural__parenchymal_opacity__: 0.454, pleural_effusion_or_thickening: 0.324, pulmonary_edema__hazy_opacity: 0.352, normal_anatomically: 0.704, elevated_hemidiaphragm: 0.000, hyperaeration: 0.769, vascular_redistribution: 1.000, atelectasis__chx: 0.898, cardiomegaly__chx: 0.843, consolidation__chx: 0.028, edema__chx: 0.139, enlarged_cardiomediastinum__chx: 0.000, fracture__chx: 0.991, lung_lesion__chx: 0.046, lung_opacity__chx: 0.231, no_finding__chx: 0.676, pleural_effusion__chx: 0.167, pleural_other__chx: 0.000, pneumonia__chx: 0.815, pneumothorax__chx: 1.000, support_devices__chx: 0.963
Epoch 91 | train loss -41006.0014 | val loss 1275.4050 | time 92.08s
  Train summary: macro-acc 0.586 | macro-F1 0.235 | micro-P 0.167 | micro-R 0.797 | micro-F1 0.277 | macro-PR 0.184 | micro-PR 0.186
  Val summary:   macro-acc 0.503 | macro-F1 0.162 | micro-P 0.160 | micro-R 0.644 | micro-F1 0.257 | macro-PR 0.241 | micro-PR 0.137
  Train accuracy per class:
    Normal: 0.485, CHF: 0.358, pneumonia: 0.326, consolidation: 0.149, enlarged_cardiac_silhouette: 0.297, linear__patchy_atelectasis: 0.722, lobar__segmental_collapse: 0.078, not_otherwise_specified_opacity___pleural__parenchymal_opacity__: 0.377, pleural_effusion_or_thickening: 0.716, pulmonary_edema__hazy_opacity: 0.582, normal_anatomically: 0.508, elevated_hemidiaphragm: 0.078, hyperaeration: 0.186, vascular_redistribution: 0.237, atelectasis__chx: 0.232, cardiomegaly__chx: 0.236, consolidation__chx: 0.836, edema__chx: 0.402, enlarged_cardiomediastinum__chx: 0.805, fracture__chx: 0.268, lung_lesion__chx: 0.099, lung_opacity__chx: 0.234, no_finding__chx: 0.526, pleural_effusion__chx: 0.223, pleural_other__chx: 0.090, pneumonia__chx: 0.826, pneumothorax__chx: 1.000, support_devices__chx: 0.173
  Val accuracy per class:
    Normal: 0.713, CHF: 0.426, pneumonia: 0.287, consolidation: 0.093, enlarged_cardiac_silhouette: 0.269, linear__patchy_atelectasis: 0.287, lobar__segmental_collapse: 0.009, not_otherwise_specified_opacity___pleural__parenchymal_opacity__: 0.454, pleural_effusion_or_thickening: 0.315, pulmonary_edema__hazy_opacity: 0.315, normal_anatomically: 0.704, elevated_hemidiaphragm: 0.000, hyperaeration: 0.333, vascular_redistribution: 1.000, atelectasis__chx: 0.898, cardiomegaly__chx: 0.843, consolidation__chx: 0.167, edema__chx: 0.463, enlarged_cardiomediastinum__chx: 0.000, fracture__chx: 0.991, lung_lesion__chx: 0.046, lung_opacity__chx: 0.231, no_finding__chx: 0.676, pleural_effusion__chx: 0.167, pleural_other__chx: 0.000, pneumonia__chx: 0.815, pneumothorax__chx: 1.000, support_devices__chx: 0.963
Epoch 92 | train loss -42326.2554 | val loss 367.1246 | time 90.93s
  Train summary: macro-acc 0.588 | macro-F1 0.245 | micro-P 0.188 | micro-R 0.808 | micro-F1 0.305 | macro-PR 0.184 | micro-PR 0.183
  Val summary:   macro-acc 0.531 | macro-F1 0.240 | micro-P 0.184 | micro-R 0.820 | micro-F1 0.300 | macro-PR 0.221 | micro-PR 0.146
  Train accuracy per class:
    Normal: 0.489, CHF: 0.368, pneumonia: 0.322, consolidation: 0.743, enlarged_cardiac_silhouette: 0.447, linear__patchy_atelectasis: 0.426, lobar__segmental_collapse: 0.780, not_otherwise_specified_opacity___pleural__parenchymal_opacity__: 0.410, pleural_effusion_or_thickening: 0.367, pulmonary_edema__hazy_opacity: 0.525, normal_anatomically: 0.499, elevated_hemidiaphragm: 0.073, hyperaeration: 0.391, vascular_redistribution: 0.240, atelectasis__chx: 0.230, cardiomegaly__chx: 0.260, consolidation__chx: 0.832, edema__chx: 0.302, enlarged_cardiomediastinum__chx: 0.809, fracture__chx: 0.290, lung_lesion__chx: 0.354, lung_opacity__chx: 0.251, no_finding__chx: 0.520, pleural_effusion__chx: 0.216, pleural_other__chx: 0.781, pneumonia__chx: 0.850, pneumothorax__chx: 0.995, support_devices__chx: 0.297
  Val accuracy per class:
    Normal: 0.296, CHF: 0.426, pneumonia: 0.315, consolidation: 0.435, enlarged_cardiac_silhouette: 0.454, linear__patchy_atelectasis: 0.241, lobar__segmental_collapse: 0.444, not_otherwise_specified_opacity___pleural__parenchymal_opacity__: 0.519, pleural_effusion_or_thickening: 0.315, pulmonary_edema__hazy_opacity: 0.509, normal_anatomically: 0.537, elevated_hemidiaphragm: 0.009, hyperaeration: 0.241, vascular_redistribution: 0.667, atelectasis__chx: 0.222, cardiomegaly__chx: 0.176, consolidation__chx: 0.889, edema__chx: 0.278, enlarged_cardiomediastinum__chx: 0.861, fracture__chx: 0.731, lung_lesion__chx: 0.056, lung_opacity__chx: 0.361, no_finding__chx: 0.333, pleural_effusion__chx: 0.167, pleural_other__chx: 0.352, pneumonia__chx: 0.676, pneumothorax__chx: 0.815, support_devices__chx: 0.731
Epoch 93 | train loss -43350.1273 | val loss 129.2148 | time 93.87s
  Train summary: macro-acc 0.588 | macro-F1 0.237 | micro-P 0.182 | micro-R 0.838 | micro-F1 0.299 | macro-PR 0.184 | micro-PR 0.183
  Val summary:   macro-acc 0.593 | macro-F1 0.252 | micro-P 0.185 | micro-R 0.873 | micro-F1 0.305 | macro-PR 0.224 | micro-PR 0.145
  Train accuracy per class:
    Normal: 0.493, CHF: 0.352, pneumonia: 0.326, consolidation: 0.426, enlarged_cardiac_silhouette: 0.268, linear__patchy_atelectasis: 0.251, lobar__segmental_collapse: 0.158, not_otherwise_specified_opacity___pleural__parenchymal_opacity__: 0.381, pleural_effusion_or_thickening: 0.288, pulmonary_edema__hazy_opacity: 0.555, normal_anatomically: 0.493, elevated_hemidiaphragm: 0.065, hyperaeration: 0.113, vascular_redistribution: 0.240, atelectasis__chx: 0.840, cardiomegaly__chx: 0.261, consolidation__chx: 0.723, edema__chx: 0.394, enlarged_cardiomediastinum__chx: 0.822, fracture__chx: 0.270, lung_lesion__chx: 0.104, lung_opacity__chx: 0.276, no_finding__chx: 0.521, pleural_effusion__chx: 0.215, pleural_other__chx: 0.471, pneumonia__chx: 0.768, pneumothorax__chx: 0.997, support_devices__chx: 0.949
  Val accuracy per class:
    Normal: 0.306, CHF: 0.426, pneumonia: 0.380, consolidation: 0.398, enlarged_cardiac_silhouette: 0.241, linear__patchy_atelectasis: 0.296, lobar__segmental_collapse: 0.259, not_otherwise_specified_opacity___pleural__parenchymal_opacity__: 0.500, pleural_effusion_or_thickening: 0.241, pulmonary_edema__hazy_opacity: 0.676, normal_anatomically: 0.315, elevated_hemidiaphragm: 0.074, hyperaeration: 0.102, vascular_redistribution: 0.083, atelectasis__chx: 0.722, cardiomegaly__chx: 0.157, consolidation__chx: 0.917, edema__chx: 0.417, enlarged_cardiomediastinum__chx: 1.000, fracture__chx: 0.546, lung_lesion__chx: 0.046, lung_opacity__chx: 0.380, no_finding__chx: 0.343, pleural_effusion__chx: 0.167, pleural_other__chx: 0.389, pneumonia__chx: 0.620, pneumothorax__chx: 0.694, support_devices__chx: 0.759
Epoch 94 | train loss -44590.5112 | val loss 150.2283 | time 91.21s
  Train summary: macro-acc 0.583 | macro-F1 0.235 | micro-P 0.179 | micro-R 0.710 | micro-F1 0.286 | macro-PR 0.188 | micro-PR 0.183
  Val summary:   macro-acc 0.512 | macro-F1 0.230 | micro-P 0.179 | micro-R 0.767 | micro-F1 0.291 | macro-PR 0.224 | micro-PR 0.154
  Train accuracy per class:
    Normal: 0.487, CHF: 0.479, pneumonia: 0.332, consolidation: 0.770, enlarged_cardiac_silhouette: 0.260, linear__patchy_atelectasis: 0.545, lobar__segmental_collapse: 0.586, not_otherwise_specified_opacity___pleural__parenchymal_opacity__: 0.515, pleural_effusion_or_thickening: 0.569, pulmonary_edema__hazy_opacity: 0.212, normal_anatomically: 0.501, elevated_hemidiaphragm: 0.055, hyperaeration: 0.402, vascular_redistribution: 0.243, atelectasis__chx: 0.301, cardiomegaly__chx: 0.245, consolidation__chx: 0.823, edema__chx: 0.574, enlarged_cardiomediastinum__chx: 0.827, fracture__chx: 0.281, lung_lesion__chx: 0.135, lung_opacity__chx: 0.591, no_finding__chx: 0.516, pleural_effusion__chx: 0.508, pleural_other__chx: 0.821, pneumonia__chx: 0.803, pneumothorax__chx: 0.999, support_devices__chx: 0.203
  Val accuracy per class:
    Normal: 0.352, CHF: 0.444, pneumonia: 0.287, consolidation: 0.398, enlarged_cardiac_silhouette: 0.241, linear__patchy_atelectasis: 0.306, lobar__segmental_collapse: 0.204, not_otherwise_specified_opacity___pleural__parenchymal_opacity__: 0.519, pleural_effusion_or_thickening: 0.333, pulmonary_edema__hazy_opacity: 0.167, normal_anatomically: 0.583, elevated_hemidiaphragm: 0.000, hyperaeration: 0.213, vascular_redistribution: 0.759, atelectasis__chx: 0.741, cardiomegaly__chx: 0.361, consolidation__chx: 0.852, edema__chx: 0.324, enlarged_cardiomediastinum__chx: 0.389, fracture__chx: 0.843, lung_lesion__chx: 0.046, lung_opacity__chx: 0.352, no_finding__chx: 0.574, pleural_effusion__chx: 0.250, pleural_other__chx: 0.370, pneumonia__chx: 0.796, pneumothorax__chx: 1.000, support_devices__chx: 0.713
Epoch 95 | train loss -45704.8586 | val loss 810.7886 | time 92.73s
  Train summary: macro-acc 0.585 | macro-F1 0.241 | micro-P 0.182 | micro-R 0.764 | micro-F1 0.294 | macro-PR 0.186 | micro-PR 0.181
  Val summary:   macro-acc 0.460 | macro-F1 0.174 | micro-P 0.167 | micro-R 0.622 | micro-F1 0.263 | macro-PR 0.239 | micro-PR 0.137
  Train accuracy per class:
    Normal: 0.489, CHF: 0.348, pneumonia: 0.319, consolidation: 0.818, enlarged_cardiac_silhouette: 0.408, linear__patchy_atelectasis: 0.204, lobar__segmental_collapse: 0.855, not_otherwise_specified_opacity___pleural__parenchymal_opacity__: 0.387, pleural_effusion_or_thickening: 0.666, pulmonary_edema__hazy_opacity: 0.546, normal_anatomically: 0.491, elevated_hemidiaphragm: 0.095, hyperaeration: 0.414, vascular_redistribution: 0.235, atelectasis__chx: 0.231, cardiomegaly__chx: 0.236, consolidation__chx: 0.078, edema__chx: 0.764, enlarged_cardiomediastinum__chx: 0.809, fracture__chx: 0.284, lung_lesion__chx: 0.106, lung_opacity__chx: 0.813, no_finding__chx: 0.503, pleural_effusion__chx: 0.216, pleural_other__chx: 0.830, pneumonia__chx: 0.782, pneumothorax__chx: 0.997, support_devices__chx: 0.194
  Val accuracy per class:
    Normal: 0.713, CHF: 0.426, pneumonia: 0.287, consolidation: 0.398, enlarged_cardiac_silhouette: 0.648, linear__patchy_atelectasis: 0.176, lobar__segmental_collapse: 0.204, not_otherwise_specified_opacity___pleural__parenchymal_opacity__: 0.454, pleural_effusion_or_thickening: 0.278, pulmonary_edema__hazy_opacity: 0.296, normal_anatomically: 0.704, elevated_hemidiaphragm: 0.000, hyperaeration: 0.574, vascular_redistribution: 1.000, atelectasis__chx: 0.898, cardiomegaly__chx: 0.741, consolidation__chx: 0.028, edema__chx: 0.361, enlarged_cardiomediastinum__chx: 0.000, fracture__chx: 0.991, lung_lesion__chx: 0.046, lung_opacity__chx: 0.333, no_finding__chx: 0.676, pleural_effusion__chx: 0.167, pleural_other__chx: 0.315, pneumonia__chx: 0.815, pneumothorax__chx: 1.000, support_devices__chx: 0.963
Epoch 96 | train loss -47006.0047 | val loss 1911.8294 | time 99.62s
  Train summary: macro-acc 0.594 | macro-F1 0.232 | micro-P 0.165 | micro-R 0.823 | micro-F1 0.275 | macro-PR 0.193 | micro-PR 0.185
  Val summary:   macro-acc 0.453 | macro-F1 0.163 | micro-P 0.160 | micro-R 0.658 | micro-F1 0.257 | macro-PR 0.243 | micro-PR 0.146
  Train accuracy per class:
    Normal: 0.488, CHF: 0.343, pneumonia: 0.327, consolidation: 0.150, enlarged_cardiac_silhouette: 0.270, linear__patchy_atelectasis: 0.219, lobar__segmental_collapse: 0.077, not_otherwise_specified_opacity___pleural__parenchymal_opacity__: 0.379, pleural_effusion_or_thickening: 0.272, pulmonary_edema__hazy_opacity: 0.749, normal_anatomically: 0.507, elevated_hemidiaphragm: 0.104, hyperaeration: 0.141, vascular_redistribution: 0.237, atelectasis__chx: 0.227, cardiomegaly__chx: 0.239, consolidation__chx: 0.086, edema__chx: 0.780, enlarged_cardiomediastinum__chx: 0.813, fracture__chx: 0.296, lung_lesion__chx: 0.079, lung_opacity__chx: 0.239, no_finding__chx: 0.524, pleural_effusion__chx: 0.694, pleural_other__chx: 0.106, pneumonia__chx: 0.830, pneumothorax__chx: 1.000, support_devices__chx: 0.199
  Val accuracy per class:
    Normal: 0.713, CHF: 0.426, pneumonia: 0.287, consolidation: 0.093, enlarged_cardiac_silhouette: 0.296, linear__patchy_atelectasis: 0.176, lobar__segmental_collapse: 0.009, not_otherwise_specified_opacity___pleural__parenchymal_opacity__: 0.454, pleural_effusion_or_thickening: 0.204, pulmonary_edema__hazy_opacity: 0.315, normal_anatomically: 0.704, elevated_hemidiaphragm: 0.000, hyperaeration: 0.426, vascular_redistribution: 1.000, atelectasis__chx: 0.898, cardiomegaly__chx: 0.843, consolidation__chx: 0.028, edema__chx: 0.296, enlarged_cardiomediastinum__chx: 0.000, fracture__chx: 0.991, lung_lesion__chx: 0.046, lung_opacity__chx: 0.231, no_finding__chx: 0.676, pleural_effusion__chx: 0.296, pleural_other__chx: 0.000, pneumonia__chx: 0.815, pneumothorax__chx: 1.000, support_devices__chx: 0.963
Epoch 97 | train loss -47920.1762 | val loss 293.2044 | time 91.80s
  Train summary: macro-acc 0.592 | macro-F1 0.242 | micro-P 0.191 | micro-R 0.780 | micro-F1 0.307 | macro-PR 0.180 | micro-PR 0.192
  Val summary:   macro-acc 0.543 | macro-F1 0.238 | micro-P 0.183 | micro-R 0.762 | micro-F1 0.295 | macro-PR 0.232 | micro-PR 0.166
  Train accuracy per class:
    Normal: 0.492, CHF: 0.356, pneumonia: 0.404, consolidation: 0.776, enlarged_cardiac_silhouette: 0.323, linear__patchy_atelectasis: 0.456, lobar__segmental_collapse: 0.794, not_otherwise_specified_opacity___pleural__parenchymal_opacity__: 0.383, pleural_effusion_or_thickening: 0.557, pulmonary_edema__hazy_opacity: 0.579, normal_anatomically: 0.505, elevated_hemidiaphragm: 0.092, hyperaeration: 0.446, vascular_redistribution: 0.252, atelectasis__chx: 0.342, cardiomegaly__chx: 0.241, consolidation__chx: 0.698, edema__chx: 0.456, enlarged_cardiomediastinum__chx: 0.805, fracture__chx: 0.293, lung_lesion__chx: 0.409, lung_opacity__chx: 0.446, no_finding__chx: 0.524, pleural_effusion__chx: 0.223, pleural_other__chx: 0.822, pneumonia__chx: 0.809, pneumothorax__chx: 1.000, support_devices__chx: 0.240
  Val accuracy per class:
    Normal: 0.324, CHF: 0.426, pneumonia: 0.343, consolidation: 0.435, enlarged_cardiac_silhouette: 0.620, linear__patchy_atelectasis: 0.250, lobar__segmental_collapse: 0.398, not_otherwise_specified_opacity___pleural__parenchymal_opacity__: 0.454, pleural_effusion_or_thickening: 0.333, pulmonary_edema__hazy_opacity: 0.667, normal_anatomically: 0.472, elevated_hemidiaphragm: 0.000, hyperaeration: 0.667, vascular_redistribution: 0.685, atelectasis__chx: 0.713, cardiomegaly__chx: 0.204, consolidation__chx: 0.361, edema__chx: 0.315, enlarged_cardiomediastinum__chx: 0.407, fracture__chx: 0.796, lung_lesion__chx: 0.065, lung_opacity__chx: 0.352, no_finding__chx: 0.528, pleural_effusion__chx: 0.167, pleural_other__chx: 0.370, pneumonia__chx: 0.731, pneumothorax__chx: 1.000, support_devices__chx: 0.741
Epoch 98 | train loss -49031.5552 | val loss 1334.7462 | time 90.87s
  Train summary: macro-acc 0.596 | macro-F1 0.235 | micro-P 0.168 | micro-R 0.748 | micro-F1 0.274 | macro-PR 0.178 | micro-PR 0.188
  Val summary:   macro-acc 0.478 | macro-F1 0.163 | micro-P 0.157 | micro-R 0.604 | micro-F1 0.250 | macro-PR 0.230 | micro-PR 0.136
  Train accuracy per class:
    Normal: 0.479, CHF: 0.400, pneumonia: 0.665, consolidation: 0.145, enlarged_cardiac_silhouette: 0.296, linear__patchy_atelectasis: 0.718, lobar__segmental_collapse: 0.855, not_otherwise_specified_opacity___pleural__parenchymal_opacity__: 0.387, pleural_effusion_or_thickening: 0.727, pulmonary_edema__hazy_opacity: 0.224, normal_anatomically: 0.479, elevated_hemidiaphragm: 0.100, hyperaeration: 0.604, vascular_redistribution: 0.244, atelectasis__chx: 0.236, cardiomegaly__chx: 0.255, consolidation__chx: 0.080, edema__chx: 0.206, enlarged_cardiomediastinum__chx: 0.805, fracture__chx: 0.297, lung_lesion__chx: 0.087, lung_opacity__chx: 0.243, no_finding__chx: 0.518, pleural_effusion__chx: 0.654, pleural_other__chx: 0.096, pneumonia__chx: 0.872, pneumothorax__chx: 0.999, support_devices__chx: 0.204
  Val accuracy per class:
    Normal: 0.713, CHF: 0.444, pneumonia: 0.343, consolidation: 0.093, enlarged_cardiac_silhouette: 0.630, linear__patchy_atelectasis: 0.306, lobar__segmental_collapse: 0.194, not_otherwise_specified_opacity___pleural__parenchymal_opacity__: 0.454, pleural_effusion_or_thickening: 0.657, pulmonary_edema__hazy_opacity: 0.167, normal_anatomically: 0.704, elevated_hemidiaphragm: 0.000, hyperaeration: 0.269, vascular_redistribution: 1.000, atelectasis__chx: 0.898, cardiomegaly__chx: 0.843, consolidation__chx: 0.028, edema__chx: 0.139, enlarged_cardiomediastinum__chx: 0.000, fracture__chx: 0.991, lung_lesion__chx: 0.046, lung_opacity__chx: 0.231, no_finding__chx: 0.676, pleural_effusion__chx: 0.269, pleural_other__chx: 0.000, pneumonia__chx: 0.815, pneumothorax__chx: 1.000, support_devices__chx: 0.963
Epoch 99 | train loss -50622.1594 | val loss 904.1394 | time 91.01s
  Train summary: macro-acc 0.590 | macro-F1 0.245 | micro-P 0.191 | micro-R 0.706 | micro-F1 0.301 | macro-PR 0.181 | micro-PR 0.185
  Val summary:   macro-acc 0.489 | macro-F1 0.179 | micro-P 0.168 | micro-R 0.662 | micro-F1 0.268 | macro-PR 0.227 | micro-PR 0.147
  Train accuracy per class:
    Normal: 0.484, CHF: 0.380, pneumonia: 0.673, consolidation: 0.788, enlarged_cardiac_silhouette: 0.338, linear__patchy_atelectasis: 0.682, lobar__segmental_collapse: 0.825, not_otherwise_specified_opacity___pleural__parenchymal_opacity__: 0.381, pleural_effusion_or_thickening: 0.673, pulmonary_edema__hazy_opacity: 0.650, normal_anatomically: 0.496, elevated_hemidiaphragm: 0.086, hyperaeration: 0.127, vascular_redistribution: 0.244, atelectasis__chx: 0.224, cardiomegaly__chx: 0.245, consolidation__chx: 0.834, edema__chx: 0.215, enlarged_cardiomediastinum__chx: 0.822, fracture__chx: 0.302, lung_lesion__chx: 0.792, lung_opacity__chx: 0.797, no_finding__chx: 0.528, pleural_effusion__chx: 0.207, pleural_other__chx: 0.856, pneumonia__chx: 0.822, pneumothorax__chx: 0.999, support_devices__chx: 0.210
  Val accuracy per class:
    Normal: 0.685, CHF: 0.454, pneumonia: 0.361, consolidation: 0.194, enlarged_cardiac_silhouette: 0.259, linear__patchy_atelectasis: 0.296, lobar__segmental_collapse: 0.296, not_otherwise_specified_opacity___pleural__parenchymal_opacity__: 0.454, pleural_effusion_or_thickening: 0.306, pulmonary_edema__hazy_opacity: 0.306, normal_anatomically: 0.704, elevated_hemidiaphragm: 0.000, hyperaeration: 0.102, vascular_redistribution: 1.000, atelectasis__chx: 0.861, cardiomegaly__chx: 0.778, consolidation__chx: 0.333, edema__chx: 0.194, enlarged_cardiomediastinum__chx: 0.000, fracture__chx: 0.991, lung_lesion__chx: 0.111, lung_opacity__chx: 0.315, no_finding__chx: 0.667, pleural_effusion__chx: 0.167, pleural_other__chx: 0.287, pneumonia__chx: 0.815, pneumothorax__chx: 1.000, support_devices__chx: 0.963
Epoch 100 | train loss -51847.8011 | val loss 1592.5157 | time 89.94s
  Train summary: macro-acc 0.593 | macro-F1 0.241 | micro-P 0.172 | micro-R 0.800 | micro-F1 0.283 | macro-PR 0.187 | micro-PR 0.193
  Val summary:   macro-acc 0.476 | macro-F1 0.156 | micro-P 0.158 | micro-R 0.624 | micro-F1 0.252 | macro-PR 0.233 | micro-PR 0.132
  Train accuracy per class:
    Normal: 0.499, CHF: 0.417, pneumonia: 0.335, consolidation: 0.819, enlarged_cardiac_silhouette: 0.314, linear__patchy_atelectasis: 0.745, lobar__segmental_collapse: 0.082, not_otherwise_specified_opacity___pleural__parenchymal_opacity__: 0.388, pleural_effusion_or_thickening: 0.272, pulmonary_edema__hazy_opacity: 0.712, normal_anatomically: 0.505, elevated_hemidiaphragm: 0.062, hyperaeration: 0.798, vascular_redistribution: 0.240, atelectasis__chx: 0.215, cardiomegaly__chx: 0.248, consolidation__chx: 0.096, edema__chx: 0.206, enlarged_cardiomediastinum__chx: 0.805, fracture__chx: 0.297, lung_lesion__chx: 0.078, lung_opacity__chx: 0.245, no_finding__chx: 0.533, pleural_effusion__chx: 0.454, pleural_other__chx: 0.113, pneumonia__chx: 0.842, pneumothorax__chx: 1.000, support_devices__chx: 0.210
  Val accuracy per class:
    Normal: 0.713, CHF: 0.444, pneumonia: 0.287, consolidation: 0.333, enlarged_cardiac_silhouette: 0.278, linear__patchy_atelectasis: 0.269, lobar__segmental_collapse: 0.009, not_otherwise_specified_opacity___pleural__parenchymal_opacity__: 0.454, pleural_effusion_or_thickening: 0.204, pulmonary_edema__hazy_opacity: 0.306, normal_anatomically: 0.704, elevated_hemidiaphragm: 0.000, hyperaeration: 0.231, vascular_redistribution: 1.000, atelectasis__chx: 0.898, cardiomegaly__chx: 0.843, consolidation__chx: 0.028, edema__chx: 0.630, enlarged_cardiomediastinum__chx: 0.000, fracture__chx: 0.991, lung_lesion__chx: 0.046, lung_opacity__chx: 0.231, no_finding__chx: 0.676, pleural_effusion__chx: 0.222, pleural_other__chx: 0.000, pneumonia__chx: 0.815, pneumothorax__chx: 1.000, support_devices__chx: 0.963

Evaluating on test set...
Test loss -594.2093 over 217 batches
Test summary:   macro-acc 0.480 | macro-F1 0.153 | micro-P 0.151 | micro-R 0.632 | micro-F1 0.244 | macro-PR 0.165 | micro-PR 0.145
Test accuracy per class:
  Normal: 0.677, CHF: 0.332, pneumonia: 0.346, consolidation: 0.115, enlarged_cardiac_silhouette: 0.221, linear__patchy_atelectasis: 0.198, lobar__segmental_collapse: 0.009, not_otherwise_specified_opacity___pleural__parenchymal_opacity__: 0.410, pleural_effusion_or_thickening: 0.203, pulmonary_edema__hazy_opacity: 0.161, normal_anatomically: 0.650, elevated_hemidiaphragm: 0.009, hyperaeration: 0.046, vascular_redistribution: 0.977, atelectasis__chx: 0.931, cardiomegaly__chx: 0.880, consolidation__chx: 0.037, edema__chx: 0.714, enlarged_cardiomediastinum__chx: 0.009, fracture__chx: 0.995, lung_lesion__chx: 0.041, lung_opacity__chx: 0.300, no_finding__chx: 0.641, pleural_effusion__chx: 0.124, pleural_other__chx: 0.014, pneumonia__chx: 0.825, pneumothorax__chx: 0.995, support_devices__chx: 0.986
  Checkpoint saved to /project/hnguyen2/mvu9/folder_04_ma/gaze-01/runs/st2/checkpoints_pretrained/20251027-013614_last.pt

Best validation checkpoint: /project/hnguyen2/mvu9/folder_04_ma/gaze-01/runs/st2/checkpoints_pretrained/20251027-013614_best.pt
Final checkpoint: /project/hnguyen2/mvu9/folder_04_ma/gaze-01/runs/st2/checkpoints_pretrained/20251027-013614_last.pt
Finished ST2 pretrained (all modalities) at: Mon Oct 27 04:07:25 AM CDT 2025
Done
