Starting ST2 (image+bbox+seg+text+gaze) at: Mon Oct 27 02:21:41 AM CDT 2025

Loading configuration from: config_v2/st2_image_bbox_seg_text.yaml
{
    "dataset_name": "egd-cxr",
    "input_path": {
        "gaze_raw": "/project/hnguyen2/mvu9/datasets/gaze_data/physionet.org/files/egd-cxr/1.0.0",
        "dicom_raw": "/project/hnguyen2/mvu9/datasets/gaze_data/egd-cxr/dicom_raw",
        "segmentation_dir": "/project/hnguyen2/mvu9/datasets/gaze_data/physionet.org/files/egd-cxr/1.0.0/audio_segmentation_transcripts",
        "transcripts_dir": "/project/hnguyen2/mvu9/datasets/gaze_data/egd-cxr/transcripts"
    },
    "output_path": {
        "base_plots_dir": "plots"
    },
    "split_files": {
        "dir": "config/splits"
    },
    "train": {
        "batch_size": 48,
        "epochs": 100,
        "lr": 0.0002,
        "weight_decay": 0.00025,
        "max_fixations": 80,
        "txt_dim": 256,
        "enc_dim": 256,
        "max_decode_len": 64,
        "num_workers": 4,
        "seed": 123,
        "checkpoint_dir": "runs/st2/checkpoints_image_bbox_seg_text",
        "use_bbox": true,
        "use_seg": true,
        "use_image": true,
        "use_text": true,
        "use_gaze": true,
        "encoder_dropout": 0.1,
        "label_dropout": 0.2,
        "pretrained_image": true,
        "lambda_text": 0.1,
        "lambda_speak": 0.1,
        "use_pos_weight": true,
        "tune_thresholds": true,
        "pos_weight_clip": 25.0,
        "use_logit_adjust": true
    }
}
Using device: cuda
Data splits - Train: 758, Val: 108, Test: 217
Loading training dataset...
EGDCXRDataset ready: 758 cases | regions=4 | bbox_classes=17
Loading validation dataset...
EGDCXRDataset ready: 108 cases | regions=4 | bbox_classes=17
Loading test dataset...
EGDCXRDataset ready: 217 cases | regions=4 | bbox_classes=17
Creating data loaders...
Estimating label statistics from training data...
  pos_weight mean 7.20 | min 1.24 | max 25.00
  logit adjustment mean -2.947 | median -2.999
Building model and vocabulary...
Model created with 12659921 parameters
Vocabulary size: 756
Training on 28 disease classes: ['Normal', 'CHF', 'pneumonia', 'consolidation', 'enlarged_cardiac_silhouette', 'linear__patchy_atelectasis', 'lobar__segmental_collapse', 'not_otherwise_specified_opacity___pleural__parenchymal_opacity__', 'pleural_effusion_or_thickening', 'pulmonary_edema__hazy_opacity', 'normal_anatomically', 'elevated_hemidiaphragm', 'hyperaeration', 'vascular_redistribution', 'atelectasis__chx', 'cardiomegaly__chx', 'consolidation__chx', 'edema__chx', 'enlarged_cardiomediastinum__chx', 'fracture__chx', 'lung_lesion__chx', 'lung_opacity__chx', 'no_finding__chx', 'pleural_effusion__chx', 'pleural_other__chx', 'pneumonia__chx', 'pneumothorax__chx', 'support_devices__chx']

Starting training for 100 epochs...
  Checkpoint saved to /project/hnguyen2/mvu9/folder_04_ma/gaze-01/runs/st2/checkpoints_image_bbox_seg_text/20251027-022803_best.pt
Epoch 01 | train loss 1.2623 | val loss 1.1527 | time 92.83s
  Train summary: macro-acc 0.189 | macro-F1 0.219 | micro-P 0.140 | micro-R 0.847 | micro-F1 0.241 | macro-PR 0.148 | micro-PR 0.083
  Val summary:   macro-acc 0.222 | macro-F1 0.262 | micro-P 0.159 | micro-R 0.891 | micro-F1 0.269 | macro-PR 0.245 | micro-PR 0.088
  Train accuracy per class:
    Normal: 0.342, CHF: 0.323, pneumonia: 0.387, consolidation: 0.125, enlarged_cardiac_silhouette: 0.202, linear__patchy_atelectasis: 0.179, lobar__segmental_collapse: 0.381, not_otherwise_specified_opacity___pleural__parenchymal_opacity__: 0.434, pleural_effusion_or_thickening: 0.451, pulmonary_edema__hazy_opacity: 0.343, normal_anatomically: 0.416, elevated_hemidiaphragm: 0.008, hyperaeration: 0.237, vascular_redistribution: 0.017, atelectasis__chx: 0.544, cardiomegaly__chx: 0.120, consolidation__chx: 0.040, edema__chx: 0.121, enlarged_cardiomediastinum__chx: 0.007, fracture__chx: 0.005, lung_lesion__chx: 0.038, lung_opacity__chx: 0.235, no_finding__chx: 0.373, pleural_effusion__chx: 0.778, pleural_other__chx: 0.015, pneumonia__chx: 0.160, pneumothorax__chx: 0.000, support_devices__chx: 0.009
  Val accuracy per class:
    Normal: 0.287, CHF: 0.426, pneumonia: 0.630, consolidation: 0.102, enlarged_cardiac_silhouette: 0.269, linear__patchy_atelectasis: 0.176, lobar__segmental_collapse: 0.981, not_otherwise_specified_opacity___pleural__parenchymal_opacity__: 0.472, pleural_effusion_or_thickening: 0.519, pulmonary_edema__hazy_opacity: 0.463, normal_anatomically: 0.519, elevated_hemidiaphragm: 0.000, hyperaeration: 0.472, vascular_redistribution: 0.000, atelectasis__chx: 0.380, cardiomegaly__chx: 0.157, consolidation__chx: 0.065, edema__chx: 0.139, enlarged_cardiomediastinum__chx: 0.000, fracture__chx: 0.046, lung_lesion__chx: 0.074, lung_opacity__chx: 0.231, no_finding__chx: 0.352, pleural_effusion__chx: 0.778, pleural_other__chx: 0.102, pneumonia__chx: 0.194, pneumothorax__chx: 0.000, support_devices__chx: 0.037
  Val threshold stats | median 0.250 | pos-rate@0.50 0.845 | pos-rate@thr 0.835
  Checkpoint saved to /project/hnguyen2/mvu9/folder_04_ma/gaze-01/runs/st2/checkpoints_image_bbox_seg_text/20251027-022803_best.pt
Epoch 02 | train loss 0.6806 | val loss 0.9428 | time 91.61s
  Train summary: macro-acc 0.219 | macro-F1 0.211 | micro-P 0.152 | micro-R 0.776 | micro-F1 0.254 | macro-PR 0.177 | micro-PR 0.088
  Val summary:   macro-acc 0.201 | macro-F1 0.262 | micro-P 0.169 | micro-R 0.869 | micro-F1 0.282 | macro-PR 0.256 | micro-PR 0.088
  Train accuracy per class:
    Normal: 0.372, CHF: 0.323, pneumonia: 0.434, consolidation: 0.178, enlarged_cardiac_silhouette: 0.371, linear__patchy_atelectasis: 0.179, lobar__segmental_collapse: 0.442, not_otherwise_specified_opacity___pleural__parenchymal_opacity__: 0.416, pleural_effusion_or_thickening: 0.335, pulmonary_edema__hazy_opacity: 0.777, normal_anatomically: 0.423, elevated_hemidiaphragm: 0.008, hyperaeration: 0.740, vascular_redistribution: 0.017, atelectasis__chx: 0.637, cardiomegaly__chx: 0.289, consolidation__chx: 0.117, edema__chx: 0.328, enlarged_cardiomediastinum__chx: 0.007, fracture__chx: 0.020, lung_lesion__chx: 0.933, lung_opacity__chx: 0.235, no_finding__chx: 0.400, pleural_effusion__chx: 0.736, pleural_other__chx: 0.251, pneumonia__chx: 0.367, pneumothorax__chx: 0.000, support_devices__chx: 0.162
  Val accuracy per class:
    Normal: 0.370, CHF: 0.426, pneumonia: 0.324, consolidation: 0.111, enlarged_cardiac_silhouette: 0.259, linear__patchy_atelectasis: 0.176, lobar__segmental_collapse: 0.620, not_otherwise_specified_opacity___pleural__parenchymal_opacity__: 0.509, pleural_effusion_or_thickening: 0.231, pulmonary_edema__hazy_opacity: 0.741, normal_anatomically: 0.426, elevated_hemidiaphragm: 0.000, hyperaeration: 0.676, vascular_redistribution: 0.000, atelectasis__chx: 0.472, cardiomegaly__chx: 0.185, consolidation__chx: 0.111, edema__chx: 0.500, enlarged_cardiomediastinum__chx: 0.000, fracture__chx: 0.046, lung_lesion__chx: 0.935, lung_opacity__chx: 0.231, no_finding__chx: 0.417, pleural_effusion__chx: 0.806, pleural_other__chx: 0.194, pneumonia__chx: 0.685, pneumothorax__chx: 0.000, support_devices__chx: 0.148
  Val threshold stats | median 0.500 | pos-rate@0.50 0.890 | pos-rate@thr 0.767
Epoch 03 | train loss 0.3125 | val loss 1.0054 | time 89.27s
  Train summary: macro-acc 0.217 | macro-F1 0.229 | micro-P 0.153 | micro-R 0.862 | micro-F1 0.260 | macro-PR 0.175 | micro-PR 0.088
  Val summary:   macro-acc 0.207 | macro-F1 0.244 | micro-P 0.157 | micro-R 0.924 | micro-F1 0.268 | macro-PR 0.220 | micro-PR 0.087
  Train accuracy per class:
    Normal: 0.364, CHF: 0.323, pneumonia: 0.369, consolidation: 0.512, enlarged_cardiac_silhouette: 0.203, linear__patchy_atelectasis: 0.187, lobar__segmental_collapse: 0.421, not_otherwise_specified_opacity___pleural__parenchymal_opacity__: 0.405, pleural_effusion_or_thickening: 0.292, pulmonary_edema__hazy_opacity: 0.707, normal_anatomically: 0.384, elevated_hemidiaphragm: 0.008, hyperaeration: 0.102, vascular_redistribution: 0.017, atelectasis__chx: 0.487, cardiomegaly__chx: 0.120, consolidation__chx: 0.244, edema__chx: 0.170, enlarged_cardiomediastinum__chx: 0.007, fracture__chx: 0.007, lung_lesion__chx: 0.360, lung_opacity__chx: 0.235, no_finding__chx: 0.375, pleural_effusion__chx: 0.545, pleural_other__chx: 0.273, pneumonia__chx: 0.753, pneumothorax__chx: 0.000, support_devices__chx: 0.144
  Val accuracy per class:
    Normal: 0.296, CHF: 0.426, pneumonia: 0.324, consolidation: 0.213, enlarged_cardiac_silhouette: 0.241, linear__patchy_atelectasis: 0.194, lobar__segmental_collapse: 0.278, not_otherwise_specified_opacity___pleural__parenchymal_opacity__: 0.463, pleural_effusion_or_thickening: 0.278, pulmonary_edema__hazy_opacity: 0.620, normal_anatomically: 0.306, elevated_hemidiaphragm: 0.000, hyperaeration: 0.111, vascular_redistribution: 0.000, atelectasis__chx: 0.630, cardiomegaly__chx: 0.157, consolidation__chx: 0.157, edema__chx: 0.148, enlarged_cardiomediastinum__chx: 0.000, fracture__chx: 0.046, lung_lesion__chx: 0.083, lung_opacity__chx: 0.231, no_finding__chx: 0.324, pleural_effusion__chx: 0.667, pleural_other__chx: 0.019, pneumonia__chx: 0.704, pneumothorax__chx: 0.000, support_devices__chx: 0.083
  Val threshold stats | median 0.350 | pos-rate@0.50 0.870 | pos-rate@thr 0.876
Epoch 04 | train loss -0.1960 | val loss 1.2090 | time 87.90s
  Train summary: macro-acc 0.211 | macro-F1 0.232 | micro-P 0.149 | micro-R 0.816 | micro-F1 0.252 | macro-PR 0.208 | micro-PR 0.088
  Val summary:   macro-acc 0.212 | macro-F1 0.245 | micro-P 0.161 | micro-R 0.882 | micro-F1 0.272 | macro-PR 0.222 | micro-PR 0.089
  Train accuracy per class:
    Normal: 0.342, CHF: 0.323, pneumonia: 0.420, consolidation: 0.493, enlarged_cardiac_silhouette: 0.310, linear__patchy_atelectasis: 0.537, lobar__segmental_collapse: 0.028, not_otherwise_specified_opacity___pleural__parenchymal_opacity__: 0.396, pleural_effusion_or_thickening: 0.504, pulmonary_edema__hazy_opacity: 0.720, normal_anatomically: 0.351, elevated_hemidiaphragm: 0.008, hyperaeration: 0.040, vascular_redistribution: 0.017, atelectasis__chx: 0.253, cardiomegaly__chx: 0.551, consolidation__chx: 0.186, edema__chx: 0.121, enlarged_cardiomediastinum__chx: 0.007, fracture__chx: 0.012, lung_lesion__chx: 0.273, lung_opacity__chx: 0.285, no_finding__chx: 0.396, pleural_effusion__chx: 0.292, pleural_other__chx: 0.493, pneumonia__chx: 0.854, pneumothorax__chx: 0.000, support_devices__chx: 0.083
  Val accuracy per class:
    Normal: 0.287, CHF: 0.426, pneumonia: 0.361, consolidation: 0.583, enlarged_cardiac_silhouette: 0.259, linear__patchy_atelectasis: 0.519, lobar__segmental_collapse: 0.093, not_otherwise_specified_opacity___pleural__parenchymal_opacity__: 0.454, pleural_effusion_or_thickening: 0.556, pulmonary_edema__hazy_opacity: 0.620, normal_anatomically: 0.296, elevated_hemidiaphragm: 0.000, hyperaeration: 0.102, vascular_redistribution: 0.000, atelectasis__chx: 0.352, cardiomegaly__chx: 0.546, consolidation__chx: 0.185, edema__chx: 0.139, enlarged_cardiomediastinum__chx: 0.000, fracture__chx: 0.074, lung_lesion__chx: 0.231, lung_opacity__chx: 0.241, no_finding__chx: 0.370, pleural_effusion__chx: 0.509, pleural_other__chx: 0.333, pneumonia__chx: 0.778, pneumothorax__chx: 0.000, support_devices__chx: 0.046
  Val threshold stats | median 0.500 | pos-rate@0.50 0.887 | pos-rate@thr 0.815
Epoch 05 | train loss -1.1012 | val loss 1.1186 | time 88.86s
  Train summary: macro-acc 0.215 | macro-F1 0.239 | micro-P 0.152 | micro-R 0.848 | micro-F1 0.258 | macro-PR 0.167 | micro-PR 0.088
  Val summary:   macro-acc 0.196 | macro-F1 0.245 | micro-P 0.159 | micro-R 0.907 | micro-F1 0.270 | macro-PR 0.214 | micro-PR 0.087
  Train accuracy per class:
    Normal: 0.509, CHF: 0.323, pneumonia: 0.368, consolidation: 0.528, enlarged_cardiac_silhouette: 0.203, linear__patchy_atelectasis: 0.235, lobar__segmental_collapse: 0.024, not_otherwise_specified_opacity___pleural__parenchymal_opacity__: 0.396, pleural_effusion_or_thickening: 0.303, pulmonary_edema__hazy_opacity: 0.660, normal_anatomically: 0.351, elevated_hemidiaphragm: 0.008, hyperaeration: 0.120, vascular_redistribution: 0.017, atelectasis__chx: 0.257, cardiomegaly__chx: 0.120, consolidation__chx: 0.377, edema__chx: 0.121, enlarged_cardiomediastinum__chx: 0.007, fracture__chx: 0.030, lung_lesion__chx: 0.512, lung_opacity__chx: 0.235, no_finding__chx: 0.521, pleural_effusion__chx: 0.194, pleural_other__chx: 0.483, pneumonia__chx: 0.875, pneumothorax__chx: 0.000, support_devices__chx: 0.397
  Val accuracy per class:
    Normal: 0.426, CHF: 0.426, pneumonia: 0.361, consolidation: 0.704, enlarged_cardiac_silhouette: 0.241, linear__patchy_atelectasis: 0.269, lobar__segmental_collapse: 0.028, not_otherwise_specified_opacity___pleural__parenchymal_opacity__: 0.454, pleural_effusion_or_thickening: 0.222, pulmonary_edema__hazy_opacity: 0.593, normal_anatomically: 0.296, elevated_hemidiaphragm: 0.000, hyperaeration: 0.157, vascular_redistribution: 0.000, atelectasis__chx: 0.204, cardiomegaly__chx: 0.157, consolidation__chx: 0.231, edema__chx: 0.139, enlarged_cardiomediastinum__chx: 0.000, fracture__chx: 0.028, lung_lesion__chx: 0.241, lung_opacity__chx: 0.231, no_finding__chx: 0.620, pleural_effusion__chx: 0.194, pleural_other__chx: 0.222, pneumonia__chx: 0.722, pneumothorax__chx: 0.000, support_devices__chx: 0.444
  Val threshold stats | median 0.450 | pos-rate@0.50 0.903 | pos-rate@thr 0.849
Epoch 06 | train loss -2.3485 | val loss 1.2607 | time 90.15s
  Train summary: macro-acc 0.237 | macro-F1 0.236 | micro-P 0.149 | micro-R 0.868 | micro-F1 0.254 | macro-PR 0.164 | micro-PR 0.092
  Val summary:   macro-acc 0.221 | macro-F1 0.241 | micro-P 0.154 | micro-R 0.913 | micro-F1 0.263 | macro-PR 0.222 | micro-PR 0.088
  Train accuracy per class:
    Normal: 0.499, CHF: 0.323, pneumonia: 0.359, consolidation: 0.417, enlarged_cardiac_silhouette: 0.203, linear__patchy_atelectasis: 0.194, lobar__segmental_collapse: 0.083, not_otherwise_specified_opacity___pleural__parenchymal_opacity__: 0.396, pleural_effusion_or_thickening: 0.449, pulmonary_edema__hazy_opacity: 0.813, normal_anatomically: 0.351, elevated_hemidiaphragm: 0.008, hyperaeration: 0.351, vascular_redistribution: 0.017, atelectasis__chx: 0.095, cardiomegaly__chx: 0.120, consolidation__chx: 0.091, edema__chx: 0.121, enlarged_cardiomediastinum__chx: 0.007, fracture__chx: 0.004, lung_lesion__chx: 0.350, lung_opacity__chx: 0.235, no_finding__chx: 0.517, pleural_effusion__chx: 0.231, pleural_other__chx: 0.005, pneumonia__chx: 0.799, pneumothorax__chx: 0.000, support_devices__chx: 0.210
  Val accuracy per class:
    Normal: 0.370, CHF: 0.426, pneumonia: 0.324, consolidation: 0.333, enlarged_cardiac_silhouette: 0.241, linear__patchy_atelectasis: 0.269, lobar__segmental_collapse: 0.083, not_otherwise_specified_opacity___pleural__parenchymal_opacity__: 0.454, pleural_effusion_or_thickening: 0.213, pulmonary_edema__hazy_opacity: 0.713, normal_anatomically: 0.296, elevated_hemidiaphragm: 0.000, hyperaeration: 0.111, vascular_redistribution: 0.000, atelectasis__chx: 0.139, cardiomegaly__chx: 0.157, consolidation__chx: 0.204, edema__chx: 0.139, enlarged_cardiomediastinum__chx: 0.000, fracture__chx: 0.019, lung_lesion__chx: 0.250, lung_opacity__chx: 0.231, no_finding__chx: 0.620, pleural_effusion__chx: 0.231, pleural_other__chx: 0.000, pneumonia__chx: 0.824, pneumothorax__chx: 0.000, support_devices__chx: 0.056
  Val threshold stats | median 0.300 | pos-rate@0.50 0.857 | pos-rate@thr 0.884
Epoch 07 | train loss -4.1108 | val loss 1.3852 | time 88.09s
  Train summary: macro-acc 0.246 | macro-F1 0.232 | micro-P 0.155 | micro-R 0.795 | micro-F1 0.260 | macro-PR 0.170 | micro-PR 0.098
  Val summary:   macro-acc 0.199 | macro-F1 0.251 | micro-P 0.157 | micro-R 0.887 | micro-F1 0.267 | macro-PR 0.230 | micro-PR 0.086
  Train accuracy per class:
    Normal: 0.500, CHF: 0.323, pneumonia: 0.460, consolidation: 0.358, enlarged_cardiac_silhouette: 0.204, linear__patchy_atelectasis: 0.650, lobar__segmental_collapse: 0.127, not_otherwise_specified_opacity___pleural__parenchymal_opacity__: 0.396, pleural_effusion_or_thickening: 0.237, pulmonary_edema__hazy_opacity: 0.730, normal_anatomically: 0.351, elevated_hemidiaphragm: 0.008, hyperaeration: 0.488, vascular_redistribution: 0.017, atelectasis__chx: 0.615, cardiomegaly__chx: 0.553, consolidation__chx: 0.201, edema__chx: 0.204, enlarged_cardiomediastinum__chx: 0.007, fracture__chx: 0.004, lung_lesion__chx: 0.565, lung_opacity__chx: 0.235, no_finding__chx: 0.478, pleural_effusion__chx: 0.294, pleural_other__chx: 0.321, pneumonia__chx: 0.794, pneumothorax__chx: 0.000, support_devices__chx: 0.479
  Val accuracy per class:
    Normal: 0.630, CHF: 0.426, pneumonia: 0.315, consolidation: 0.102, enlarged_cardiac_silhouette: 0.241, linear__patchy_atelectasis: 0.602, lobar__segmental_collapse: 0.046, not_otherwise_specified_opacity___pleural__parenchymal_opacity__: 0.454, pleural_effusion_or_thickening: 0.204, pulmonary_edema__hazy_opacity: 0.630, normal_anatomically: 0.296, elevated_hemidiaphragm: 0.000, hyperaeration: 0.111, vascular_redistribution: 0.000, atelectasis__chx: 0.676, cardiomegaly__chx: 0.509, consolidation__chx: 0.102, edema__chx: 0.148, enlarged_cardiomediastinum__chx: 0.000, fracture__chx: 0.009, lung_lesion__chx: 0.269, lung_opacity__chx: 0.231, no_finding__chx: 0.546, pleural_effusion__chx: 0.204, pleural_other__chx: 0.056, pneumonia__chx: 0.778, pneumothorax__chx: 0.000, support_devices__chx: 0.167
  Val threshold stats | median 0.450 | pos-rate@0.50 0.906 | pos-rate@thr 0.838
Epoch 08 | train loss -6.0005 | val loss 1.8856 | time 90.06s
  Train summary: macro-acc 0.258 | macro-F1 0.228 | micro-P 0.151 | micro-R 0.758 | micro-F1 0.252 | macro-PR 0.161 | micro-PR 0.103
  Val summary:   macro-acc 0.212 | macro-F1 0.239 | micro-P 0.161 | micro-R 0.878 | micro-F1 0.272 | macro-PR 0.236 | micro-PR 0.087
  Train accuracy per class:
    Normal: 0.450, CHF: 0.325, pneumonia: 0.485, consolidation: 0.414, enlarged_cardiac_silhouette: 0.204, linear__patchy_atelectasis: 0.604, lobar__segmental_collapse: 0.157, not_otherwise_specified_opacity___pleural__parenchymal_opacity__: 0.394, pleural_effusion_or_thickening: 0.512, pulmonary_edema__hazy_opacity: 0.516, normal_anatomically: 0.351, elevated_hemidiaphragm: 0.008, hyperaeration: 0.040, vascular_redistribution: 0.017, atelectasis__chx: 0.489, cardiomegaly__chx: 0.561, consolidation__chx: 0.496, edema__chx: 0.121, enlarged_cardiomediastinum__chx: 0.007, fracture__chx: 0.062, lung_lesion__chx: 0.480, lung_opacity__chx: 0.368, no_finding__chx: 0.512, pleural_effusion__chx: 0.372, pleural_other__chx: 0.455, pneumonia__chx: 0.756, pneumothorax__chx: 0.000, support_devices__chx: 0.565
  Val accuracy per class:
    Normal: 0.435, CHF: 0.426, pneumonia: 0.417, consolidation: 0.407, enlarged_cardiac_silhouette: 0.241, linear__patchy_atelectasis: 0.472, lobar__segmental_collapse: 0.037, not_otherwise_specified_opacity___pleural__parenchymal_opacity__: 0.454, pleural_effusion_or_thickening: 0.222, pulmonary_edema__hazy_opacity: 0.417, normal_anatomically: 0.296, elevated_hemidiaphragm: 0.000, hyperaeration: 0.102, vascular_redistribution: 0.000, atelectasis__chx: 0.481, cardiomegaly__chx: 0.620, consolidation__chx: 0.370, edema__chx: 0.139, enlarged_cardiomediastinum__chx: 0.000, fracture__chx: 0.046, lung_lesion__chx: 0.370, lung_opacity__chx: 0.250, no_finding__chx: 0.565, pleural_effusion__chx: 0.315, pleural_other__chx: 0.148, pneumonia__chx: 0.787, pneumothorax__chx: 0.000, support_devices__chx: 0.417
  Val threshold stats | median 0.550 | pos-rate@0.50 0.882 | pos-rate@thr 0.811
Epoch 09 | train loss -8.6650 | val loss 1.4198 | time 90.18s
  Train summary: macro-acc 0.289 | macro-F1 0.229 | micro-P 0.155 | micro-R 0.804 | micro-F1 0.260 | macro-PR 0.157 | micro-PR 0.109
  Val summary:   macro-acc 0.197 | macro-F1 0.244 | micro-P 0.153 | micro-R 0.898 | micro-F1 0.261 | macro-PR 0.241 | micro-PR 0.084
  Train accuracy per class:
    Normal: 0.468, CHF: 0.322, pneumonia: 0.339, consolidation: 0.507, enlarged_cardiac_silhouette: 0.207, linear__patchy_atelectasis: 0.542, lobar__segmental_collapse: 0.020, not_otherwise_specified_opacity___pleural__parenchymal_opacity__: 0.401, pleural_effusion_or_thickening: 0.236, pulmonary_edema__hazy_opacity: 0.642, normal_anatomically: 0.354, elevated_hemidiaphragm: 0.008, hyperaeration: 0.637, vascular_redistribution: 0.018, atelectasis__chx: 0.104, cardiomegaly__chx: 0.536, consolidation__chx: 0.034, edema__chx: 0.128, enlarged_cardiomediastinum__chx: 0.007, fracture__chx: 0.464, lung_lesion__chx: 0.675, lung_opacity__chx: 0.489, no_finding__chx: 0.493, pleural_effusion__chx: 0.169, pleural_other__chx: 0.299, pneumonia__chx: 0.768, pneumothorax__chx: 0.001, support_devices__chx: 0.558
  Val accuracy per class:
    Normal: 0.370, CHF: 0.426, pneumonia: 0.287, consolidation: 0.398, enlarged_cardiac_silhouette: 0.241, linear__patchy_atelectasis: 0.287, lobar__segmental_collapse: 0.009, not_otherwise_specified_opacity___pleural__parenchymal_opacity__: 0.454, pleural_effusion_or_thickening: 0.204, pulmonary_edema__hazy_opacity: 0.833, normal_anatomically: 0.296, elevated_hemidiaphragm: 0.000, hyperaeration: 0.148, vascular_redistribution: 0.000, atelectasis__chx: 0.102, cardiomegaly__chx: 0.519, consolidation__chx: 0.028, edema__chx: 0.139, enlarged_cardiomediastinum__chx: 0.000, fracture__chx: 0.046, lung_lesion__chx: 0.315, lung_opacity__chx: 0.343, no_finding__chx: 0.620, pleural_effusion__chx: 0.167, pleural_other__chx: 0.046, pneumonia__chx: 0.546, pneumothorax__chx: 0.000, support_devices__chx: 0.046
  Val threshold stats | median 0.050 | pos-rate@0.50 0.902 | pos-rate@thr 0.873
Epoch 10 | train loss -11.9280 | val loss 1.0893 | time 87.90s
  Train summary: macro-acc 0.313 | macro-F1 0.222 | micro-P 0.152 | micro-R 0.710 | micro-F1 0.250 | macro-PR 0.163 | micro-PR 0.125
  Val summary:   macro-acc 0.204 | macro-F1 0.249 | micro-P 0.158 | micro-R 0.849 | micro-F1 0.267 | macro-PR 0.240 | micro-PR 0.085
  Train accuracy per class:
    Normal: 0.495, CHF: 0.330, pneumonia: 0.479, consolidation: 0.500, enlarged_cardiac_silhouette: 0.219, linear__patchy_atelectasis: 0.553, lobar__segmental_collapse: 0.476, not_otherwise_specified_opacity___pleural__parenchymal_opacity__: 0.398, pleural_effusion_or_thickening: 0.247, pulmonary_edema__hazy_opacity: 0.555, normal_anatomically: 0.467, elevated_hemidiaphragm: 0.011, hyperaeration: 0.055, vascular_redistribution: 0.033, atelectasis__chx: 0.113, cardiomegaly__chx: 0.497, consolidation__chx: 0.551, edema__chx: 0.133, enlarged_cardiomediastinum__chx: 0.007, fracture__chx: 0.049, lung_lesion__chx: 0.706, lung_opacity__chx: 0.511, no_finding__chx: 0.547, pleural_effusion__chx: 0.629, pleural_other__chx: 0.728, pneumonia__chx: 0.752, pneumothorax__chx: 0.001, support_devices__chx: 0.633
  Val accuracy per class:
    Normal: 0.500, CHF: 0.426, pneumonia: 0.352, consolidation: 0.528, enlarged_cardiac_silhouette: 0.241, linear__patchy_atelectasis: 0.278, lobar__segmental_collapse: 0.019, not_otherwise_specified_opacity___pleural__parenchymal_opacity__: 0.454, pleural_effusion_or_thickening: 0.204, pulmonary_edema__hazy_opacity: 0.500, normal_anatomically: 0.509, elevated_hemidiaphragm: 0.000, hyperaeration: 0.102, vascular_redistribution: 0.000, atelectasis__chx: 0.102, cardiomegaly__chx: 0.694, consolidation__chx: 0.315, edema__chx: 0.139, enlarged_cardiomediastinum__chx: 0.000, fracture__chx: 0.009, lung_lesion__chx: 0.213, lung_opacity__chx: 0.519, no_finding__chx: 0.657, pleural_effusion__chx: 0.463, pleural_other__chx: 0.657, pneumonia__chx: 0.519, pneumothorax__chx: 0.000, support_devices__chx: 0.167
  Val threshold stats | median 0.400 | pos-rate@0.50 0.904 | pos-rate@thr 0.798
Epoch 11 | train loss -15.3288 | val loss 1.3999 | time 88.96s
  Train summary: macro-acc 0.347 | macro-F1 0.221 | micro-P 0.153 | micro-R 0.710 | micro-F1 0.252 | macro-PR 0.158 | micro-PR 0.126
  Val summary:   macro-acc 0.202 | macro-F1 0.245 | micro-P 0.163 | micro-R 0.871 | micro-F1 0.275 | macro-PR 0.227 | micro-PR 0.088
  Train accuracy per class:
    Normal: 0.511, CHF: 0.338, pneumonia: 0.482, consolidation: 0.449, enlarged_cardiac_silhouette: 0.219, linear__patchy_atelectasis: 0.474, lobar__segmental_collapse: 0.423, not_otherwise_specified_opacity___pleural__parenchymal_opacity__: 0.396, pleural_effusion_or_thickening: 0.244, pulmonary_edema__hazy_opacity: 0.648, normal_anatomically: 0.429, elevated_hemidiaphragm: 0.021, hyperaeration: 0.058, vascular_redistribution: 0.059, atelectasis__chx: 0.144, cardiomegaly__chx: 0.478, consolidation__chx: 0.662, edema__chx: 0.164, enlarged_cardiomediastinum__chx: 0.008, fracture__chx: 0.489, lung_lesion__chx: 0.737, lung_opacity__chx: 0.485, no_finding__chx: 0.524, pleural_effusion__chx: 0.489, pleural_other__chx: 0.503, pneumonia__chx: 0.794, pneumothorax__chx: 0.021, support_devices__chx: 0.639
  Val accuracy per class:
    Normal: 0.435, CHF: 0.426, pneumonia: 0.352, consolidation: 0.593, enlarged_cardiac_silhouette: 0.241, linear__patchy_atelectasis: 0.241, lobar__segmental_collapse: 0.028, not_otherwise_specified_opacity___pleural__parenchymal_opacity__: 0.454, pleural_effusion_or_thickening: 0.204, pulmonary_edema__hazy_opacity: 0.731, normal_anatomically: 0.333, elevated_hemidiaphragm: 0.000, hyperaeration: 0.102, vascular_redistribution: 0.000, atelectasis__chx: 0.102, cardiomegaly__chx: 0.648, consolidation__chx: 0.704, edema__chx: 0.139, enlarged_cardiomediastinum__chx: 0.000, fracture__chx: 0.037, lung_lesion__chx: 0.528, lung_opacity__chx: 0.519, no_finding__chx: 0.333, pleural_effusion__chx: 0.176, pleural_other__chx: 0.287, pneumonia__chx: 0.639, pneumothorax__chx: 0.000, support_devices__chx: 0.574
  Val threshold stats | median 0.450 | pos-rate@0.50 0.899 | pos-rate@thr 0.795
Epoch 12 | train loss -19.3234 | val loss 1.4797 | time 89.18s
  Train summary: macro-acc 0.353 | macro-F1 0.228 | micro-P 0.158 | micro-R 0.799 | micro-F1 0.264 | macro-PR 0.160 | micro-PR 0.128
  Val summary:   macro-acc 0.206 | macro-F1 0.242 | micro-P 0.153 | micro-R 0.898 | micro-F1 0.262 | macro-PR 0.224 | micro-PR 0.088
  Train accuracy per class:
    Normal: 0.420, CHF: 0.334, pneumonia: 0.326, consolidation: 0.430, enlarged_cardiac_silhouette: 0.224, linear__patchy_atelectasis: 0.635, lobar__segmental_collapse: 0.571, not_otherwise_specified_opacity___pleural__parenchymal_opacity__: 0.396, pleural_effusion_or_thickening: 0.255, pulmonary_edema__hazy_opacity: 0.567, normal_anatomically: 0.446, elevated_hemidiaphragm: 0.042, hyperaeration: 0.090, vascular_redistribution: 0.077, atelectasis__chx: 0.650, cardiomegaly__chx: 0.557, consolidation__chx: 0.041, edema__chx: 0.175, enlarged_cardiomediastinum__chx: 0.011, fracture__chx: 0.414, lung_lesion__chx: 0.730, lung_opacity__chx: 0.234, no_finding__chx: 0.376, pleural_effusion__chx: 0.625, pleural_other__chx: 0.513, pneumonia__chx: 0.699, pneumothorax__chx: 0.026, support_devices__chx: 0.061
  Val accuracy per class:
    Normal: 0.315, CHF: 0.426, pneumonia: 0.287, consolidation: 0.102, enlarged_cardiac_silhouette: 0.241, linear__patchy_atelectasis: 0.620, lobar__segmental_collapse: 0.037, not_otherwise_specified_opacity___pleural__parenchymal_opacity__: 0.454, pleural_effusion_or_thickening: 0.204, pulmonary_edema__hazy_opacity: 0.435, normal_anatomically: 0.630, elevated_hemidiaphragm: 0.000, hyperaeration: 0.102, vascular_redistribution: 0.000, atelectasis__chx: 0.537, cardiomegaly__chx: 0.352, consolidation__chx: 0.028, edema__chx: 0.139, enlarged_cardiomediastinum__chx: 0.000, fracture__chx: 0.019, lung_lesion__chx: 0.204, lung_opacity__chx: 0.231, no_finding__chx: 0.324, pleural_effusion__chx: 0.361, pleural_other__chx: 0.148, pneumonia__chx: 0.648, pneumothorax__chx: 0.000, support_devices__chx: 0.037
  Val threshold stats | median 0.050 | pos-rate@0.50 0.891 | pos-rate@thr 0.873
Epoch 13 | train loss -23.9774 | val loss 2.6511 | time 89.60s
  Train summary: macro-acc 0.349 | macro-F1 0.230 | micro-P 0.161 | micro-R 0.771 | micro-F1 0.266 | macro-PR 0.165 | micro-PR 0.140
  Val summary:   macro-acc 0.220 | macro-F1 0.244 | micro-P 0.156 | micro-R 0.849 | micro-F1 0.263 | macro-PR 0.243 | micro-PR 0.088
  Train accuracy per class:
    Normal: 0.449, CHF: 0.344, pneumonia: 0.511, consolidation: 0.146, enlarged_cardiac_silhouette: 0.232, linear__patchy_atelectasis: 0.664, lobar__segmental_collapse: 0.402, not_otherwise_specified_opacity___pleural__parenchymal_opacity__: 0.387, pleural_effusion_or_thickening: 0.259, pulmonary_edema__hazy_opacity: 0.632, normal_anatomically: 0.496, elevated_hemidiaphragm: 0.045, hyperaeration: 0.649, vascular_redistribution: 0.102, atelectasis__chx: 0.402, cardiomegaly__chx: 0.604, consolidation__chx: 0.509, edema__chx: 0.190, enlarged_cardiomediastinum__chx: 0.012, fracture__chx: 0.272, lung_lesion__chx: 0.649, lung_opacity__chx: 0.537, no_finding__chx: 0.492, pleural_effusion__chx: 0.207, pleural_other__chx: 0.803, pneumonia__chx: 0.616, pneumothorax__chx: 0.057, support_devices__chx: 0.061
  Val accuracy per class:
    Normal: 0.481, CHF: 0.426, pneumonia: 0.361, consolidation: 0.093, enlarged_cardiac_silhouette: 0.241, linear__patchy_atelectasis: 0.796, lobar__segmental_collapse: 0.083, not_otherwise_specified_opacity___pleural__parenchymal_opacity__: 0.454, pleural_effusion_or_thickening: 0.204, pulmonary_edema__hazy_opacity: 0.370, normal_anatomically: 0.602, elevated_hemidiaphragm: 0.000, hyperaeration: 0.120, vascular_redistribution: 0.000, atelectasis__chx: 0.593, cardiomegaly__chx: 0.537, consolidation__chx: 0.046, edema__chx: 0.139, enlarged_cardiomediastinum__chx: 0.000, fracture__chx: 0.019, lung_lesion__chx: 0.500, lung_opacity__chx: 0.324, no_finding__chx: 0.556, pleural_effusion__chx: 0.167, pleural_other__chx: 0.269, pneumonia__chx: 0.778, pneumothorax__chx: 0.000, support_devices__chx: 0.037
  Val threshold stats | median 0.350 | pos-rate@0.50 0.860 | pos-rate@thr 0.811
Epoch 14 | train loss -28.3015 | val loss 1.8770 | time 88.30s
  Train summary: macro-acc 0.349 | macro-F1 0.236 | micro-P 0.171 | micro-R 0.861 | micro-F1 0.286 | macro-PR 0.163 | micro-PR 0.137
  Val summary:   macro-acc 0.204 | macro-F1 0.232 | micro-P 0.159 | micro-R 0.933 | micro-F1 0.271 | macro-PR 0.221 | micro-PR 0.086
  Train accuracy per class:
    Normal: 0.462, CHF: 0.331, pneumonia: 0.325, consolidation: 0.413, enlarged_cardiac_silhouette: 0.230, linear__patchy_atelectasis: 0.211, lobar__segmental_collapse: 0.657, not_otherwise_specified_opacity___pleural__parenchymal_opacity__: 0.392, pleural_effusion_or_thickening: 0.264, pulmonary_edema__hazy_opacity: 0.513, normal_anatomically: 0.475, elevated_hemidiaphragm: 0.051, hyperaeration: 0.640, vascular_redistribution: 0.145, atelectasis__chx: 0.478, cardiomegaly__chx: 0.157, consolidation__chx: 0.608, edema__chx: 0.239, enlarged_cardiomediastinum__chx: 0.024, fracture__chx: 0.270, lung_lesion__chx: 0.565, lung_opacity__chx: 0.237, no_finding__chx: 0.495, pleural_effusion__chx: 0.215, pleural_other__chx: 0.807, pneumonia__chx: 0.639, pneumothorax__chx: 0.079, support_devices__chx: 0.577
  Val accuracy per class:
    Normal: 0.370, CHF: 0.426, pneumonia: 0.287, consolidation: 0.370, enlarged_cardiac_silhouette: 0.241, linear__patchy_atelectasis: 0.176, lobar__segmental_collapse: 0.065, not_otherwise_specified_opacity___pleural__parenchymal_opacity__: 0.454, pleural_effusion_or_thickening: 0.204, pulmonary_edema__hazy_opacity: 0.269, normal_anatomically: 0.370, elevated_hemidiaphragm: 0.000, hyperaeration: 0.185, vascular_redistribution: 0.000, atelectasis__chx: 0.426, cardiomegaly__chx: 0.157, consolidation__chx: 0.194, edema__chx: 0.139, enlarged_cardiomediastinum__chx: 0.000, fracture__chx: 0.019, lung_lesion__chx: 0.194, lung_opacity__chx: 0.231, no_finding__chx: 0.389, pleural_effusion__chx: 0.167, pleural_other__chx: 0.463, pneumonia__chx: 0.815, pneumothorax__chx: 0.000, support_devices__chx: 0.500
  Val threshold stats | median 0.050 | pos-rate@0.50 0.875 | pos-rate@thr 0.875
Epoch 15 | train loss -32.9079 | val loss 1.6049 | time 91.09s
  Train summary: macro-acc 0.375 | macro-F1 0.230 | micro-P 0.173 | micro-R 0.755 | micro-F1 0.282 | macro-PR 0.165 | micro-PR 0.139
  Val summary:   macro-acc 0.212 | macro-F1 0.250 | micro-P 0.171 | micro-R 0.891 | micro-F1 0.287 | macro-PR 0.242 | micro-PR 0.089
  Train accuracy per class:
    Normal: 0.467, CHF: 0.350, pneumonia: 0.348, consolidation: 0.501, enlarged_cardiac_silhouette: 0.538, linear__patchy_atelectasis: 0.609, lobar__segmental_collapse: 0.652, not_otherwise_specified_opacity___pleural__parenchymal_opacity__: 0.384, pleural_effusion_or_thickening: 0.277, pulmonary_edema__hazy_opacity: 0.598, normal_anatomically: 0.479, elevated_hemidiaphragm: 0.075, hyperaeration: 0.511, vascular_redistribution: 0.193, atelectasis__chx: 0.665, cardiomegaly__chx: 0.492, consolidation__chx: 0.657, edema__chx: 0.257, enlarged_cardiomediastinum__chx: 0.012, fracture__chx: 0.307, lung_lesion__chx: 0.660, lung_opacity__chx: 0.425, no_finding__chx: 0.468, pleural_effusion__chx: 0.236, pleural_other__chx: 0.823, pneumonia__chx: 0.654, pneumothorax__chx: 0.119, support_devices__chx: 0.615
  Val accuracy per class:
    Normal: 0.306, CHF: 0.426, pneumonia: 0.287, consolidation: 0.843, enlarged_cardiac_silhouette: 0.250, linear__patchy_atelectasis: 0.630, lobar__segmental_collapse: 0.315, not_otherwise_specified_opacity___pleural__parenchymal_opacity__: 0.454, pleural_effusion_or_thickening: 0.204, pulmonary_edema__hazy_opacity: 0.287, normal_anatomically: 0.389, elevated_hemidiaphragm: 0.000, hyperaeration: 0.148, vascular_redistribution: 0.000, atelectasis__chx: 0.750, cardiomegaly__chx: 0.231, consolidation__chx: 0.454, edema__chx: 0.139, enlarged_cardiomediastinum__chx: 0.000, fracture__chx: 0.019, lung_lesion__chx: 0.528, lung_opacity__chx: 0.269, no_finding__chx: 0.546, pleural_effusion__chx: 0.167, pleural_other__chx: 0.602, pneumonia__chx: 0.722, pneumothorax__chx: 0.000, support_devices__chx: 0.546
  Val threshold stats | median 0.450 | pos-rate@0.50 0.870 | pos-rate@thr 0.777
Epoch 16 | train loss -37.3989 | val loss 2.2319 | time 89.56s
  Train summary: macro-acc 0.374 | macro-F1 0.235 | micro-P 0.172 | micro-R 0.849 | micro-F1 0.286 | macro-PR 0.167 | micro-PR 0.142
  Val summary:   macro-acc 0.222 | macro-F1 0.238 | micro-P 0.162 | micro-R 0.909 | micro-F1 0.275 | macro-PR 0.258 | micro-PR 0.090
  Train accuracy per class:
    Normal: 0.430, CHF: 0.339, pneumonia: 0.334, consolidation: 0.153, enlarged_cardiac_silhouette: 0.248, linear__patchy_atelectasis: 0.228, lobar__segmental_collapse: 0.538, not_otherwise_specified_opacity___pleural__parenchymal_opacity__: 0.381, pleural_effusion_or_thickening: 0.265, pulmonary_edema__hazy_opacity: 0.625, normal_anatomically: 0.466, elevated_hemidiaphragm: 0.066, hyperaeration: 0.493, vascular_redistribution: 0.197, atelectasis__chx: 0.493, cardiomegaly__chx: 0.408, consolidation__chx: 0.628, edema__chx: 0.305, enlarged_cardiomediastinum__chx: 0.032, fracture__chx: 0.260, lung_lesion__chx: 0.664, lung_opacity__chx: 0.228, no_finding__chx: 0.488, pleural_effusion__chx: 0.356, pleural_other__chx: 0.844, pneumonia__chx: 0.596, pneumothorax__chx: 0.136, support_devices__chx: 0.558
  Val accuracy per class:
    Normal: 0.296, CHF: 0.426, pneumonia: 0.287, consolidation: 0.093, enlarged_cardiac_silhouette: 0.241, linear__patchy_atelectasis: 0.176, lobar__segmental_collapse: 0.120, not_otherwise_specified_opacity___pleural__parenchymal_opacity__: 0.454, pleural_effusion_or_thickening: 0.204, pulmonary_edema__hazy_opacity: 0.685, normal_anatomically: 0.370, elevated_hemidiaphragm: 0.000, hyperaeration: 0.167, vascular_redistribution: 0.000, atelectasis__chx: 0.704, cardiomegaly__chx: 0.204, consolidation__chx: 0.148, edema__chx: 0.148, enlarged_cardiomediastinum__chx: 0.000, fracture__chx: 0.046, lung_lesion__chx: 0.463, lung_opacity__chx: 0.231, no_finding__chx: 0.398, pleural_effusion__chx: 0.176, pleural_other__chx: 0.528, pneumonia__chx: 0.815, pneumothorax__chx: 0.000, support_devices__chx: 0.694
  Val threshold stats | median 0.250 | pos-rate@0.50 0.851 | pos-rate@thr 0.833
Epoch 17 | train loss -42.6968 | val loss 3.8758 | time 88.72s
  Train summary: macro-acc 0.372 | macro-F1 0.231 | micro-P 0.173 | micro-R 0.774 | micro-F1 0.282 | macro-PR 0.179 | micro-PR 0.146
  Val summary:   macro-acc 0.279 | macro-F1 0.260 | micro-P 0.169 | micro-R 0.864 | micro-F1 0.283 | macro-PR 0.264 | micro-PR 0.099
  Train accuracy per class:
    Normal: 0.456, CHF: 0.342, pneumonia: 0.512, consolidation: 0.503, enlarged_cardiac_silhouette: 0.243, linear__patchy_atelectasis: 0.574, lobar__segmental_collapse: 0.559, not_otherwise_specified_opacity___pleural__parenchymal_opacity__: 0.383, pleural_effusion_or_thickening: 0.249, pulmonary_edema__hazy_opacity: 0.656, normal_anatomically: 0.479, elevated_hemidiaphragm: 0.051, hyperaeration: 0.765, vascular_redistribution: 0.201, atelectasis__chx: 0.289, cardiomegaly__chx: 0.290, consolidation__chx: 0.803, edema__chx: 0.286, enlarged_cardiomediastinum__chx: 0.044, fracture__chx: 0.214, lung_lesion__chx: 0.537, lung_opacity__chx: 0.682, no_finding__chx: 0.485, pleural_effusion__chx: 0.223, pleural_other__chx: 0.798, pneumonia__chx: 0.628, pneumothorax__chx: 0.152, support_devices__chx: 0.587
  Val accuracy per class:
    Normal: 0.333, CHF: 0.426, pneumonia: 0.343, consolidation: 0.417, enlarged_cardiac_silhouette: 0.241, linear__patchy_atelectasis: 0.481, lobar__segmental_collapse: 0.093, not_otherwise_specified_opacity___pleural__parenchymal_opacity__: 0.454, pleural_effusion_or_thickening: 0.204, pulmonary_edema__hazy_opacity: 0.269, normal_anatomically: 0.704, elevated_hemidiaphragm: 0.000, hyperaeration: 0.667, vascular_redistribution: 0.000, atelectasis__chx: 0.546, cardiomegaly__chx: 0.185, consolidation__chx: 0.972, edema__chx: 0.139, enlarged_cardiomediastinum__chx: 0.000, fracture__chx: 0.037, lung_lesion__chx: 0.537, lung_opacity__chx: 0.315, no_finding__chx: 0.343, pleural_effusion__chx: 0.167, pleural_other__chx: 0.083, pneumonia__chx: 0.815, pneumothorax__chx: 0.000, support_devices__chx: 0.963
  Val threshold stats | median 0.300 | pos-rate@0.50 0.780 | pos-rate@thr 0.761
Epoch 18 | train loss -47.8902 | val loss 2.2307 | time 90.63s
  Train summary: macro-acc 0.367 | macro-F1 0.232 | micro-P 0.181 | micro-R 0.797 | micro-F1 0.295 | macro-PR 0.178 | micro-PR 0.159
  Val summary:   macro-acc 0.225 | macro-F1 0.258 | micro-P 0.171 | micro-R 0.884 | micro-F1 0.287 | macro-PR 0.234 | micro-PR 0.090
  Train accuracy per class:
    Normal: 0.512, CHF: 0.344, pneumonia: 0.323, consolidation: 0.524, enlarged_cardiac_silhouette: 0.240, linear__patchy_atelectasis: 0.627, lobar__segmental_collapse: 0.766, not_otherwise_specified_opacity___pleural__parenchymal_opacity__: 0.380, pleural_effusion_or_thickening: 0.253, pulmonary_edema__hazy_opacity: 0.617, normal_anatomically: 0.500, elevated_hemidiaphragm: 0.088, hyperaeration: 0.563, vascular_redistribution: 0.181, atelectasis__chx: 0.443, cardiomegaly__chx: 0.198, consolidation__chx: 0.769, edema__chx: 0.290, enlarged_cardiomediastinum__chx: 0.074, fracture__chx: 0.231, lung_lesion__chx: 0.718, lung_opacity__chx: 0.475, no_finding__chx: 0.503, pleural_effusion__chx: 0.558, pleural_other__chx: 0.757, pneumonia__chx: 0.588, pneumothorax__chx: 0.160, support_devices__chx: 0.828
  Val accuracy per class:
    Normal: 0.324, CHF: 0.426, pneumonia: 0.287, consolidation: 0.444, enlarged_cardiac_silhouette: 0.241, linear__patchy_atelectasis: 0.741, lobar__segmental_collapse: 0.306, not_otherwise_specified_opacity___pleural__parenchymal_opacity__: 0.454, pleural_effusion_or_thickening: 0.204, pulmonary_edema__hazy_opacity: 0.491, normal_anatomically: 0.361, elevated_hemidiaphragm: 0.000, hyperaeration: 0.130, vascular_redistribution: 0.000, atelectasis__chx: 0.574, cardiomegaly__chx: 0.157, consolidation__chx: 0.889, edema__chx: 0.139, enlarged_cardiomediastinum__chx: 0.000, fracture__chx: 0.019, lung_lesion__chx: 0.389, lung_opacity__chx: 0.343, no_finding__chx: 0.417, pleural_effusion__chx: 0.333, pleural_other__chx: 0.389, pneumonia__chx: 0.648, pneumothorax__chx: 0.000, support_devices__chx: 0.972
  Val threshold stats | median 0.350 | pos-rate@0.50 0.850 | pos-rate@thr 0.769
Epoch 19 | train loss -53.7264 | val loss 3.7123 | time 89.51s
  Train summary: macro-acc 0.365 | macro-F1 0.234 | micro-P 0.170 | micro-R 0.798 | micro-F1 0.281 | macro-PR 0.180 | micro-PR 0.161
  Val summary:   macro-acc 0.252 | macro-F1 0.241 | micro-P 0.164 | micro-R 0.873 | micro-F1 0.276 | macro-PR 0.237 | micro-PR 0.093
  Train accuracy per class:
    Normal: 0.495, CHF: 0.342, pneumonia: 0.512, consolidation: 0.582, enlarged_cardiac_silhouette: 0.255, linear__patchy_atelectasis: 0.211, lobar__segmental_collapse: 0.578, not_otherwise_specified_opacity___pleural__parenchymal_opacity__: 0.534, pleural_effusion_or_thickening: 0.265, pulmonary_edema__hazy_opacity: 0.627, normal_anatomically: 0.472, elevated_hemidiaphragm: 0.096, hyperaeration: 0.409, vascular_redistribution: 0.197, atelectasis__chx: 0.307, cardiomegaly__chx: 0.453, consolidation__chx: 0.658, edema__chx: 0.315, enlarged_cardiomediastinum__chx: 0.108, fracture__chx: 0.228, lung_lesion__chx: 0.720, lung_opacity__chx: 0.232, no_finding__chx: 0.533, pleural_effusion__chx: 0.228, pleural_other__chx: 0.748, pneumonia__chx: 0.567, pneumothorax__chx: 0.164, support_devices__chx: 0.537
  Val accuracy per class:
    Normal: 0.407, CHF: 0.426, pneumonia: 0.370, consolidation: 0.824, enlarged_cardiac_silhouette: 0.241, linear__patchy_atelectasis: 0.176, lobar__segmental_collapse: 0.037, not_otherwise_specified_opacity___pleural__parenchymal_opacity__: 0.491, pleural_effusion_or_thickening: 0.204, pulmonary_edema__hazy_opacity: 0.546, normal_anatomically: 0.370, elevated_hemidiaphragm: 0.000, hyperaeration: 0.139, vascular_redistribution: 0.000, atelectasis__chx: 0.611, cardiomegaly__chx: 0.426, consolidation__chx: 0.222, edema__chx: 0.269, enlarged_cardiomediastinum__chx: 0.000, fracture__chx: 0.037, lung_lesion__chx: 0.481, lung_opacity__chx: 0.231, no_finding__chx: 0.380, pleural_effusion__chx: 0.167, pleural_other__chx: 0.269, pneumonia__chx: 0.769, pneumothorax__chx: 0.000, support_devices__chx: 0.815
  Val threshold stats | median 0.300 | pos-rate@0.50 0.813 | pos-rate@thr 0.793
Epoch 20 | train loss -60.7368 | val loss 4.1219 | time 87.79s
  Train summary: macro-acc 0.369 | macro-F1 0.235 | micro-P 0.167 | micro-R 0.807 | micro-F1 0.277 | macro-PR 0.199 | micro-PR 0.162
  Val summary:   macro-acc 0.307 | macro-F1 0.240 | micro-P 0.164 | micro-R 0.864 | micro-F1 0.276 | macro-PR 0.230 | micro-PR 0.103
  Train accuracy per class:
    Normal: 0.488, CHF: 0.355, pneumonia: 0.567, consolidation: 0.137, enlarged_cardiac_silhouette: 0.404, linear__patchy_atelectasis: 0.223, lobar__segmental_collapse: 0.309, not_otherwise_specified_opacity___pleural__parenchymal_opacity__: 0.392, pleural_effusion_or_thickening: 0.268, pulmonary_edema__hazy_opacity: 0.603, normal_anatomically: 0.516, elevated_hemidiaphragm: 0.112, hyperaeration: 0.441, vascular_redistribution: 0.193, atelectasis__chx: 0.264, cardiomegaly__chx: 0.373, consolidation__chx: 0.666, edema__chx: 0.269, enlarged_cardiomediastinum__chx: 0.152, fracture__chx: 0.187, lung_lesion__chx: 0.728, lung_opacity__chx: 0.714, no_finding__chx: 0.516, pleural_effusion__chx: 0.383, pleural_other__chx: 0.482, pneumonia__chx: 0.555, pneumothorax__chx: 0.162, support_devices__chx: 0.431
  Val accuracy per class:
    Normal: 0.361, CHF: 0.426, pneumonia: 0.352, consolidation: 0.093, enlarged_cardiac_silhouette: 0.259, linear__patchy_atelectasis: 0.176, lobar__segmental_collapse: 0.065, not_otherwise_specified_opacity___pleural__parenchymal_opacity__: 0.454, pleural_effusion_or_thickening: 0.204, pulmonary_edema__hazy_opacity: 0.556, normal_anatomically: 0.546, elevated_hemidiaphragm: 0.000, hyperaeration: 0.296, vascular_redistribution: 0.000, atelectasis__chx: 0.685, cardiomegaly__chx: 0.657, consolidation__chx: 0.528, edema__chx: 0.167, enlarged_cardiomediastinum__chx: 0.000, fracture__chx: 0.028, lung_lesion__chx: 0.537, lung_opacity__chx: 0.389, no_finding__chx: 0.333, pleural_effusion__chx: 0.333, pleural_other__chx: 0.037, pneumonia__chx: 0.815, pneumothorax__chx: 0.019, support_devices__chx: 0.787
  Val threshold stats | median 0.150 | pos-rate@0.50 0.746 | pos-rate@thr 0.783
Epoch 21 | train loss -66.9100 | val loss 2.3161 | time 87.68s
  Train summary: macro-acc 0.371 | macro-F1 0.240 | micro-P 0.176 | micro-R 0.816 | micro-F1 0.290 | macro-PR 0.191 | micro-PR 0.176
  Val summary:   macro-acc 0.271 | macro-F1 0.248 | micro-P 0.165 | micro-R 0.907 | micro-F1 0.278 | macro-PR 0.231 | micro-PR 0.100
  Train accuracy per class:
    Normal: 0.503, CHF: 0.338, pneumonia: 0.328, consolidation: 0.414, enlarged_cardiac_silhouette: 0.479, linear__patchy_atelectasis: 0.551, lobar__segmental_collapse: 0.606, not_otherwise_specified_opacity___pleural__parenchymal_opacity__: 0.384, pleural_effusion_or_thickening: 0.455, pulmonary_edema__hazy_opacity: 0.524, normal_anatomically: 0.509, elevated_hemidiaphragm: 0.113, hyperaeration: 0.376, vascular_redistribution: 0.195, atelectasis__chx: 0.330, cardiomegaly__chx: 0.195, consolidation__chx: 0.658, edema__chx: 0.284, enlarged_cardiomediastinum__chx: 0.170, fracture__chx: 0.187, lung_lesion__chx: 0.723, lung_opacity__chx: 0.559, no_finding__chx: 0.547, pleural_effusion__chx: 0.446, pleural_other__chx: 0.513, pneumonia__chx: 0.583, pneumothorax__chx: 0.177, support_devices__chx: 0.571
  Val accuracy per class:
    Normal: 0.333, CHF: 0.426, pneumonia: 0.287, consolidation: 0.139, enlarged_cardiac_silhouette: 0.269, linear__patchy_atelectasis: 0.287, lobar__segmental_collapse: 0.380, not_otherwise_specified_opacity___pleural__parenchymal_opacity__: 0.454, pleural_effusion_or_thickening: 0.259, pulmonary_edema__hazy_opacity: 0.556, normal_anatomically: 0.380, elevated_hemidiaphragm: 0.000, hyperaeration: 0.250, vascular_redistribution: 0.000, atelectasis__chx: 0.556, cardiomegaly__chx: 0.157, consolidation__chx: 0.426, edema__chx: 0.167, enlarged_cardiomediastinum__chx: 0.009, fracture__chx: 0.028, lung_lesion__chx: 0.583, lung_opacity__chx: 0.463, no_finding__chx: 0.370, pleural_effusion__chx: 0.269, pleural_other__chx: 0.093, pneumonia__chx: 0.630, pneumothorax__chx: 0.000, support_devices__chx: 0.657
  Val threshold stats | median 0.450 | pos-rate@0.50 0.792 | pos-rate@thr 0.820
Epoch 22 | train loss -74.4013 | val loss 4.7612 | time 89.33s
  Train summary: macro-acc 0.375 | macro-F1 0.229 | micro-P 0.165 | micro-R 0.744 | micro-F1 0.269 | macro-PR 0.181 | micro-PR 0.171
  Val summary:   macro-acc 0.325 | macro-F1 0.248 | micro-P 0.166 | micro-R 0.844 | micro-F1 0.277 | macro-PR 0.222 | micro-PR 0.106
  Train accuracy per class:
    Normal: 0.501, CHF: 0.351, pneumonia: 0.530, consolidation: 0.464, enlarged_cardiac_silhouette: 0.230, linear__patchy_atelectasis: 0.639, lobar__segmental_collapse: 0.621, not_otherwise_specified_opacity___pleural__parenchymal_opacity__: 0.635, pleural_effusion_or_thickening: 0.474, pulmonary_edema__hazy_opacity: 0.557, normal_anatomically: 0.515, elevated_hemidiaphragm: 0.102, hyperaeration: 0.372, vascular_redistribution: 0.216, atelectasis__chx: 0.340, cardiomegaly__chx: 0.392, consolidation__chx: 0.627, edema__chx: 0.293, enlarged_cardiomediastinum__chx: 0.182, fracture__chx: 0.195, lung_lesion__chx: 0.600, lung_opacity__chx: 0.223, no_finding__chx: 0.536, pleural_effusion__chx: 0.307, pleural_other__chx: 0.505, pneumonia__chx: 0.583, pneumothorax__chx: 0.190, support_devices__chx: 0.425
  Val accuracy per class:
    Normal: 0.306, CHF: 0.426, pneumonia: 0.361, consolidation: 0.380, enlarged_cardiac_silhouette: 0.241, linear__patchy_atelectasis: 0.787, lobar__segmental_collapse: 0.120, not_otherwise_specified_opacity___pleural__parenchymal_opacity__: 0.509, pleural_effusion_or_thickening: 0.324, pulmonary_edema__hazy_opacity: 0.648, normal_anatomically: 0.306, elevated_hemidiaphragm: 0.000, hyperaeration: 0.185, vascular_redistribution: 0.009, atelectasis__chx: 0.833, cardiomegaly__chx: 0.380, consolidation__chx: 0.296, edema__chx: 0.231, enlarged_cardiomediastinum__chx: 0.000, fracture__chx: 0.028, lung_lesion__chx: 0.620, lung_opacity__chx: 0.231, no_finding__chx: 0.361, pleural_effusion__chx: 0.306, pleural_other__chx: 0.102, pneumonia__chx: 0.815, pneumothorax__chx: 0.019, support_devices__chx: 0.833
  Val threshold stats | median 0.450 | pos-rate@0.50 0.731 | pos-rate@thr 0.758
Epoch 23 | train loss -81.5759 | val loss 3.1481 | time 91.42s
  Train summary: macro-acc 0.370 | macro-F1 0.232 | micro-P 0.178 | micro-R 0.833 | micro-F1 0.293 | macro-PR 0.183 | micro-PR 0.168
  Val summary:   macro-acc 0.275 | macro-F1 0.251 | micro-P 0.162 | micro-R 0.918 | micro-F1 0.276 | macro-PR 0.244 | micro-PR 0.096
  Train accuracy per class:
    Normal: 0.516, CHF: 0.356, pneumonia: 0.313, consolidation: 0.454, enlarged_cardiac_silhouette: 0.239, linear__patchy_atelectasis: 0.224, lobar__segmental_collapse: 0.631, not_otherwise_specified_opacity___pleural__parenchymal_opacity__: 0.383, pleural_effusion_or_thickening: 0.450, pulmonary_edema__hazy_opacity: 0.393, normal_anatomically: 0.522, elevated_hemidiaphragm: 0.091, hyperaeration: 0.550, vascular_redistribution: 0.201, atelectasis__chx: 0.723, cardiomegaly__chx: 0.203, consolidation__chx: 0.537, edema__chx: 0.276, enlarged_cardiomediastinum__chx: 0.223, fracture__chx: 0.202, lung_lesion__chx: 0.756, lung_opacity__chx: 0.230, no_finding__chx: 0.545, pleural_effusion__chx: 0.537, pleural_other__chx: 0.460, pneumonia__chx: 0.624, pneumothorax__chx: 0.194, support_devices__chx: 0.813
  Val accuracy per class:
    Normal: 0.306, CHF: 0.426, pneumonia: 0.287, consolidation: 0.287, enlarged_cardiac_silhouette: 0.241, linear__patchy_atelectasis: 0.176, lobar__segmental_collapse: 0.287, not_otherwise_specified_opacity___pleural__parenchymal_opacity__: 0.454, pleural_effusion_or_thickening: 0.222, pulmonary_edema__hazy_opacity: 0.269, normal_anatomically: 0.583, elevated_hemidiaphragm: 0.000, hyperaeration: 0.139, vascular_redistribution: 0.000, atelectasis__chx: 0.778, cardiomegaly__chx: 0.157, consolidation__chx: 0.046, edema__chx: 0.139, enlarged_cardiomediastinum__chx: 0.000, fracture__chx: 0.019, lung_lesion__chx: 0.620, lung_opacity__chx: 0.231, no_finding__chx: 0.333, pleural_effusion__chx: 0.407, pleural_other__chx: 0.056, pneumonia__chx: 0.630, pneumothorax__chx: 0.000, support_devices__chx: 0.843
  Val threshold stats | median 0.150 | pos-rate@0.50 0.782 | pos-rate@thr 0.841
Epoch 24 | train loss -90.2580 | val loss 2.8488 | time 90.89s
  Train summary: macro-acc 0.378 | macro-F1 0.232 | micro-P 0.178 | micro-R 0.799 | micro-F1 0.292 | macro-PR 0.190 | micro-PR 0.187
  Val summary:   macro-acc 0.272 | macro-F1 0.249 | micro-P 0.160 | micro-R 0.882 | micro-F1 0.270 | macro-PR 0.236 | micro-PR 0.098
  Train accuracy per class:
    Normal: 0.518, CHF: 0.361, pneumonia: 0.496, consolidation: 0.133, enlarged_cardiac_silhouette: 0.483, linear__patchy_atelectasis: 0.609, lobar__segmental_collapse: 0.690, not_otherwise_specified_opacity___pleural__parenchymal_opacity__: 0.385, pleural_effusion_or_thickening: 0.252, pulmonary_edema__hazy_opacity: 0.538, normal_anatomically: 0.525, elevated_hemidiaphragm: 0.116, hyperaeration: 0.515, vascular_redistribution: 0.204, atelectasis__chx: 0.591, cardiomegaly__chx: 0.367, consolidation__chx: 0.563, edema__chx: 0.285, enlarged_cardiomediastinum__chx: 0.350, fracture__chx: 0.194, lung_lesion__chx: 0.609, lung_opacity__chx: 0.230, no_finding__chx: 0.558, pleural_effusion__chx: 0.609, pleural_other__chx: 0.533, pneumonia__chx: 0.547, pneumothorax__chx: 0.183, support_devices__chx: 0.786
  Val accuracy per class:
    Normal: 0.315, CHF: 0.426, pneumonia: 0.417, consolidation: 0.093, enlarged_cardiac_silhouette: 0.630, linear__patchy_atelectasis: 0.565, lobar__segmental_collapse: 0.120, not_otherwise_specified_opacity___pleural__parenchymal_opacity__: 0.454, pleural_effusion_or_thickening: 0.204, pulmonary_edema__hazy_opacity: 0.204, normal_anatomically: 0.444, elevated_hemidiaphragm: 0.000, hyperaeration: 0.176, vascular_redistribution: 0.000, atelectasis__chx: 0.704, cardiomegaly__chx: 0.398, consolidation__chx: 0.065, edema__chx: 0.269, enlarged_cardiomediastinum__chx: 0.000, fracture__chx: 0.028, lung_lesion__chx: 0.130, lung_opacity__chx: 0.231, no_finding__chx: 0.333, pleural_effusion__chx: 0.380, pleural_other__chx: 0.037, pneumonia__chx: 0.648, pneumothorax__chx: 0.000, support_devices__chx: 0.889
  Val threshold stats | median 0.400 | pos-rate@0.50 0.789 | pos-rate@thr 0.822
Epoch 25 | train loss -99.0441 | val loss 3.2391 | time 90.50s
  Train summary: macro-acc 0.387 | macro-F1 0.242 | micro-P 0.182 | micro-R 0.867 | micro-F1 0.301 | macro-PR 0.183 | micro-PR 0.182
  Val summary:   macro-acc 0.276 | macro-F1 0.248 | micro-P 0.159 | micro-R 0.933 | micro-F1 0.272 | macro-PR 0.243 | micro-PR 0.097
  Train accuracy per class:
    Normal: 0.513, CHF: 0.361, pneumonia: 0.326, consolidation: 0.140, enlarged_cardiac_silhouette: 0.508, linear__patchy_atelectasis: 0.222, lobar__segmental_collapse: 0.697, not_otherwise_specified_opacity___pleural__parenchymal_opacity__: 0.381, pleural_effusion_or_thickening: 0.273, pulmonary_edema__hazy_opacity: 0.617, normal_anatomically: 0.526, elevated_hemidiaphragm: 0.086, hyperaeration: 0.418, vascular_redistribution: 0.216, atelectasis__chx: 0.776, cardiomegaly__chx: 0.406, consolidation__chx: 0.578, edema__chx: 0.307, enlarged_cardiomediastinum__chx: 0.413, fracture__chx: 0.207, lung_lesion__chx: 0.573, lung_opacity__chx: 0.230, no_finding__chx: 0.562, pleural_effusion__chx: 0.239, pleural_other__chx: 0.547, pneumonia__chx: 0.707, pneumothorax__chx: 0.198, support_devices__chx: 0.603
  Val accuracy per class:
    Normal: 0.296, CHF: 0.426, pneumonia: 0.287, consolidation: 0.093, enlarged_cardiac_silhouette: 0.500, linear__patchy_atelectasis: 0.176, lobar__segmental_collapse: 0.278, not_otherwise_specified_opacity___pleural__parenchymal_opacity__: 0.454, pleural_effusion_or_thickening: 0.204, pulmonary_edema__hazy_opacity: 0.491, normal_anatomically: 0.389, elevated_hemidiaphragm: 0.000, hyperaeration: 0.130, vascular_redistribution: 0.000, atelectasis__chx: 0.731, cardiomegaly__chx: 0.222, consolidation__chx: 0.056, edema__chx: 0.352, enlarged_cardiomediastinum__chx: 0.000, fracture__chx: 0.046, lung_lesion__chx: 0.148, lung_opacity__chx: 0.231, no_finding__chx: 0.324, pleural_effusion__chx: 0.167, pleural_other__chx: 0.028, pneumonia__chx: 0.593, pneumothorax__chx: 0.000, support_devices__chx: 0.556
  Val threshold stats | median 0.100 | pos-rate@0.50 0.786 | pos-rate@thr 0.873
Epoch 26 | train loss -107.3044 | val loss 2.7426 | time 91.92s
  Train summary: macro-acc 0.388 | macro-F1 0.231 | micro-P 0.176 | micro-R 0.746 | micro-F1 0.284 | macro-PR 0.181 | micro-PR 0.169
  Val summary:   macro-acc 0.279 | macro-F1 0.253 | micro-P 0.169 | micro-R 0.856 | micro-F1 0.282 | macro-PR 0.249 | micro-PR 0.100
  Train accuracy per class:
    Normal: 0.518, CHF: 0.356, pneumonia: 0.513, consolidation: 0.443, enlarged_cardiac_silhouette: 0.259, linear__patchy_atelectasis: 0.220, lobar__segmental_collapse: 0.656, not_otherwise_specified_opacity___pleural__parenchymal_opacity__: 0.373, pleural_effusion_or_thickening: 0.536, pulmonary_edema__hazy_opacity: 0.529, normal_anatomically: 0.546, elevated_hemidiaphragm: 0.103, hyperaeration: 0.588, vascular_redistribution: 0.234, atelectasis__chx: 0.404, cardiomegaly__chx: 0.504, consolidation__chx: 0.483, edema__chx: 0.315, enlarged_cardiomediastinum__chx: 0.470, fracture__chx: 0.230, lung_lesion__chx: 0.606, lung_opacity__chx: 0.497, no_finding__chx: 0.547, pleural_effusion__chx: 0.591, pleural_other__chx: 0.551, pneumonia__chx: 0.624, pneumothorax__chx: 0.215, support_devices__chx: 0.835
  Val accuracy per class:
    Normal: 0.315, CHF: 0.426, pneumonia: 0.694, consolidation: 0.176, enlarged_cardiac_silhouette: 0.241, linear__patchy_atelectasis: 0.176, lobar__segmental_collapse: 0.833, not_otherwise_specified_opacity___pleural__parenchymal_opacity__: 0.454, pleural_effusion_or_thickening: 0.528, pulmonary_edema__hazy_opacity: 0.315, normal_anatomically: 0.491, elevated_hemidiaphragm: 0.000, hyperaeration: 0.361, vascular_redistribution: 0.000, atelectasis__chx: 0.528, cardiomegaly__chx: 0.389, consolidation__chx: 0.194, edema__chx: 0.185, enlarged_cardiomediastinum__chx: 0.278, fracture__chx: 0.028, lung_lesion__chx: 0.389, lung_opacity__chx: 0.472, no_finding__chx: 0.398, pleural_effusion__chx: 0.454, pleural_other__chx: 0.352, pneumonia__chx: 0.556, pneumothorax__chx: 0.000, support_devices__chx: 0.611
  Val threshold stats | median 0.450 | pos-rate@0.50 0.786 | pos-rate@thr 0.754
Epoch 27 | train loss -114.0821 | val loss 2.3698 | time 91.36s
  Train summary: macro-acc 0.396 | macro-F1 0.231 | micro-P 0.174 | micro-R 0.776 | micro-F1 0.284 | macro-PR 0.183 | micro-PR 0.171
  Val summary:   macro-acc 0.265 | macro-F1 0.247 | micro-P 0.159 | micro-R 0.916 | micro-F1 0.271 | macro-PR 0.245 | micro-PR 0.100
  Train accuracy per class:
    Normal: 0.508, CHF: 0.346, pneumonia: 0.335, consolidation: 0.434, enlarged_cardiac_silhouette: 0.496, linear__patchy_atelectasis: 0.203, lobar__segmental_collapse: 0.528, not_otherwise_specified_opacity___pleural__parenchymal_opacity__: 0.387, pleural_effusion_or_thickening: 0.442, pulmonary_edema__hazy_opacity: 0.639, normal_anatomically: 0.507, elevated_hemidiaphragm: 0.139, hyperaeration: 0.613, vascular_redistribution: 0.248, atelectasis__chx: 0.322, cardiomegaly__chx: 0.471, consolidation__chx: 0.500, edema__chx: 0.350, enlarged_cardiomediastinum__chx: 0.517, fracture__chx: 0.270, lung_lesion__chx: 0.617, lung_opacity__chx: 0.227, no_finding__chx: 0.549, pleural_effusion__chx: 0.679, pleural_other__chx: 0.113, pneumonia__chx: 0.644, pneumothorax__chx: 0.231, support_devices__chx: 0.786
  Val accuracy per class:
    Normal: 0.315, CHF: 0.426, pneumonia: 0.287, consolidation: 0.139, enlarged_cardiac_silhouette: 0.250, linear__patchy_atelectasis: 0.176, lobar__segmental_collapse: 0.065, not_otherwise_specified_opacity___pleural__parenchymal_opacity__: 0.454, pleural_effusion_or_thickening: 0.241, pulmonary_edema__hazy_opacity: 0.556, normal_anatomically: 0.426, elevated_hemidiaphragm: 0.000, hyperaeration: 0.287, vascular_redistribution: 0.000, atelectasis__chx: 0.361, cardiomegaly__chx: 0.602, consolidation__chx: 0.120, edema__chx: 0.222, enlarged_cardiomediastinum__chx: 0.000, fracture__chx: 0.028, lung_lesion__chx: 0.287, lung_opacity__chx: 0.231, no_finding__chx: 0.343, pleural_effusion__chx: 0.435, pleural_other__chx: 0.000, pneumonia__chx: 0.574, pneumothorax__chx: 0.000, support_devices__chx: 0.620
  Val threshold stats | median 0.350 | pos-rate@0.50 0.799 | pos-rate@thr 0.858
Epoch 28 | train loss -122.1518 | val loss 1.4659 | time 89.61s
  Train summary: macro-acc 0.393 | macro-F1 0.233 | micro-P 0.176 | micro-R 0.803 | micro-F1 0.288 | macro-PR 0.182 | micro-PR 0.171
  Val summary:   macro-acc 0.282 | macro-F1 0.243 | micro-P 0.162 | micro-R 0.933 | micro-F1 0.276 | macro-PR 0.208 | micro-PR 0.094
  Train accuracy per class:
    Normal: 0.507, CHF: 0.348, pneumonia: 0.476, consolidation: 0.493, enlarged_cardiac_silhouette: 0.515, linear__patchy_atelectasis: 0.222, lobar__segmental_collapse: 0.689, not_otherwise_specified_opacity___pleural__parenchymal_opacity__: 0.376, pleural_effusion_or_thickening: 0.438, pulmonary_edema__hazy_opacity: 0.456, normal_anatomically: 0.501, elevated_hemidiaphragm: 0.125, hyperaeration: 0.423, vascular_redistribution: 0.235, atelectasis__chx: 0.456, cardiomegaly__chx: 0.222, consolidation__chx: 0.508, edema__chx: 0.318, enlarged_cardiomediastinum__chx: 0.533, fracture__chx: 0.249, lung_lesion__chx: 0.632, lung_opacity__chx: 0.230, no_finding__chx: 0.555, pleural_effusion__chx: 0.226, pleural_other__chx: 0.844, pneumonia__chx: 0.586, pneumothorax__chx: 0.223, support_devices__chx: 0.509
  Val accuracy per class:
    Normal: 0.333, CHF: 0.426, pneumonia: 0.333, consolidation: 0.102, enlarged_cardiac_silhouette: 0.556, linear__patchy_atelectasis: 0.176, lobar__segmental_collapse: 0.093, not_otherwise_specified_opacity___pleural__parenchymal_opacity__: 0.454, pleural_effusion_or_thickening: 0.213, pulmonary_edema__hazy_opacity: 0.176, normal_anatomically: 0.315, elevated_hemidiaphragm: 0.000, hyperaeration: 0.139, vascular_redistribution: 0.000, atelectasis__chx: 0.509, cardiomegaly__chx: 0.157, consolidation__chx: 0.194, edema__chx: 0.194, enlarged_cardiomediastinum__chx: 0.000, fracture__chx: 0.037, lung_lesion__chx: 0.241, lung_opacity__chx: 0.231, no_finding__chx: 0.370, pleural_effusion__chx: 0.167, pleural_other__chx: 0.917, pneumonia__chx: 0.750, pneumothorax__chx: 0.000, support_devices__chx: 0.491
  Val threshold stats | median 0.200 | pos-rate@0.50 0.771 | pos-rate@thr 0.858
Epoch 29 | train loss -131.1046 | val loss 2.4690 | time 91.61s
  Train summary: macro-acc 0.403 | macro-F1 0.234 | micro-P 0.183 | micro-R 0.794 | micro-F1 0.297 | macro-PR 0.184 | micro-PR 0.174
  Val summary:   macro-acc 0.249 | macro-F1 0.246 | micro-P 0.163 | micro-R 0.904 | micro-F1 0.276 | macro-PR 0.233 | micro-PR 0.095
  Train accuracy per class:
    Normal: 0.497, CHF: 0.372, pneumonia: 0.321, consolidation: 0.331, enlarged_cardiac_silhouette: 0.511, linear__patchy_atelectasis: 0.495, lobar__segmental_collapse: 0.554, not_otherwise_specified_opacity___pleural__parenchymal_opacity__: 0.397, pleural_effusion_or_thickening: 0.257, pulmonary_edema__hazy_opacity: 0.244, normal_anatomically: 0.516, elevated_hemidiaphragm: 0.140, hyperaeration: 0.879, vascular_redistribution: 0.232, atelectasis__chx: 0.394, cardiomegaly__chx: 0.484, consolidation__chx: 0.732, edema__chx: 0.335, enlarged_cardiomediastinum__chx: 0.577, fracture__chx: 0.292, lung_lesion__chx: 0.784, lung_opacity__chx: 0.310, no_finding__chx: 0.551, pleural_effusion__chx: 0.249, pleural_other__chx: 0.628, pneumonia__chx: 0.640, pneumothorax__chx: 0.252, support_devices__chx: 0.786
  Val accuracy per class:
    Normal: 0.287, CHF: 0.426, pneumonia: 0.287, consolidation: 0.157, enlarged_cardiac_silhouette: 0.657, linear__patchy_atelectasis: 0.241, lobar__segmental_collapse: 0.056, not_otherwise_specified_opacity___pleural__parenchymal_opacity__: 0.463, pleural_effusion_or_thickening: 0.204, pulmonary_edema__hazy_opacity: 0.167, normal_anatomically: 0.306, elevated_hemidiaphragm: 0.000, hyperaeration: 0.620, vascular_redistribution: 0.000, atelectasis__chx: 0.426, cardiomegaly__chx: 0.574, consolidation__chx: 0.472, edema__chx: 0.139, enlarged_cardiomediastinum__chx: 0.167, fracture__chx: 0.019, lung_lesion__chx: 0.500, lung_opacity__chx: 0.269, no_finding__chx: 0.333, pleural_effusion__chx: 0.167, pleural_other__chx: 0.139, pneumonia__chx: 0.583, pneumothorax__chx: 0.000, support_devices__chx: 0.611
  Val threshold stats | median 0.250 | pos-rate@0.50 0.811 | pos-rate@thr 0.825
Epoch 30 | train loss -141.3099 | val loss 9.3148 | time 89.04s
  Train summary: macro-acc 0.395 | macro-F1 0.234 | micro-P 0.158 | micro-R 0.780 | micro-F1 0.262 | macro-PR 0.189 | micro-PR 0.177
  Val summary:   macro-acc 0.462 | macro-F1 0.207 | micro-P 0.158 | micro-R 0.693 | micro-F1 0.257 | macro-PR 0.220 | micro-PR 0.158
  Train accuracy per class:
    Normal: 0.512, CHF: 0.347, pneumonia: 0.613, consolidation: 0.328, enlarged_cardiac_silhouette: 0.405, linear__patchy_atelectasis: 0.227, lobar__segmental_collapse: 0.179, not_otherwise_specified_opacity___pleural__parenchymal_opacity__: 0.677, pleural_effusion_or_thickening: 0.265, pulmonary_edema__hazy_opacity: 0.443, normal_anatomically: 0.508, elevated_hemidiaphragm: 0.160, hyperaeration: 0.536, vascular_redistribution: 0.237, atelectasis__chx: 0.296, cardiomegaly__chx: 0.413, consolidation__chx: 0.173, edema__chx: 0.325, enlarged_cardiomediastinum__chx: 0.608, fracture__chx: 0.224, lung_lesion__chx: 0.408, lung_opacity__chx: 0.223, no_finding__chx: 0.551, pleural_effusion__chx: 0.248, pleural_other__chx: 0.197, pneumonia__chx: 0.573, pneumothorax__chx: 0.232, support_devices__chx: 0.247
  Val accuracy per class:
    Normal: 0.509, CHF: 0.426, pneumonia: 0.435, consolidation: 0.167, enlarged_cardiac_silhouette: 0.509, linear__patchy_atelectasis: 0.176, lobar__segmental_collapse: 0.093, not_otherwise_specified_opacity___pleural__parenchymal_opacity__: 0.463, pleural_effusion_or_thickening: 0.204, pulmonary_edema__hazy_opacity: 0.185, normal_anatomically: 0.398, elevated_hemidiaphragm: 0.000, hyperaeration: 0.657, vascular_redistribution: 0.407, atelectasis__chx: 0.889, cardiomegaly__chx: 0.685, consolidation__chx: 0.102, edema__chx: 0.852, enlarged_cardiomediastinum__chx: 0.000, fracture__chx: 0.315, lung_lesion__chx: 0.685, lung_opacity__chx: 0.231, no_finding__chx: 0.509, pleural_effusion__chx: 0.167, pleural_other__chx: 0.102, pneumonia__chx: 0.815, pneumothorax__chx: 0.537, support_devices__chx: 0.769
  Val threshold stats | median 0.050 | pos-rate@0.50 0.572 | pos-rate@thr 0.654
Epoch 31 | train loss -150.5542 | val loss 3.1648 | time 89.52s
  Train summary: macro-acc 0.398 | macro-F1 0.238 | micro-P 0.176 | micro-R 0.810 | micro-F1 0.289 | macro-PR 0.188 | micro-PR 0.178
  Val summary:   macro-acc 0.347 | macro-F1 0.243 | micro-P 0.166 | micro-R 0.869 | micro-F1 0.279 | macro-PR 0.242 | micro-PR 0.106
  Train accuracy per class:
    Normal: 0.512, CHF: 0.343, pneumonia: 0.509, consolidation: 0.511, enlarged_cardiac_silhouette: 0.252, linear__patchy_atelectasis: 0.577, lobar__segmental_collapse: 0.092, not_otherwise_specified_opacity___pleural__parenchymal_opacity__: 0.385, pleural_effusion_or_thickening: 0.272, pulmonary_edema__hazy_opacity: 0.513, normal_anatomically: 0.524, elevated_hemidiaphragm: 0.181, hyperaeration: 0.819, vascular_redistribution: 0.244, atelectasis__chx: 0.302, cardiomegaly__chx: 0.195, consolidation__chx: 0.694, edema__chx: 0.332, enlarged_cardiomediastinum__chx: 0.649, fracture__chx: 0.236, lung_lesion__chx: 0.778, lung_opacity__chx: 0.226, no_finding__chx: 0.561, pleural_effusion__chx: 0.375, pleural_other__chx: 0.509, pneumonia__chx: 0.704, pneumothorax__chx: 0.240, support_devices__chx: 0.270
  Val accuracy per class:
    Normal: 0.370, CHF: 0.426, pneumonia: 0.315, consolidation: 0.185, enlarged_cardiac_silhouette: 0.241, linear__patchy_atelectasis: 0.676, lobar__segmental_collapse: 0.009, not_otherwise_specified_opacity___pleural__parenchymal_opacity__: 0.454, pleural_effusion_or_thickening: 0.204, pulmonary_edema__hazy_opacity: 0.176, normal_anatomically: 0.324, elevated_hemidiaphragm: 0.000, hyperaeration: 0.731, vascular_redistribution: 0.000, atelectasis__chx: 0.648, cardiomegaly__chx: 0.157, consolidation__chx: 0.639, edema__chx: 0.565, enlarged_cardiomediastinum__chx: 0.000, fracture__chx: 0.037, lung_lesion__chx: 0.694, lung_opacity__chx: 0.231, no_finding__chx: 0.333, pleural_effusion__chx: 0.352, pleural_other__chx: 0.046, pneumonia__chx: 0.824, pneumothorax__chx: 0.046, support_devices__chx: 0.593
  Val threshold stats | median 0.050 | pos-rate@0.50 0.696 | pos-rate@thr 0.778
Epoch 32 | train loss -159.6757 | val loss 3.6088 | time 90.26s
  Train summary: macro-acc 0.394 | macro-F1 0.234 | micro-P 0.174 | micro-R 0.778 | micro-F1 0.285 | macro-PR 0.182 | micro-PR 0.168
  Val summary:   macro-acc 0.314 | macro-F1 0.252 | micro-P 0.166 | micro-R 0.882 | micro-F1 0.279 | macro-PR 0.238 | micro-PR 0.110
  Train accuracy per class:
    Normal: 0.536, CHF: 0.470, pneumonia: 0.327, consolidation: 0.503, enlarged_cardiac_silhouette: 0.255, linear__patchy_atelectasis: 0.608, lobar__segmental_collapse: 0.420, not_otherwise_specified_opacity___pleural__parenchymal_opacity__: 0.372, pleural_effusion_or_thickening: 0.462, pulmonary_edema__hazy_opacity: 0.559, normal_anatomically: 0.520, elevated_hemidiaphragm: 0.169, hyperaeration: 0.714, vascular_redistribution: 0.235, atelectasis__chx: 0.381, cardiomegaly__chx: 0.435, consolidation__chx: 0.408, edema__chx: 0.334, enlarged_cardiomediastinum__chx: 0.723, fracture__chx: 0.236, lung_lesion__chx: 0.796, lung_opacity__chx: 0.231, no_finding__chx: 0.575, pleural_effusion__chx: 0.256, pleural_other__chx: 0.365, pneumonia__chx: 0.670, pneumothorax__chx: 0.244, support_devices__chx: 0.323
  Val accuracy per class:
    Normal: 0.296, CHF: 0.463, pneumonia: 0.287, consolidation: 0.250, enlarged_cardiac_silhouette: 0.241, linear__patchy_atelectasis: 0.611, lobar__segmental_collapse: 0.037, not_otherwise_specified_opacity___pleural__parenchymal_opacity__: 0.454, pleural_effusion_or_thickening: 0.676, pulmonary_edema__hazy_opacity: 0.296, normal_anatomically: 0.315, elevated_hemidiaphragm: 0.000, hyperaeration: 0.574, vascular_redistribution: 0.000, atelectasis__chx: 0.667, cardiomegaly__chx: 0.222, consolidation__chx: 0.046, edema__chx: 0.546, enlarged_cardiomediastinum__chx: 0.083, fracture__chx: 0.102, lung_lesion__chx: 0.676, lung_opacity__chx: 0.231, no_finding__chx: 0.333, pleural_effusion__chx: 0.167, pleural_other__chx: 0.028, pneumonia__chx: 0.667, pneumothorax__chx: 0.083, support_devices__chx: 0.630
  Val threshold stats | median 0.450 | pos-rate@0.50 0.734 | pos-rate@thr 0.793
Epoch 33 | train loss -170.0671 | val loss 6.5342 | time 90.19s
  Train summary: macro-acc 0.392 | macro-F1 0.237 | micro-P 0.172 | micro-R 0.871 | micro-F1 0.288 | macro-PR 0.192 | micro-PR 0.180
  Val summary:   macro-acc 0.446 | macro-F1 0.229 | micro-P 0.166 | micro-R 0.778 | micro-F1 0.274 | macro-PR 0.225 | micro-PR 0.132
  Train accuracy per class:
    Normal: 0.528, CHF: 0.332, pneumonia: 0.323, consolidation: 0.515, enlarged_cardiac_silhouette: 0.272, linear__patchy_atelectasis: 0.359, lobar__segmental_collapse: 0.388, not_otherwise_specified_opacity___pleural__parenchymal_opacity__: 0.387, pleural_effusion_or_thickening: 0.273, pulmonary_edema__hazy_opacity: 0.325, normal_anatomically: 0.529, elevated_hemidiaphragm: 0.172, hyperaeration: 0.704, vascular_redistribution: 0.228, atelectasis__chx: 0.286, cardiomegaly__chx: 0.189, consolidation__chx: 0.761, edema__chx: 0.322, enlarged_cardiomediastinum__chx: 0.776, fracture__chx: 0.218, lung_lesion__chx: 0.281, lung_opacity__chx: 0.218, no_finding__chx: 0.570, pleural_effusion__chx: 0.248, pleural_other__chx: 0.211, pneumonia__chx: 0.522, pneumothorax__chx: 0.234, support_devices__chx: 0.284
  Val accuracy per class:
    Normal: 0.343, CHF: 0.426, pneumonia: 0.287, consolidation: 0.741, enlarged_cardiac_silhouette: 0.241, linear__patchy_atelectasis: 0.231, lobar__segmental_collapse: 0.222, not_otherwise_specified_opacity___pleural__parenchymal_opacity__: 0.454, pleural_effusion_or_thickening: 0.204, pulmonary_edema__hazy_opacity: 0.343, normal_anatomically: 0.343, elevated_hemidiaphragm: 0.000, hyperaeration: 0.556, vascular_redistribution: 0.130, atelectasis__chx: 0.741, cardiomegaly__chx: 0.157, consolidation__chx: 0.898, edema__chx: 0.713, enlarged_cardiomediastinum__chx: 0.019, fracture__chx: 0.130, lung_lesion__chx: 0.556, lung_opacity__chx: 0.231, no_finding__chx: 0.435, pleural_effusion__chx: 0.167, pleural_other__chx: 0.083, pneumonia__chx: 0.815, pneumothorax__chx: 0.509, support_devices__chx: 0.843
  Val threshold stats | median 0.050 | pos-rate@0.50 0.593 | pos-rate@thr 0.696
Epoch 34 | train loss -180.4396 | val loss 3.9033 | time 90.06s
  Train summary: macro-acc 0.401 | macro-F1 0.235 | micro-P 0.177 | micro-R 0.837 | micro-F1 0.293 | macro-PR 0.184 | micro-PR 0.177
  Val summary:   macro-acc 0.381 | macro-F1 0.243 | micro-P 0.169 | micro-R 0.849 | micro-F1 0.282 | macro-PR 0.231 | micro-PR 0.115
  Train accuracy per class:
    Normal: 0.504, CHF: 0.339, pneumonia: 0.336, consolidation: 0.538, enlarged_cardiac_silhouette: 0.273, linear__patchy_atelectasis: 0.588, lobar__segmental_collapse: 0.317, not_otherwise_specified_opacity___pleural__parenchymal_opacity__: 0.384, pleural_effusion_or_thickening: 0.261, pulmonary_edema__hazy_opacity: 0.371, normal_anatomically: 0.532, elevated_hemidiaphragm: 0.185, hyperaeration: 0.805, vascular_redistribution: 0.237, atelectasis__chx: 0.301, cardiomegaly__chx: 0.208, consolidation__chx: 0.632, edema__chx: 0.350, enlarged_cardiomediastinum__chx: 0.821, fracture__chx: 0.231, lung_lesion__chx: 0.801, lung_opacity__chx: 0.228, no_finding__chx: 0.570, pleural_effusion__chx: 0.285, pleural_other__chx: 0.331, pneumonia__chx: 0.583, pneumothorax__chx: 0.248, support_devices__chx: 0.282
  Val accuracy per class:
    Normal: 0.296, CHF: 0.426, pneumonia: 0.287, consolidation: 0.565, enlarged_cardiac_silhouette: 0.241, linear__patchy_atelectasis: 0.648, lobar__segmental_collapse: 0.222, not_otherwise_specified_opacity___pleural__parenchymal_opacity__: 0.454, pleural_effusion_or_thickening: 0.204, pulmonary_edema__hazy_opacity: 0.194, normal_anatomically: 0.296, elevated_hemidiaphragm: 0.000, hyperaeration: 0.750, vascular_redistribution: 0.000, atelectasis__chx: 0.704, cardiomegaly__chx: 0.157, consolidation__chx: 0.083, edema__chx: 0.667, enlarged_cardiomediastinum__chx: 0.009, fracture__chx: 0.139, lung_lesion__chx: 0.769, lung_opacity__chx: 0.231, no_finding__chx: 0.407, pleural_effusion__chx: 0.306, pleural_other__chx: 0.102, pneumonia__chx: 0.815, pneumothorax__chx: 0.333, support_devices__chx: 0.713
  Val threshold stats | median 0.050 | pos-rate@0.50 0.667 | pos-rate@thr 0.746
Epoch 35 | train loss -190.5329 | val loss 7.4188 | time 88.90s
  Train summary: macro-acc 0.403 | macro-F1 0.235 | micro-P 0.174 | micro-R 0.835 | micro-F1 0.287 | macro-PR 0.184 | micro-PR 0.176
  Val summary:   macro-acc 0.446 | macro-F1 0.209 | micro-P 0.161 | micro-R 0.762 | micro-F1 0.265 | macro-PR 0.251 | micro-PR 0.133
  Train accuracy per class:
    Normal: 0.528, CHF: 0.350, pneumonia: 0.326, consolidation: 0.480, enlarged_cardiac_silhouette: 0.475, linear__patchy_atelectasis: 0.463, lobar__segmental_collapse: 0.616, not_otherwise_specified_opacity___pleural__parenchymal_opacity__: 0.380, pleural_effusion_or_thickening: 0.269, pulmonary_edema__hazy_opacity: 0.525, normal_anatomically: 0.528, elevated_hemidiaphragm: 0.193, hyperaeration: 0.511, vascular_redistribution: 0.228, atelectasis__chx: 0.306, cardiomegaly__chx: 0.284, consolidation__chx: 0.263, edema__chx: 0.350, enlarged_cardiomediastinum__chx: 0.778, fracture__chx: 0.231, lung_lesion__chx: 0.352, lung_opacity__chx: 0.235, no_finding__chx: 0.592, pleural_effusion__chx: 0.264, pleural_other__chx: 0.580, pneumonia__chx: 0.571, pneumothorax__chx: 0.249, support_devices__chx: 0.252
  Val accuracy per class:
    Normal: 0.398, CHF: 0.426, pneumonia: 0.287, consolidation: 0.111, enlarged_cardiac_silhouette: 0.417, linear__patchy_atelectasis: 0.491, lobar__segmental_collapse: 0.398, not_otherwise_specified_opacity___pleural__parenchymal_opacity__: 0.454, pleural_effusion_or_thickening: 0.204, pulmonary_edema__hazy_opacity: 0.176, normal_anatomically: 0.389, elevated_hemidiaphragm: 0.019, hyperaeration: 0.361, vascular_redistribution: 0.102, atelectasis__chx: 0.898, cardiomegaly__chx: 0.565, consolidation__chx: 0.074, edema__chx: 0.861, enlarged_cardiomediastinum__chx: 0.000, fracture__chx: 0.167, lung_lesion__chx: 0.417, lung_opacity__chx: 0.231, no_finding__chx: 0.444, pleural_effusion__chx: 0.167, pleural_other__chx: 0.574, pneumonia__chx: 0.815, pneumothorax__chx: 0.407, support_devices__chx: 0.556
  Val threshold stats | median 0.050 | pos-rate@0.50 0.593 | pos-rate@thr 0.706
Epoch 36 | train loss -202.0971 | val loss 5.7938 | time 88.65s
  Train summary: macro-acc 0.403 | macro-F1 0.233 | micro-P 0.174 | micro-R 0.818 | micro-F1 0.286 | macro-PR 0.190 | micro-PR 0.175
  Val summary:   macro-acc 0.408 | macro-F1 0.227 | micro-P 0.161 | micro-R 0.762 | micro-F1 0.266 | macro-PR 0.216 | micro-PR 0.117
  Train accuracy per class:
    Normal: 0.534, CHF: 0.340, pneumonia: 0.545, consolidation: 0.178, enlarged_cardiac_silhouette: 0.268, linear__patchy_atelectasis: 0.588, lobar__segmental_collapse: 0.697, not_otherwise_specified_opacity___pleural__parenchymal_opacity__: 0.377, pleural_effusion_or_thickening: 0.273, pulmonary_edema__hazy_opacity: 0.466, normal_anatomically: 0.524, elevated_hemidiaphragm: 0.193, hyperaeration: 0.669, vascular_redistribution: 0.227, atelectasis__chx: 0.318, cardiomegaly__chx: 0.380, consolidation__chx: 0.239, edema__chx: 0.356, enlarged_cardiomediastinum__chx: 0.801, fracture__chx: 0.227, lung_lesion__chx: 0.653, lung_opacity__chx: 0.224, no_finding__chx: 0.580, pleural_effusion__chx: 0.247, pleural_other__chx: 0.358, pneumonia__chx: 0.544, pneumothorax__chx: 0.257, support_devices__chx: 0.373
  Val accuracy per class:
    Normal: 0.389, CHF: 0.426, pneumonia: 0.389, consolidation: 0.093, enlarged_cardiac_silhouette: 0.241, linear__patchy_atelectasis: 0.537, lobar__segmental_collapse: 0.352, not_otherwise_specified_opacity___pleural__parenchymal_opacity__: 0.454, pleural_effusion_or_thickening: 0.204, pulmonary_edema__hazy_opacity: 0.435, normal_anatomically: 0.333, elevated_hemidiaphragm: 0.000, hyperaeration: 0.565, vascular_redistribution: 0.019, atelectasis__chx: 0.704, cardiomegaly__chx: 0.602, consolidation__chx: 0.176, edema__chx: 0.620, enlarged_cardiomediastinum__chx: 0.000, fracture__chx: 0.065, lung_lesion__chx: 0.648, lung_opacity__chx: 0.231, no_finding__chx: 0.481, pleural_effusion__chx: 0.167, pleural_other__chx: 0.185, pneumonia__chx: 0.815, pneumothorax__chx: 0.435, support_devices__chx: 0.880
  Val threshold stats | median 0.050 | pos-rate@0.50 0.630 | pos-rate@thr 0.705
Epoch 37 | train loss -212.4457 | val loss 10.6904 | time 90.58s
  Train summary: macro-acc 0.402 | macro-F1 0.234 | micro-P 0.161 | micro-R 0.725 | micro-F1 0.263 | macro-PR 0.181 | micro-PR 0.170
  Val summary:   macro-acc 0.485 | macro-F1 0.204 | micro-P 0.155 | micro-R 0.600 | micro-F1 0.247 | macro-PR 0.244 | micro-PR 0.136
  Train accuracy per class:
    Normal: 0.545, CHF: 0.346, pneumonia: 0.587, consolidation: 0.450, enlarged_cardiac_silhouette: 0.358, linear__patchy_atelectasis: 0.520, lobar__segmental_collapse: 0.367, not_otherwise_specified_opacity___pleural__parenchymal_opacity__: 0.672, pleural_effusion_or_thickening: 0.268, pulmonary_edema__hazy_opacity: 0.310, normal_anatomically: 0.545, elevated_hemidiaphragm: 0.182, hyperaeration: 0.439, vascular_redistribution: 0.206, atelectasis__chx: 0.298, cardiomegaly__chx: 0.391, consolidation__chx: 0.222, edema__chx: 0.343, enlarged_cardiomediastinum__chx: 0.807, fracture__chx: 0.235, lung_lesion__chx: 0.526, lung_opacity__chx: 0.724, no_finding__chx: 0.577, pleural_effusion__chx: 0.284, pleural_other__chx: 0.228, pneumonia__chx: 0.546, pneumothorax__chx: 0.255, support_devices__chx: 0.256
  Val accuracy per class:
    Normal: 0.694, CHF: 0.426, pneumonia: 0.417, consolidation: 0.389, enlarged_cardiac_silhouette: 0.722, linear__patchy_atelectasis: 0.704, lobar__segmental_collapse: 0.204, not_otherwise_specified_opacity___pleural__parenchymal_opacity__: 0.519, pleural_effusion_or_thickening: 0.204, pulmonary_edema__hazy_opacity: 0.222, normal_anatomically: 0.657, elevated_hemidiaphragm: 0.000, hyperaeration: 0.528, vascular_redistribution: 0.000, atelectasis__chx: 0.843, cardiomegaly__chx: 0.713, consolidation__chx: 0.185, edema__chx: 0.861, enlarged_cardiomediastinum__chx: 0.000, fracture__chx: 0.204, lung_lesion__chx: 0.639, lung_opacity__chx: 0.333, no_finding__chx: 0.639, pleural_effusion__chx: 0.176, pleural_other__chx: 0.130, pneumonia__chx: 0.815, pneumothorax__chx: 0.685, support_devices__chx: 0.815
  Val threshold stats | median 0.250 | pos-rate@0.50 0.540 | pos-rate@thr 0.575
Epoch 38 | train loss -224.9628 | val loss 3.5513 | time 90.64s
  Train summary: macro-acc 0.396 | macro-F1 0.228 | micro-P 0.181 | micro-R 0.796 | micro-F1 0.294 | macro-PR 0.179 | micro-PR 0.173
  Val summary:   macro-acc 0.328 | macro-F1 0.242 | micro-P 0.163 | micro-R 0.851 | micro-F1 0.274 | macro-PR 0.255 | micro-PR 0.100
  Train accuracy per class:
    Normal: 0.537, CHF: 0.347, pneumonia: 0.327, consolidation: 0.187, enlarged_cardiac_silhouette: 0.541, linear__patchy_atelectasis: 0.559, lobar__segmental_collapse: 0.376, not_otherwise_specified_opacity___pleural__parenchymal_opacity__: 0.384, pleural_effusion_or_thickening: 0.270, pulmonary_edema__hazy_opacity: 0.555, normal_anatomically: 0.551, elevated_hemidiaphragm: 0.181, hyperaeration: 0.822, vascular_redistribution: 0.219, atelectasis__chx: 0.298, cardiomegaly__chx: 0.277, consolidation__chx: 0.679, edema__chx: 0.343, enlarged_cardiomediastinum__chx: 0.821, fracture__chx: 0.243, lung_lesion__chx: 0.749, lung_opacity__chx: 0.219, no_finding__chx: 0.577, pleural_effusion__chx: 0.660, pleural_other__chx: 0.503, pneumonia__chx: 0.537, pneumothorax__chx: 0.248, support_devices__chx: 0.484
  Val accuracy per class:
    Normal: 0.296, CHF: 0.426, pneumonia: 0.287, consolidation: 0.093, enlarged_cardiac_silhouette: 0.648, linear__patchy_atelectasis: 0.537, lobar__segmental_collapse: 0.037, not_otherwise_specified_opacity___pleural__parenchymal_opacity__: 0.454, pleural_effusion_or_thickening: 0.204, pulmonary_edema__hazy_opacity: 0.222, normal_anatomically: 0.343, elevated_hemidiaphragm: 0.000, hyperaeration: 0.824, vascular_redistribution: 0.000, atelectasis__chx: 0.500, cardiomegaly__chx: 0.204, consolidation__chx: 0.324, edema__chx: 0.537, enlarged_cardiomediastinum__chx: 0.009, fracture__chx: 0.065, lung_lesion__chx: 0.500, lung_opacity__chx: 0.231, no_finding__chx: 0.370, pleural_effusion__chx: 0.491, pleural_other__chx: 0.065, pneumonia__chx: 0.824, pneumothorax__chx: 0.093, support_devices__chx: 0.583
  Val threshold stats | median 0.100 | pos-rate@0.50 0.723 | pos-rate@thr 0.777
Epoch 39 | train loss -238.4802 | val loss 2.4990 | time 94.80s
  Train summary: macro-acc 0.403 | macro-F1 0.232 | micro-P 0.186 | micro-R 0.796 | micro-F1 0.301 | macro-PR 0.180 | micro-PR 0.176
  Val summary:   macro-acc 0.294 | macro-F1 0.251 | micro-P 0.168 | micro-R 0.884 | micro-F1 0.283 | macro-PR 0.255 | micro-PR 0.100
  Train accuracy per class:
    Normal: 0.544, CHF: 0.356, pneumonia: 0.321, consolidation: 0.542, enlarged_cardiac_silhouette: 0.245, linear__patchy_atelectasis: 0.489, lobar__segmental_collapse: 0.745, not_otherwise_specified_opacity___pleural__parenchymal_opacity__: 0.383, pleural_effusion_or_thickening: 0.507, pulmonary_edema__hazy_opacity: 0.644, normal_anatomically: 0.545, elevated_hemidiaphragm: 0.186, hyperaeration: 0.693, vascular_redistribution: 0.222, atelectasis__chx: 0.307, cardiomegaly__chx: 0.429, consolidation__chx: 0.529, edema__chx: 0.379, enlarged_cardiomediastinum__chx: 0.872, fracture__chx: 0.247, lung_lesion__chx: 0.778, lung_opacity__chx: 0.219, no_finding__chx: 0.582, pleural_effusion__chx: 0.247, pleural_other__chx: 0.416, pneumonia__chx: 0.534, pneumothorax__chx: 0.252, support_devices__chx: 0.765
  Val accuracy per class:
    Normal: 0.296, CHF: 0.426, pneumonia: 0.287, consolidation: 0.296, enlarged_cardiac_silhouette: 0.241, linear__patchy_atelectasis: 0.426, lobar__segmental_collapse: 0.491, not_otherwise_specified_opacity___pleural__parenchymal_opacity__: 0.454, pleural_effusion_or_thickening: 0.556, pulmonary_edema__hazy_opacity: 0.639, normal_anatomically: 0.324, elevated_hemidiaphragm: 0.000, hyperaeration: 0.370, vascular_redistribution: 0.000, atelectasis__chx: 0.491, cardiomegaly__chx: 0.565, consolidation__chx: 0.065, edema__chx: 0.528, enlarged_cardiomediastinum__chx: 0.037, fracture__chx: 0.037, lung_lesion__chx: 0.519, lung_opacity__chx: 0.231, no_finding__chx: 0.352, pleural_effusion__chx: 0.167, pleural_other__chx: 0.093, pneumonia__chx: 0.630, pneumothorax__chx: 0.093, support_devices__chx: 0.685
  Val threshold stats | median 0.100 | pos-rate@0.50 0.756 | pos-rate@thr 0.782
Epoch 40 | train loss -249.7216 | val loss 3.9334 | time 91.90s
  Train summary: macro-acc 0.403 | macro-F1 0.237 | micro-P 0.183 | micro-R 0.823 | micro-F1 0.299 | macro-PR 0.188 | micro-PR 0.179
  Val summary:   macro-acc 0.291 | macro-F1 0.246 | micro-P 0.166 | micro-R 0.913 | micro-F1 0.281 | macro-PR 0.262 | micro-PR 0.099
  Train accuracy per class:
    Normal: 0.545, CHF: 0.344, pneumonia: 0.331, consolidation: 0.505, enlarged_cardiac_silhouette: 0.256, linear__patchy_atelectasis: 0.480, lobar__segmental_collapse: 0.590, not_otherwise_specified_opacity___pleural__parenchymal_opacity__: 0.385, pleural_effusion_or_thickening: 0.471, pulmonary_edema__hazy_opacity: 0.583, normal_anatomically: 0.538, elevated_hemidiaphragm: 0.183, hyperaeration: 0.734, vascular_redistribution: 0.211, atelectasis__chx: 0.284, cardiomegaly__chx: 0.482, consolidation__chx: 0.293, edema__chx: 0.340, enlarged_cardiomediastinum__chx: 0.897, fracture__chx: 0.244, lung_lesion__chx: 0.665, lung_opacity__chx: 0.231, no_finding__chx: 0.591, pleural_effusion__chx: 0.249, pleural_other__chx: 0.373, pneumonia__chx: 0.541, pneumothorax__chx: 0.240, support_devices__chx: 0.740
  Val accuracy per class:
    Normal: 0.315, CHF: 0.426, pneumonia: 0.287, consolidation: 0.130, enlarged_cardiac_silhouette: 0.241, linear__patchy_atelectasis: 0.417, lobar__segmental_collapse: 0.185, not_otherwise_specified_opacity___pleural__parenchymal_opacity__: 0.454, pleural_effusion_or_thickening: 0.222, pulmonary_edema__hazy_opacity: 0.269, normal_anatomically: 0.306, elevated_hemidiaphragm: 0.000, hyperaeration: 0.472, vascular_redistribution: 0.000, atelectasis__chx: 0.454, cardiomegaly__chx: 0.639, consolidation__chx: 0.046, edema__chx: 0.537, enlarged_cardiomediastinum__chx: 0.426, fracture__chx: 0.120, lung_lesion__chx: 0.481, lung_opacity__chx: 0.231, no_finding__chx: 0.352, pleural_effusion__chx: 0.167, pleural_other__chx: 0.083, pneumonia__chx: 0.602, pneumothorax__chx: 0.019, support_devices__chx: 0.630
  Val threshold stats | median 0.150 | pos-rate@0.50 0.748 | pos-rate@thr 0.819
Epoch 41 | train loss -265.0545 | val loss 12.5919 | time 92.68s
  Train summary: macro-acc 0.411 | macro-F1 0.234 | micro-P 0.171 | micro-R 0.847 | micro-F1 0.284 | macro-PR 0.180 | micro-PR 0.181
  Val summary:   macro-acc 0.575 | macro-F1 0.202 | micro-P 0.165 | micro-R 0.638 | micro-F1 0.262 | macro-PR 0.229 | micro-PR 0.170
  Train accuracy per class:
    Normal: 0.538, CHF: 0.340, pneumonia: 0.321, consolidation: 0.189, enlarged_cardiac_silhouette: 0.423, linear__patchy_atelectasis: 0.377, lobar__segmental_collapse: 0.703, not_otherwise_specified_opacity___pleural__parenchymal_opacity__: 0.387, pleural_effusion_or_thickening: 0.294, pulmonary_edema__hazy_opacity: 0.263, normal_anatomically: 0.542, elevated_hemidiaphragm: 0.187, hyperaeration: 0.557, vascular_redistribution: 0.249, atelectasis__chx: 0.309, cardiomegaly__chx: 0.331, consolidation__chx: 0.272, edema__chx: 0.377, enlarged_cardiomediastinum__chx: 0.846, fracture__chx: 0.253, lung_lesion__chx: 0.509, lung_opacity__chx: 0.222, no_finding__chx: 0.584, pleural_effusion__chx: 0.269, pleural_other__chx: 0.215, pneumonia__chx: 0.563, pneumothorax__chx: 0.268, support_devices__chx: 0.269
  Val accuracy per class:
    Normal: 0.537, CHF: 0.426, pneumonia: 0.287, consolidation: 0.093, enlarged_cardiac_silhouette: 0.722, linear__patchy_atelectasis: 0.583, lobar__segmental_collapse: 0.222, not_otherwise_specified_opacity___pleural__parenchymal_opacity__: 0.454, pleural_effusion_or_thickening: 0.204, pulmonary_edema__hazy_opacity: 0.185, normal_anatomically: 0.546, elevated_hemidiaphragm: 0.019, hyperaeration: 0.676, vascular_redistribution: 0.343, atelectasis__chx: 0.898, cardiomegaly__chx: 0.731, consolidation__chx: 0.463, edema__chx: 0.861, enlarged_cardiomediastinum__chx: 0.000, fracture__chx: 0.537, lung_lesion__chx: 0.778, lung_opacity__chx: 0.231, no_finding__chx: 0.583, pleural_effusion__chx: 0.167, pleural_other__chx: 0.213, pneumonia__chx: 0.815, pneumothorax__chx: 0.704, support_devices__chx: 0.759
  Val threshold stats | median 0.050 | pos-rate@0.50 0.425 | pos-rate@thr 0.575
Epoch 42 | train loss -276.0750 | val loss 4.4698 | time 92.28s
  Train summary: macro-acc 0.400 | macro-F1 0.235 | micro-P 0.178 | micro-R 0.779 | micro-F1 0.290 | macro-PR 0.186 | micro-PR 0.172
  Val summary:   macro-acc 0.319 | macro-F1 0.246 | micro-P 0.167 | micro-R 0.871 | micro-F1 0.280 | macro-PR 0.239 | micro-PR 0.105
  Train accuracy per class:
    Normal: 0.525, CHF: 0.354, pneumonia: 0.338, consolidation: 0.162, enlarged_cardiac_silhouette: 0.276, linear__patchy_atelectasis: 0.487, lobar__segmental_collapse: 0.681, not_otherwise_specified_opacity___pleural__parenchymal_opacity__: 0.538, pleural_effusion_or_thickening: 0.274, pulmonary_edema__hazy_opacity: 0.654, normal_anatomically: 0.544, elevated_hemidiaphragm: 0.198, hyperaeration: 0.594, vascular_redistribution: 0.234, atelectasis__chx: 0.364, cardiomegaly__chx: 0.363, consolidation__chx: 0.526, edema__chx: 0.376, enlarged_cardiomediastinum__chx: 0.839, fracture__chx: 0.240, lung_lesion__chx: 0.877, lung_opacity__chx: 0.504, no_finding__chx: 0.588, pleural_effusion__chx: 0.422, pleural_other__chx: 0.284, pneumonia__chx: 0.545, pneumothorax__chx: 0.237, support_devices__chx: 0.478
  Val accuracy per class:
    Normal: 0.287, CHF: 0.426, pneumonia: 0.287, consolidation: 0.093, enlarged_cardiac_silhouette: 0.241, linear__patchy_atelectasis: 0.435, lobar__segmental_collapse: 0.407, not_otherwise_specified_opacity___pleural__parenchymal_opacity__: 0.491, pleural_effusion_or_thickening: 0.204, pulmonary_edema__hazy_opacity: 0.639, normal_anatomically: 0.296, elevated_hemidiaphragm: 0.000, hyperaeration: 0.481, vascular_redistribution: 0.000, atelectasis__chx: 0.620, cardiomegaly__chx: 0.565, consolidation__chx: 0.185, edema__chx: 0.565, enlarged_cardiomediastinum__chx: 0.028, fracture__chx: 0.139, lung_lesion__chx: 0.648, lung_opacity__chx: 0.278, no_finding__chx: 0.315, pleural_effusion__chx: 0.231, pleural_other__chx: 0.046, pneumonia__chx: 0.630, pneumothorax__chx: 0.176, support_devices__chx: 0.648
  Val threshold stats | median 0.400 | pos-rate@0.50 0.731 | pos-rate@thr 0.776
Epoch 43 | train loss -291.4075 | val loss 9.0487 | time 91.31s
  Train summary: macro-acc 0.404 | macro-F1 0.238 | micro-P 0.167 | micro-R 0.795 | micro-F1 0.277 | macro-PR 0.183 | micro-PR 0.183
  Val summary:   macro-acc 0.526 | macro-F1 0.204 | micro-P 0.163 | micro-R 0.653 | micro-F1 0.261 | macro-PR 0.242 | micro-PR 0.156
  Train accuracy per class:
    Normal: 0.538, CHF: 0.338, pneumonia: 0.562, consolidation: 0.387, enlarged_cardiac_silhouette: 0.397, linear__patchy_atelectasis: 0.234, lobar__segmental_collapse: 0.313, not_otherwise_specified_opacity___pleural__parenchymal_opacity__: 0.377, pleural_effusion_or_thickening: 0.284, pulmonary_edema__hazy_opacity: 0.402, normal_anatomically: 0.555, elevated_hemidiaphragm: 0.186, hyperaeration: 0.760, vascular_redistribution: 0.228, atelectasis__chx: 0.288, cardiomegaly__chx: 0.315, consolidation__chx: 0.257, edema__chx: 0.342, enlarged_cardiomediastinum__chx: 0.872, fracture__chx: 0.239, lung_lesion__chx: 0.422, lung_opacity__chx: 0.745, no_finding__chx: 0.596, pleural_effusion__chx: 0.249, pleural_other__chx: 0.197, pneumonia__chx: 0.530, pneumothorax__chx: 0.243, support_devices__chx: 0.249
  Val accuracy per class:
    Normal: 0.500, CHF: 0.426, pneumonia: 0.435, consolidation: 0.620, enlarged_cardiac_silhouette: 0.620, linear__patchy_atelectasis: 0.176, lobar__segmental_collapse: 0.472, not_otherwise_specified_opacity___pleural__parenchymal_opacity__: 0.454, pleural_effusion_or_thickening: 0.204, pulmonary_edema__hazy_opacity: 0.417, normal_anatomically: 0.491, elevated_hemidiaphragm: 0.009, hyperaeration: 0.750, vascular_redistribution: 0.102, atelectasis__chx: 0.898, cardiomegaly__chx: 0.509, consolidation__chx: 0.148, edema__chx: 0.861, enlarged_cardiomediastinum__chx: 0.037, fracture__chx: 0.426, lung_lesion__chx: 0.722, lung_opacity__chx: 0.333, no_finding__chx: 0.491, pleural_effusion__chx: 0.167, pleural_other__chx: 0.102, pneumonia__chx: 0.815, pneumothorax__chx: 0.639, support_devices__chx: 0.741
  Val threshold stats | median 0.050 | pos-rate@0.50 0.497 | pos-rate@thr 0.597
Epoch 44 | train loss -307.5120 | val loss 2.6225 | time 93.04s
  Train summary: macro-acc 0.410 | macro-F1 0.235 | micro-P 0.172 | micro-R 0.823 | micro-F1 0.284 | macro-PR 0.193 | micro-PR 0.182
  Val summary:   macro-acc 0.444 | macro-F1 0.211 | micro-P 0.159 | micro-R 0.760 | micro-F1 0.262 | macro-PR 0.223 | micro-PR 0.126
  Train accuracy per class:
    Normal: 0.549, CHF: 0.354, pneumonia: 0.326, consolidation: 0.544, enlarged_cardiac_silhouette: 0.558, linear__patchy_atelectasis: 0.450, lobar__segmental_collapse: 0.596, not_otherwise_specified_opacity___pleural__parenchymal_opacity__: 0.376, pleural_effusion_or_thickening: 0.261, pulmonary_edema__hazy_opacity: 0.480, normal_anatomically: 0.549, elevated_hemidiaphragm: 0.197, hyperaeration: 0.480, vascular_redistribution: 0.219, atelectasis__chx: 0.297, cardiomegaly__chx: 0.248, consolidation__chx: 0.265, edema__chx: 0.359, enlarged_cardiomediastinum__chx: 0.860, fracture__chx: 0.239, lung_lesion__chx: 0.586, lung_opacity__chx: 0.226, no_finding__chx: 0.598, pleural_effusion__chx: 0.294, pleural_other__chx: 0.216, pneumonia__chx: 0.530, pneumothorax__chx: 0.256, support_devices__chx: 0.266
  Val accuracy per class:
    Normal: 0.417, CHF: 0.426, pneumonia: 0.287, consolidation: 0.491, enlarged_cardiac_silhouette: 0.444, linear__patchy_atelectasis: 0.287, lobar__segmental_collapse: 0.278, not_otherwise_specified_opacity___pleural__parenchymal_opacity__: 0.454, pleural_effusion_or_thickening: 0.204, pulmonary_edema__hazy_opacity: 0.250, normal_anatomically: 0.333, elevated_hemidiaphragm: 0.000, hyperaeration: 0.380, vascular_redistribution: 0.074, atelectasis__chx: 0.667, cardiomegaly__chx: 0.269, consolidation__chx: 0.139, edema__chx: 0.861, enlarged_cardiomediastinum__chx: 0.009, fracture__chx: 0.250, lung_lesion__chx: 0.593, lung_opacity__chx: 0.231, no_finding__chx: 0.472, pleural_effusion__chx: 0.259, pleural_other__chx: 0.157, pneumonia__chx: 0.815, pneumothorax__chx: 0.519, support_devices__chx: 0.639
  Val threshold stats | median 0.050 | pos-rate@0.50 0.599 | pos-rate@thr 0.713
Epoch 45 | train loss -320.9033 | val loss 9.4744 | time 94.34s
  Train summary: macro-acc 0.407 | macro-F1 0.230 | micro-P 0.161 | micro-R 0.773 | micro-F1 0.266 | macro-PR 0.182 | micro-PR 0.180
  Val summary:   macro-acc 0.504 | macro-F1 0.205 | micro-P 0.167 | micro-R 0.682 | micro-F1 0.268 | macro-PR 0.224 | micro-PR 0.182
  Train accuracy per class:
    Normal: 0.530, CHF: 0.347, pneumonia: 0.609, consolidation: 0.496, enlarged_cardiac_silhouette: 0.255, linear__patchy_atelectasis: 0.228, lobar__segmental_collapse: 0.474, not_otherwise_specified_opacity___pleural__parenchymal_opacity__: 0.672, pleural_effusion_or_thickening: 0.268, pulmonary_edema__hazy_opacity: 0.394, normal_anatomically: 0.551, elevated_hemidiaphragm: 0.211, hyperaeration: 0.484, vascular_redistribution: 0.252, atelectasis__chx: 0.294, cardiomegaly__chx: 0.286, consolidation__chx: 0.319, edema__chx: 0.347, enlarged_cardiomediastinum__chx: 0.822, fracture__chx: 0.241, lung_lesion__chx: 0.276, lung_opacity__chx: 0.227, no_finding__chx: 0.590, pleural_effusion__chx: 0.259, pleural_other__chx: 0.216, pneumonia__chx: 0.507, pneumothorax__chx: 0.249, support_devices__chx: 0.244
  Val accuracy per class:
    Normal: 0.593, CHF: 0.426, pneumonia: 0.389, consolidation: 0.722, enlarged_cardiac_silhouette: 0.241, linear__patchy_atelectasis: 0.176, lobar__segmental_collapse: 0.157, not_otherwise_specified_opacity___pleural__parenchymal_opacity__: 0.472, pleural_effusion_or_thickening: 0.204, pulmonary_edema__hazy_opacity: 0.222, normal_anatomically: 0.611, elevated_hemidiaphragm: 0.009, hyperaeration: 0.546, vascular_redistribution: 0.389, atelectasis__chx: 0.898, cardiomegaly__chx: 0.694, consolidation__chx: 0.093, edema__chx: 0.861, enlarged_cardiomediastinum__chx: 0.000, fracture__chx: 0.648, lung_lesion__chx: 0.574, lung_opacity__chx: 0.231, no_finding__chx: 0.583, pleural_effusion__chx: 0.167, pleural_other__chx: 0.241, pneumonia__chx: 0.815, pneumothorax__chx: 0.769, support_devices__chx: 0.759
  Val threshold stats | median 0.050 | pos-rate@0.50 0.533 | pos-rate@thr 0.608
Epoch 46 | train loss -338.8039 | val loss 5.0436 | time 91.82s
  Train summary: macro-acc 0.406 | macro-F1 0.234 | micro-P 0.174 | micro-R 0.758 | micro-F1 0.283 | macro-PR 0.181 | micro-PR 0.171
  Val summary:   macro-acc 0.432 | macro-F1 0.218 | micro-P 0.159 | micro-R 0.680 | micro-F1 0.258 | macro-PR 0.226 | micro-PR 0.123
  Train accuracy per class:
    Normal: 0.541, CHF: 0.339, pneumonia: 0.530, consolidation: 0.482, enlarged_cardiac_silhouette: 0.495, linear__patchy_atelectasis: 0.529, lobar__segmental_collapse: 0.693, not_otherwise_specified_opacity___pleural__parenchymal_opacity__: 0.369, pleural_effusion_or_thickening: 0.260, pulmonary_edema__hazy_opacity: 0.644, normal_anatomically: 0.545, elevated_hemidiaphragm: 0.195, hyperaeration: 0.592, vascular_redistribution: 0.239, atelectasis__chx: 0.301, cardiomegaly__chx: 0.322, consolidation__chx: 0.311, edema__chx: 0.375, enlarged_cardiomediastinum__chx: 0.825, fracture__chx: 0.243, lung_lesion__chx: 0.774, lung_opacity__chx: 0.683, no_finding__chx: 0.599, pleural_effusion__chx: 0.248, pleural_other__chx: 0.212, pneumonia__chx: 0.536, pneumothorax__chx: 0.248, support_devices__chx: 0.252
  Val accuracy per class:
    Normal: 0.463, CHF: 0.426, pneumonia: 0.398, consolidation: 0.583, enlarged_cardiac_silhouette: 0.657, linear__patchy_atelectasis: 0.537, lobar__segmental_collapse: 0.019, not_otherwise_specified_opacity___pleural__parenchymal_opacity__: 0.454, pleural_effusion_or_thickening: 0.204, pulmonary_edema__hazy_opacity: 0.546, normal_anatomically: 0.407, elevated_hemidiaphragm: 0.000, hyperaeration: 0.556, vascular_redistribution: 0.019, atelectasis__chx: 0.778, cardiomegaly__chx: 0.537, consolidation__chx: 0.213, edema__chx: 0.861, enlarged_cardiomediastinum__chx: 0.000, fracture__chx: 0.250, lung_lesion__chx: 0.778, lung_opacity__chx: 0.278, no_finding__chx: 0.537, pleural_effusion__chx: 0.167, pleural_other__chx: 0.093, pneumonia__chx: 0.815, pneumothorax__chx: 0.593, support_devices__chx: 0.528
  Val threshold stats | median 0.050 | pos-rate@0.50 0.612 | pos-rate@thr 0.636
Epoch 47 | train loss -355.4568 | val loss 7.1247 | time 92.25s
  Train summary: macro-acc 0.396 | macro-F1 0.230 | micro-P 0.168 | micro-R 0.766 | micro-F1 0.275 | macro-PR 0.184 | micro-PR 0.171
  Val summary:   macro-acc 0.455 | macro-F1 0.205 | micro-P 0.157 | micro-R 0.676 | micro-F1 0.255 | macro-PR 0.214 | micro-PR 0.134
  Train accuracy per class:
    Normal: 0.553, CHF: 0.526, pneumonia: 0.325, consolidation: 0.575, enlarged_cardiac_silhouette: 0.263, linear__patchy_atelectasis: 0.326, lobar__segmental_collapse: 0.319, not_otherwise_specified_opacity___pleural__parenchymal_opacity__: 0.377, pleural_effusion_or_thickening: 0.521, pulmonary_edema__hazy_opacity: 0.406, normal_anatomically: 0.554, elevated_hemidiaphragm: 0.177, hyperaeration: 0.673, vascular_redistribution: 0.219, atelectasis__chx: 0.270, cardiomegaly__chx: 0.348, consolidation__chx: 0.410, edema__chx: 0.328, enlarged_cardiomediastinum__chx: 0.864, fracture__chx: 0.237, lung_lesion__chx: 0.627, lung_opacity__chx: 0.699, no_finding__chx: 0.591, pleural_effusion__chx: 0.235, pleural_other__chx: 0.207, pneumonia__chx: 0.471, pneumothorax__chx: 0.237, support_devices__chx: 0.265
  Val accuracy per class:
    Normal: 0.546, CHF: 0.454, pneumonia: 0.287, consolidation: 0.102, enlarged_cardiac_silhouette: 0.241, linear__patchy_atelectasis: 0.472, lobar__segmental_collapse: 0.296, not_otherwise_specified_opacity___pleural__parenchymal_opacity__: 0.454, pleural_effusion_or_thickening: 0.435, pulmonary_edema__hazy_opacity: 0.370, normal_anatomically: 0.398, elevated_hemidiaphragm: 0.000, hyperaeration: 0.648, vascular_redistribution: 0.102, atelectasis__chx: 0.787, cardiomegaly__chx: 0.593, consolidation__chx: 0.083, edema__chx: 0.861, enlarged_cardiomediastinum__chx: 0.000, fracture__chx: 0.287, lung_lesion__chx: 0.667, lung_opacity__chx: 0.407, no_finding__chx: 0.528, pleural_effusion__chx: 0.167, pleural_other__chx: 0.093, pneumonia__chx: 0.815, pneumothorax__chx: 0.611, support_devices__chx: 0.861
  Val threshold stats | median 0.050 | pos-rate@0.50 0.585 | pos-rate@thr 0.639
Epoch 48 | train loss -372.1369 | val loss 4.4046 | time 90.44s
  Train summary: macro-acc 0.403 | macro-F1 0.234 | micro-P 0.175 | micro-R 0.756 | micro-F1 0.284 | macro-PR 0.181 | micro-PR 0.182
  Val summary:   macro-acc 0.403 | macro-F1 0.217 | micro-P 0.159 | micro-R 0.744 | micro-F1 0.262 | macro-PR 0.216 | micro-PR 0.115
  Train accuracy per class:
    Normal: 0.561, CHF: 0.346, pneumonia: 0.313, consolidation: 0.177, enlarged_cardiac_silhouette: 0.538, linear__patchy_atelectasis: 0.542, lobar__segmental_collapse: 0.537, not_otherwise_specified_opacity___pleural__parenchymal_opacity__: 0.612, pleural_effusion_or_thickening: 0.256, pulmonary_edema__hazy_opacity: 0.649, normal_anatomically: 0.554, elevated_hemidiaphragm: 0.186, hyperaeration: 0.693, vascular_redistribution: 0.215, atelectasis__chx: 0.280, cardiomegaly__chx: 0.331, consolidation__chx: 0.545, edema__chx: 0.371, enlarged_cardiomediastinum__chx: 0.875, fracture__chx: 0.236, lung_lesion__chx: 0.756, lung_opacity__chx: 0.591, no_finding__chx: 0.607, pleural_effusion__chx: 0.256, pleural_other__chx: 0.234, pneumonia__chx: 0.529, pneumothorax__chx: 0.243, support_devices__chx: 0.453
  Val accuracy per class:
    Normal: 0.370, CHF: 0.426, pneumonia: 0.287, consolidation: 0.093, enlarged_cardiac_silhouette: 0.333, linear__patchy_atelectasis: 0.537, lobar__segmental_collapse: 0.491, not_otherwise_specified_opacity___pleural__parenchymal_opacity__: 0.491, pleural_effusion_or_thickening: 0.204, pulmonary_edema__hazy_opacity: 0.380, normal_anatomically: 0.343, elevated_hemidiaphragm: 0.000, hyperaeration: 0.602, vascular_redistribution: 0.000, atelectasis__chx: 0.611, cardiomegaly__chx: 0.611, consolidation__chx: 0.120, edema__chx: 0.759, enlarged_cardiomediastinum__chx: 0.009, fracture__chx: 0.046, lung_lesion__chx: 0.630, lung_opacity__chx: 0.269, no_finding__chx: 0.491, pleural_effusion__chx: 0.167, pleural_other__chx: 0.120, pneumonia__chx: 0.815, pneumothorax__chx: 0.472, support_devices__chx: 0.861
  Val threshold stats | median 0.050 | pos-rate@0.50 0.639 | pos-rate@thr 0.696
Epoch 49 | train loss -392.2572 | val loss 6.4513 | time 92.86s
  Train summary: macro-acc 0.398 | macro-F1 0.240 | micro-P 0.175 | micro-R 0.846 | micro-F1 0.290 | macro-PR 0.186 | micro-PR 0.177
  Val summary:   macro-acc 0.488 | macro-F1 0.203 | micro-P 0.162 | micro-R 0.682 | micro-F1 0.261 | macro-PR 0.207 | micro-PR 0.129
  Train accuracy per class:
    Normal: 0.559, CHF: 0.355, pneumonia: 0.306, consolidation: 0.566, enlarged_cardiac_silhouette: 0.241, linear__patchy_atelectasis: 0.234, lobar__segmental_collapse: 0.732, not_otherwise_specified_opacity___pleural__parenchymal_opacity__: 0.381, pleural_effusion_or_thickening: 0.266, pulmonary_edema__hazy_opacity: 0.394, normal_anatomically: 0.562, elevated_hemidiaphragm: 0.208, hyperaeration: 0.369, vascular_redistribution: 0.211, atelectasis__chx: 0.269, cardiomegaly__chx: 0.273, consolidation__chx: 0.413, edema__chx: 0.323, enlarged_cardiomediastinum__chx: 0.872, fracture__chx: 0.234, lung_lesion__chx: 0.615, lung_opacity__chx: 0.661, no_finding__chx: 0.612, pleural_effusion__chx: 0.253, pleural_other__chx: 0.228, pneumonia__chx: 0.499, pneumothorax__chx: 0.239, support_devices__chx: 0.274
  Val accuracy per class:
    Normal: 0.620, CHF: 0.426, pneumonia: 0.287, consolidation: 0.676, enlarged_cardiac_silhouette: 0.241, linear__patchy_atelectasis: 0.176, lobar__segmental_collapse: 0.389, not_otherwise_specified_opacity___pleural__parenchymal_opacity__: 0.454, pleural_effusion_or_thickening: 0.204, pulmonary_edema__hazy_opacity: 0.426, normal_anatomically: 0.620, elevated_hemidiaphragm: 0.009, hyperaeration: 0.556, vascular_redistribution: 0.019, atelectasis__chx: 0.759, cardiomegaly__chx: 0.528, consolidation__chx: 0.176, edema__chx: 0.861, enlarged_cardiomediastinum__chx: 0.046, fracture__chx: 0.333, lung_lesion__chx: 0.685, lung_opacity__chx: 0.241, no_finding__chx: 0.556, pleural_effusion__chx: 0.167, pleural_other__chx: 0.167, pneumonia__chx: 0.815, pneumothorax__chx: 0.620, support_devices__chx: 0.880
  Val threshold stats | median 0.050 | pos-rate@0.50 0.548 | pos-rate@thr 0.628
Epoch 50 | train loss -410.4771 | val loss 5.2859 | time 94.90s
  Train summary: macro-acc 0.407 | macro-F1 0.231 | micro-P 0.177 | micro-R 0.775 | micro-F1 0.288 | macro-PR 0.181 | micro-PR 0.174
  Val summary:   macro-acc 0.446 | macro-F1 0.207 | micro-P 0.156 | micro-R 0.671 | micro-F1 0.253 | macro-PR 0.240 | micro-PR 0.126
  Train accuracy per class:
    Normal: 0.554, CHF: 0.342, pneumonia: 0.332, consolidation: 0.536, enlarged_cardiac_silhouette: 0.470, linear__patchy_atelectasis: 0.582, lobar__segmental_collapse: 0.723, not_otherwise_specified_opacity___pleural__parenchymal_opacity__: 0.372, pleural_effusion_or_thickening: 0.537, pulmonary_edema__hazy_opacity: 0.631, normal_anatomically: 0.561, elevated_hemidiaphragm: 0.208, hyperaeration: 0.699, vascular_redistribution: 0.224, atelectasis__chx: 0.278, cardiomegaly__chx: 0.380, consolidation__chx: 0.255, edema__chx: 0.360, enlarged_cardiomediastinum__chx: 0.902, fracture__chx: 0.237, lung_lesion__chx: 0.683, lung_opacity__chx: 0.223, no_finding__chx: 0.604, pleural_effusion__chx: 0.495, pleural_other__chx: 0.223, pneumonia__chx: 0.541, pneumothorax__chx: 0.237, support_devices__chx: 0.244
  Val accuracy per class:
    Normal: 0.426, CHF: 0.426, pneumonia: 0.287, consolidation: 0.176, enlarged_cardiac_silhouette: 0.361, linear__patchy_atelectasis: 0.778, lobar__segmental_collapse: 0.389, not_otherwise_specified_opacity___pleural__parenchymal_opacity__: 0.454, pleural_effusion_or_thickening: 0.472, pulmonary_edema__hazy_opacity: 0.269, normal_anatomically: 0.417, elevated_hemidiaphragm: 0.009, hyperaeration: 0.639, vascular_redistribution: 0.009, atelectasis__chx: 0.685, cardiomegaly__chx: 0.630, consolidation__chx: 0.194, edema__chx: 0.861, enlarged_cardiomediastinum__chx: 0.083, fracture__chx: 0.287, lung_lesion__chx: 0.639, lung_opacity__chx: 0.231, no_finding__chx: 0.481, pleural_effusion__chx: 0.250, pleural_other__chx: 0.148, pneumonia__chx: 0.815, pneumothorax__chx: 0.546, support_devices__chx: 0.556
  Val threshold stats | median 0.050 | pos-rate@0.50 0.592 | pos-rate@thr 0.640
Epoch 51 | train loss -429.4806 | val loss 12.7525 | time 90.17s
  Train summary: macro-acc 0.408 | macro-F1 0.230 | micro-P 0.154 | micro-R 0.739 | micro-F1 0.256 | macro-PR 0.194 | micro-PR 0.176
  Val summary:   macro-acc 0.623 | macro-F1 0.203 | micro-P 0.165 | micro-R 0.593 | micro-F1 0.259 | macro-PR 0.234 | micro-PR 0.196
  Train accuracy per class:
    Normal: 0.562, CHF: 0.420, pneumonia: 0.629, consolidation: 0.164, enlarged_cardiac_silhouette: 0.389, linear__patchy_atelectasis: 0.384, lobar__segmental_collapse: 0.207, not_otherwise_specified_opacity___pleural__parenchymal_opacity__: 0.677, pleural_effusion_or_thickening: 0.298, pulmonary_edema__hazy_opacity: 0.586, normal_anatomically: 0.557, elevated_hemidiaphragm: 0.219, hyperaeration: 0.343, vascular_redistribution: 0.223, atelectasis__chx: 0.274, cardiomegaly__chx: 0.280, consolidation__chx: 0.186, edema__chx: 0.367, enlarged_cardiomediastinum__chx: 0.891, fracture__chx: 0.240, lung_lesion__chx: 0.261, lung_opacity__chx: 0.228, no_finding__chx: 0.613, pleural_effusion__chx: 0.232, pleural_other__chx: 0.228, pneumonia__chx: 0.557, pneumothorax__chx: 0.239, support_devices__chx: 0.243
  Val accuracy per class:
    Normal: 0.620, CHF: 0.611, pneumonia: 0.398, consolidation: 0.093, enlarged_cardiac_silhouette: 0.546, linear__patchy_atelectasis: 0.454, lobar__segmental_collapse: 0.528, not_otherwise_specified_opacity___pleural__parenchymal_opacity__: 0.472, pleural_effusion_or_thickening: 0.472, pulmonary_edema__hazy_opacity: 0.398, normal_anatomically: 0.611, elevated_hemidiaphragm: 0.074, hyperaeration: 0.648, vascular_redistribution: 0.074, atelectasis__chx: 0.898, cardiomegaly__chx: 0.648, consolidation__chx: 0.111, edema__chx: 0.861, enlarged_cardiomediastinum__chx: 0.157, fracture__chx: 0.611, lung_lesion__chx: 0.759, lung_opacity__chx: 0.231, no_finding__chx: 0.602, pleural_effusion__chx: 0.167, pleural_other__chx: 0.259, pneumonia__chx: 0.815, pneumothorax__chx: 0.796, support_devices__chx: 0.917
  Val threshold stats | median 0.050 | pos-rate@0.50 0.362 | pos-rate@thr 0.534
Epoch 52 | train loss -449.8259 | val loss 3.8011 | time 90.42s
  Train summary: macro-acc 0.411 | macro-F1 0.237 | micro-P 0.176 | micro-R 0.777 | micro-F1 0.286 | macro-PR 0.203 | micro-PR 0.192
  Val summary:   macro-acc 0.371 | macro-F1 0.227 | micro-P 0.156 | micro-R 0.740 | micro-F1 0.257 | macro-PR 0.246 | micro-PR 0.109
  Train accuracy per class:
    Normal: 0.557, CHF: 0.350, pneumonia: 0.326, consolidation: 0.480, enlarged_cardiac_silhouette: 0.575, linear__patchy_atelectasis: 0.437, lobar__segmental_collapse: 0.615, not_otherwise_specified_opacity___pleural__parenchymal_opacity__: 0.599, pleural_effusion_or_thickening: 0.294, pulmonary_edema__hazy_opacity: 0.668, normal_anatomically: 0.561, elevated_hemidiaphragm: 0.201, hyperaeration: 0.718, vascular_redistribution: 0.203, atelectasis__chx: 0.318, cardiomegaly__chx: 0.372, consolidation__chx: 0.263, edema__chx: 0.404, enlarged_cardiomediastinum__chx: 0.904, fracture__chx: 0.237, lung_lesion__chx: 0.802, lung_opacity__chx: 0.234, no_finding__chx: 0.611, pleural_effusion__chx: 0.256, pleural_other__chx: 0.227, pneumonia__chx: 0.549, pneumothorax__chx: 0.237, support_devices__chx: 0.278
  Val accuracy per class:
    Normal: 0.315, CHF: 0.426, pneumonia: 0.287, consolidation: 0.370, enlarged_cardiac_silhouette: 0.713, linear__patchy_atelectasis: 0.287, lobar__segmental_collapse: 0.333, not_otherwise_specified_opacity___pleural__parenchymal_opacity__: 0.463, pleural_effusion_or_thickening: 0.204, pulmonary_edema__hazy_opacity: 0.287, normal_anatomically: 0.306, elevated_hemidiaphragm: 0.000, hyperaeration: 0.565, vascular_redistribution: 0.000, atelectasis__chx: 0.694, cardiomegaly__chx: 0.593, consolidation__chx: 0.111, edema__chx: 0.694, enlarged_cardiomediastinum__chx: 0.102, fracture__chx: 0.046, lung_lesion__chx: 0.630, lung_opacity__chx: 0.231, no_finding__chx: 0.500, pleural_effusion__chx: 0.167, pleural_other__chx: 0.093, pneumonia__chx: 0.769, pneumothorax__chx: 0.398, support_devices__chx: 0.611
  Val threshold stats | median 0.250 | pos-rate@0.50 0.680 | pos-rate@thr 0.707
Epoch 53 | train loss -473.3218 | val loss 10.3908 | time 90.91s
  Train summary: macro-acc 0.414 | macro-F1 0.234 | micro-P 0.170 | micro-R 0.823 | micro-F1 0.282 | macro-PR 0.187 | micro-PR 0.187
  Val summary:   macro-acc 0.597 | macro-F1 0.189 | micro-P 0.173 | micro-R 0.644 | micro-F1 0.272 | macro-PR 0.296 | micro-PR 0.188
  Train accuracy per class:
    Normal: 0.559, CHF: 0.328, pneumonia: 0.330, consolidation: 0.338, enlarged_cardiac_silhouette: 0.554, linear__patchy_atelectasis: 0.596, lobar__segmental_collapse: 0.851, not_otherwise_specified_opacity___pleural__parenchymal_opacity__: 0.379, pleural_effusion_or_thickening: 0.266, pulmonary_edema__hazy_opacity: 0.429, normal_anatomically: 0.565, elevated_hemidiaphragm: 0.186, hyperaeration: 0.332, vascular_redistribution: 0.219, atelectasis__chx: 0.273, cardiomegaly__chx: 0.247, consolidation__chx: 0.189, edema__chx: 0.389, enlarged_cardiomediastinum__chx: 0.916, fracture__chx: 0.237, lung_lesion__chx: 0.423, lung_opacity__chx: 0.239, no_finding__chx: 0.609, pleural_effusion__chx: 0.253, pleural_other__chx: 0.208, pneumonia__chx: 0.583, pneumothorax__chx: 0.241, support_devices__chx: 0.247
  Val accuracy per class:
    Normal: 0.620, CHF: 0.426, pneumonia: 0.287, consolidation: 0.648, enlarged_cardiac_silhouette: 0.259, linear__patchy_atelectasis: 0.231, lobar__segmental_collapse: 0.102, not_otherwise_specified_opacity___pleural__parenchymal_opacity__: 0.454, pleural_effusion_or_thickening: 0.204, pulmonary_edema__hazy_opacity: 0.259, normal_anatomically: 0.620, elevated_hemidiaphragm: 0.056, hyperaeration: 0.602, vascular_redistribution: 0.463, atelectasis__chx: 0.898, cardiomegaly__chx: 0.657, consolidation__chx: 0.120, edema__chx: 0.861, enlarged_cardiomediastinum__chx: 0.380, fracture__chx: 0.593, lung_lesion__chx: 0.731, lung_opacity__chx: 0.231, no_finding__chx: 0.676, pleural_effusion__chx: 0.454, pleural_other__chx: 0.222, pneumonia__chx: 0.815, pneumothorax__chx: 1.000, support_devices__chx: 0.778
  Val threshold stats | median 0.050 | pos-rate@0.50 0.413 | pos-rate@thr 0.556
Epoch 54 | train loss -493.0369 | val loss 13.6483 | time 90.69s
  Train summary: macro-acc 0.416 | macro-F1 0.239 | micro-P 0.170 | micro-R 0.837 | micro-F1 0.283 | macro-PR 0.192 | micro-PR 0.179
  Val summary:   macro-acc 0.535 | macro-F1 0.192 | micro-P 0.166 | micro-R 0.647 | micro-F1 0.264 | macro-PR 0.266 | micro-PR 0.184
  Train accuracy per class:
    Normal: 0.561, CHF: 0.360, pneumonia: 0.336, consolidation: 0.409, enlarged_cardiac_silhouette: 0.515, linear__patchy_atelectasis: 0.310, lobar__segmental_collapse: 0.682, not_otherwise_specified_opacity___pleural__parenchymal_opacity__: 0.369, pleural_effusion_or_thickening: 0.270, pulmonary_edema__hazy_opacity: 0.503, normal_anatomically: 0.561, elevated_hemidiaphragm: 0.198, hyperaeration: 0.387, vascular_redistribution: 0.227, atelectasis__chx: 0.277, cardiomegaly__chx: 0.445, consolidation__chx: 0.183, edema__chx: 0.412, enlarged_cardiomediastinum__chx: 0.889, fracture__chx: 0.239, lung_lesion__chx: 0.195, lung_opacity__chx: 0.215, no_finding__chx: 0.611, pleural_effusion__chx: 0.247, pleural_other__chx: 0.214, pneumonia__chx: 0.640, pneumothorax__chx: 0.247, support_devices__chx: 0.249
  Val accuracy per class:
    Normal: 0.602, CHF: 0.426, pneumonia: 0.287, consolidation: 0.667, enlarged_cardiac_silhouette: 0.481, linear__patchy_atelectasis: 0.231, lobar__segmental_collapse: 0.380, not_otherwise_specified_opacity___pleural__parenchymal_opacity__: 0.454, pleural_effusion_or_thickening: 0.204, pulmonary_edema__hazy_opacity: 0.417, normal_anatomically: 0.593, elevated_hemidiaphragm: 0.093, hyperaeration: 0.463, vascular_redistribution: 0.009, atelectasis__chx: 0.898, cardiomegaly__chx: 0.667, consolidation__chx: 0.093, edema__chx: 0.861, enlarged_cardiomediastinum__chx: 0.037, fracture__chx: 0.583, lung_lesion__chx: 0.574, lung_opacity__chx: 0.231, no_finding__chx: 0.657, pleural_effusion__chx: 0.167, pleural_other__chx: 0.370, pneumonia__chx: 0.815, pneumothorax__chx: 0.806, support_devices__chx: 0.880
  Val threshold stats | median 0.050 | pos-rate@0.50 0.500 | pos-rate@thr 0.581
Epoch 55 | train loss -514.7573 | val loss 9.4698 | time 92.30s
  Train summary: macro-acc 0.417 | macro-F1 0.238 | micro-P 0.171 | micro-R 0.786 | micro-F1 0.281 | macro-PR 0.195 | micro-PR 0.187
  Val summary:   macro-acc 0.508 | macro-F1 0.212 | micro-P 0.168 | micro-R 0.638 | micro-F1 0.265 | macro-PR 0.252 | micro-PR 0.162
  Train accuracy per class:
    Normal: 0.569, CHF: 0.344, pneumonia: 0.322, consolidation: 0.491, enlarged_cardiac_silhouette: 0.392, linear__patchy_atelectasis: 0.435, lobar__segmental_collapse: 0.617, not_otherwise_specified_opacity___pleural__parenchymal_opacity__: 0.664, pleural_effusion_or_thickening: 0.266, pulmonary_edema__hazy_opacity: 0.372, normal_anatomically: 0.563, elevated_hemidiaphragm: 0.211, hyperaeration: 0.704, vascular_redistribution: 0.195, atelectasis__chx: 0.281, cardiomegaly__chx: 0.379, consolidation__chx: 0.190, edema__chx: 0.410, enlarged_cardiomediastinum__chx: 0.876, fracture__chx: 0.236, lung_lesion__chx: 0.501, lung_opacity__chx: 0.237, no_finding__chx: 0.616, pleural_effusion__chx: 0.451, pleural_other__chx: 0.224, pneumonia__chx: 0.635, pneumothorax__chx: 0.247, support_devices__chx: 0.253
  Val accuracy per class:
    Normal: 0.481, CHF: 0.426, pneumonia: 0.287, consolidation: 0.713, enlarged_cardiac_silhouette: 0.630, linear__patchy_atelectasis: 0.463, lobar__segmental_collapse: 0.602, not_otherwise_specified_opacity___pleural__parenchymal_opacity__: 0.472, pleural_effusion_or_thickening: 0.204, pulmonary_edema__hazy_opacity: 0.472, normal_anatomically: 0.463, elevated_hemidiaphragm: 0.009, hyperaeration: 0.593, vascular_redistribution: 0.009, atelectasis__chx: 0.898, cardiomegaly__chx: 0.694, consolidation__chx: 0.093, edema__chx: 0.861, enlarged_cardiomediastinum__chx: 0.028, fracture__chx: 0.370, lung_lesion__chx: 0.731, lung_opacity__chx: 0.231, no_finding__chx: 0.574, pleural_effusion__chx: 0.454, pleural_other__chx: 0.130, pneumonia__chx: 0.815, pneumothorax__chx: 0.648, support_devices__chx: 0.935
  Val threshold stats | median 0.050 | pos-rate@0.50 0.525 | pos-rate@thr 0.566
Epoch 56 | train loss -534.8606 | val loss 32.1181 | time 95.09s
  Train summary: macro-acc 0.422 | macro-F1 0.233 | micro-P 0.160 | micro-R 0.827 | micro-F1 0.268 | macro-PR 0.195 | micro-PR 0.183
  Val summary:   macro-acc 0.755 | macro-F1 0.170 | micro-P 0.199 | micro-R 0.580 | micro-F1 0.296 | macro-PR 0.235 | micro-PR 0.232
  Train accuracy per class:
    Normal: 0.558, CHF: 0.437, pneumonia: 0.335, consolidation: 0.596, enlarged_cardiac_silhouette: 0.314, linear__patchy_atelectasis: 0.215, lobar__segmental_collapse: 0.160, not_otherwise_specified_opacity___pleural__parenchymal_opacity__: 0.375, pleural_effusion_or_thickening: 0.257, pulmonary_edema__hazy_opacity: 0.268, normal_anatomically: 0.569, elevated_hemidiaphragm: 0.202, hyperaeration: 0.175, vascular_redistribution: 0.210, atelectasis__chx: 0.309, cardiomegaly__chx: 0.235, consolidation__chx: 0.223, edema__chx: 0.431, enlarged_cardiomediastinum__chx: 0.875, fracture__chx: 0.253, lung_lesion__chx: 0.220, lung_opacity__chx: 0.227, no_finding__chx: 0.613, pleural_effusion__chx: 0.231, pleural_other__chx: 0.226, pneumonia__chx: 0.607, pneumothorax__chx: 0.272, support_devices__chx: 0.264
  Val accuracy per class:
    Normal: 0.713, CHF: 0.537, pneumonia: 0.287, consolidation: 0.185, enlarged_cardiac_silhouette: 0.667, linear__patchy_atelectasis: 0.176, lobar__segmental_collapse: 0.343, not_otherwise_specified_opacity___pleural__parenchymal_opacity__: 0.454, pleural_effusion_or_thickening: 0.194, pulmonary_edema__hazy_opacity: 0.324, normal_anatomically: 0.704, elevated_hemidiaphragm: 0.602, hyperaeration: 0.435, vascular_redistribution: 0.639, atelectasis__chx: 0.898, cardiomegaly__chx: 0.685, consolidation__chx: 0.824, edema__chx: 0.861, enlarged_cardiomediastinum__chx: 0.620, fracture__chx: 0.991, lung_lesion__chx: 0.722, lung_opacity__chx: 0.231, no_finding__chx: 0.676, pleural_effusion__chx: 0.296, pleural_other__chx: 0.685, pneumonia__chx: 0.815, pneumothorax__chx: 1.000, support_devices__chx: 0.963
  Val threshold stats | median 0.050 | pos-rate@0.50 0.195 | pos-rate@thr 0.434
Epoch 57 | train loss -558.3260 | val loss 18.4397 | time 92.11s
  Train summary: macro-acc 0.424 | macro-F1 0.235 | micro-P 0.166 | micro-R 0.750 | micro-F1 0.272 | macro-PR 0.188 | micro-PR 0.184
  Val summary:   macro-acc 0.556 | macro-F1 0.200 | micro-P 0.170 | micro-R 0.631 | micro-F1 0.268 | macro-PR 0.259 | micro-PR 0.172
  Train accuracy per class:
    Normal: 0.550, CHF: 0.450, pneumonia: 0.551, consolidation: 0.546, enlarged_cardiac_silhouette: 0.525, linear__patchy_atelectasis: 0.228, lobar__segmental_collapse: 0.534, not_otherwise_specified_opacity___pleural__parenchymal_opacity__: 0.376, pleural_effusion_or_thickening: 0.286, pulmonary_edema__hazy_opacity: 0.600, normal_anatomically: 0.546, elevated_hemidiaphragm: 0.219, hyperaeration: 0.302, vascular_redistribution: 0.244, atelectasis__chx: 0.326, cardiomegaly__chx: 0.365, consolidation__chx: 0.195, edema__chx: 0.429, enlarged_cardiomediastinum__chx: 0.888, fracture__chx: 0.263, lung_lesion__chx: 0.327, lung_opacity__chx: 0.677, no_finding__chx: 0.594, pleural_effusion__chx: 0.251, pleural_other__chx: 0.244, pneumonia__chx: 0.604, pneumothorax__chx: 0.277, support_devices__chx: 0.282
  Val accuracy per class:
    Normal: 0.481, CHF: 0.481, pneumonia: 0.463, consolidation: 0.741, enlarged_cardiac_silhouette: 0.694, linear__patchy_atelectasis: 0.176, lobar__segmental_collapse: 0.537, not_otherwise_specified_opacity___pleural__parenchymal_opacity__: 0.454, pleural_effusion_or_thickening: 0.204, pulmonary_edema__hazy_opacity: 0.213, normal_anatomically: 0.454, elevated_hemidiaphragm: 0.287, hyperaeration: 0.537, vascular_redistribution: 0.333, atelectasis__chx: 0.898, cardiomegaly__chx: 0.667, consolidation__chx: 0.065, edema__chx: 0.861, enlarged_cardiomediastinum__chx: 0.370, fracture__chx: 0.509, lung_lesion__chx: 0.519, lung_opacity__chx: 0.361, no_finding__chx: 0.500, pleural_effusion__chx: 0.241, pleural_other__chx: 0.306, pneumonia__chx: 0.815, pneumothorax__chx: 0.685, support_devices__chx: 0.759
  Val threshold stats | median 0.050 | pos-rate@0.50 0.450 | pos-rate@thr 0.553
Epoch 58 | train loss -575.3732 | val loss 14.8359 | time 93.81s
  Train summary: macro-acc 0.426 | macro-F1 0.228 | micro-P 0.165 | micro-R 0.689 | micro-F1 0.267 | macro-PR 0.187 | micro-PR 0.170
  Val summary:   macro-acc 0.523 | macro-F1 0.210 | micro-P 0.176 | micro-R 0.640 | micro-F1 0.276 | macro-PR 0.260 | micro-PR 0.180
  Train accuracy per class:
    Normal: 0.546, CHF: 0.330, pneumonia: 0.656, consolidation: 0.530, enlarged_cardiac_silhouette: 0.536, linear__patchy_atelectasis: 0.227, lobar__segmental_collapse: 0.604, not_otherwise_specified_opacity___pleural__parenchymal_opacity__: 0.678, pleural_effusion_or_thickening: 0.288, pulmonary_edema__hazy_opacity: 0.379, normal_anatomically: 0.546, elevated_hemidiaphragm: 0.239, hyperaeration: 0.405, vascular_redistribution: 0.232, atelectasis__chx: 0.307, cardiomegaly__chx: 0.355, consolidation__chx: 0.588, edema__chx: 0.426, enlarged_cardiomediastinum__chx: 0.873, fracture__chx: 0.249, lung_lesion__chx: 0.600, lung_opacity__chx: 0.737, no_finding__chx: 0.608, pleural_effusion__chx: 0.268, pleural_other__chx: 0.222, pneumonia__chx: 0.624, pneumothorax__chx: 0.272, support_devices__chx: 0.274
  Val accuracy per class:
    Normal: 0.583, CHF: 0.426, pneumonia: 0.435, consolidation: 0.750, enlarged_cardiac_silhouette: 0.694, linear__patchy_atelectasis: 0.176, lobar__segmental_collapse: 0.194, not_otherwise_specified_opacity___pleural__parenchymal_opacity__: 0.472, pleural_effusion_or_thickening: 0.204, pulmonary_edema__hazy_opacity: 0.194, normal_anatomically: 0.574, elevated_hemidiaphragm: 0.194, hyperaeration: 0.611, vascular_redistribution: 0.306, atelectasis__chx: 0.898, cardiomegaly__chx: 0.306, consolidation__chx: 0.769, edema__chx: 0.861, enlarged_cardiomediastinum__chx: 0.231, fracture__chx: 0.352, lung_lesion__chx: 0.750, lung_opacity__chx: 0.259, no_finding__chx: 0.519, pleural_effusion__chx: 0.491, pleural_other__chx: 0.324, pneumonia__chx: 0.815, pneumothorax__chx: 0.731, support_devices__chx: 0.907
  Val threshold stats | median 0.100 | pos-rate@0.50 0.512 | pos-rate@thr 0.541
Epoch 59 | train loss -593.1283 | val loss 12.8815 | time 92.20s
  Train summary: macro-acc 0.421 | macro-F1 0.234 | micro-P 0.175 | micro-R 0.840 | micro-F1 0.290 | macro-PR 0.189 | micro-PR 0.188
  Val summary:   macro-acc 0.485 | macro-F1 0.213 | micro-P 0.168 | micro-R 0.718 | micro-F1 0.273 | macro-PR 0.240 | micro-PR 0.156
  Train accuracy per class:
    Normal: 0.557, CHF: 0.355, pneumonia: 0.334, consolidation: 0.454, enlarged_cardiac_silhouette: 0.248, linear__patchy_atelectasis: 0.455, lobar__segmental_collapse: 0.653, not_otherwise_specified_opacity___pleural__parenchymal_opacity__: 0.375, pleural_effusion_or_thickening: 0.257, pulmonary_edema__hazy_opacity: 0.239, normal_anatomically: 0.570, elevated_hemidiaphragm: 0.244, hyperaeration: 0.736, vascular_redistribution: 0.239, atelectasis__chx: 0.315, cardiomegaly__chx: 0.216, consolidation__chx: 0.361, edema__chx: 0.412, enlarged_cardiomediastinum__chx: 0.872, fracture__chx: 0.253, lung_lesion__chx: 0.619, lung_opacity__chx: 0.230, no_finding__chx: 0.588, pleural_effusion__chx: 0.342, pleural_other__chx: 0.243, pneumonia__chx: 0.578, pneumothorax__chx: 0.272, support_devices__chx: 0.298
  Val accuracy per class:
    Normal: 0.519, CHF: 0.426, pneumonia: 0.287, consolidation: 0.648, enlarged_cardiac_silhouette: 0.241, linear__patchy_atelectasis: 0.185, lobar__segmental_collapse: 0.630, not_otherwise_specified_opacity___pleural__parenchymal_opacity__: 0.454, pleural_effusion_or_thickening: 0.204, pulmonary_edema__hazy_opacity: 0.167, normal_anatomically: 0.528, elevated_hemidiaphragm: 0.046, hyperaeration: 0.750, vascular_redistribution: 0.056, atelectasis__chx: 0.898, cardiomegaly__chx: 0.157, consolidation__chx: 0.389, edema__chx: 0.861, enlarged_cardiomediastinum__chx: 0.065, fracture__chx: 0.241, lung_lesion__chx: 0.694, lung_opacity__chx: 0.231, no_finding__chx: 0.509, pleural_effusion__chx: 0.250, pleural_other__chx: 0.231, pneumonia__chx: 0.815, pneumothorax__chx: 0.648, support_devices__chx: 0.917
  Val threshold stats | median 0.050 | pos-rate@0.50 0.561 | pos-rate@thr 0.635
Epoch 60 | train loss -612.5129 | val loss 12.0572 | time 91.03s
  Train summary: macro-acc 0.416 | macro-F1 0.233 | micro-P 0.177 | micro-R 0.819 | micro-F1 0.291 | macro-PR 0.189 | micro-PR 0.175
  Val summary:   macro-acc 0.427 | macro-F1 0.224 | micro-P 0.164 | micro-R 0.729 | micro-F1 0.268 | macro-PR 0.244 | micro-PR 0.116
  Train accuracy per class:
    Normal: 0.569, CHF: 0.344, pneumonia: 0.332, consolidation: 0.207, enlarged_cardiac_silhouette: 0.577, linear__patchy_atelectasis: 0.218, lobar__segmental_collapse: 0.443, not_otherwise_specified_opacity___pleural__parenchymal_opacity__: 0.379, pleural_effusion_or_thickening: 0.269, pulmonary_edema__hazy_opacity: 0.499, normal_anatomically: 0.574, elevated_hemidiaphragm: 0.226, hyperaeration: 0.483, vascular_redistribution: 0.216, atelectasis__chx: 0.596, cardiomegaly__chx: 0.272, consolidation__chx: 0.485, edema__chx: 0.377, enlarged_cardiomediastinum__chx: 0.864, fracture__chx: 0.248, lung_lesion__chx: 0.375, lung_opacity__chx: 0.219, no_finding__chx: 0.606, pleural_effusion__chx: 0.315, pleural_other__chx: 0.515, pneumonia__chx: 0.536, pneumothorax__chx: 0.273, support_devices__chx: 0.727
  Val accuracy per class:
    Normal: 0.481, CHF: 0.426, pneumonia: 0.287, consolidation: 0.093, enlarged_cardiac_silhouette: 0.704, linear__patchy_atelectasis: 0.176, lobar__segmental_collapse: 0.620, not_otherwise_specified_opacity___pleural__parenchymal_opacity__: 0.454, pleural_effusion_or_thickening: 0.204, pulmonary_edema__hazy_opacity: 0.278, normal_anatomically: 0.481, elevated_hemidiaphragm: 0.000, hyperaeration: 0.583, vascular_redistribution: 0.019, atelectasis__chx: 0.741, cardiomegaly__chx: 0.241, consolidation__chx: 0.370, edema__chx: 0.667, enlarged_cardiomediastinum__chx: 0.185, fracture__chx: 0.074, lung_lesion__chx: 0.537, lung_opacity__chx: 0.231, no_finding__chx: 0.491, pleural_effusion__chx: 0.231, pleural_other__chx: 0.676, pneumonia__chx: 0.639, pneumothorax__chx: 0.648, support_devices__chx: 0.861
  Val threshold stats | median 0.050 | pos-rate@0.50 0.614 | pos-rate@thr 0.661
Epoch 61 | train loss -627.4997 | val loss 3.2997 | time 99.52s
  Train summary: macro-acc 0.420 | macro-F1 0.234 | micro-P 0.177 | micro-R 0.822 | micro-F1 0.292 | macro-PR 0.184 | micro-PR 0.178
  Val summary:   macro-acc 0.326 | macro-F1 0.239 | micro-P 0.164 | micro-R 0.884 | micro-F1 0.276 | macro-PR 0.227 | micro-PR 0.106
  Train accuracy per class:
    Normal: 0.553, CHF: 0.343, pneumonia: 0.325, consolidation: 0.203, enlarged_cardiac_silhouette: 0.269, linear__patchy_atelectasis: 0.231, lobar__segmental_collapse: 0.765, not_otherwise_specified_opacity___pleural__parenchymal_opacity__: 0.376, pleural_effusion_or_thickening: 0.273, pulmonary_edema__hazy_opacity: 0.455, normal_anatomically: 0.559, elevated_hemidiaphragm: 0.224, hyperaeration: 0.715, vascular_redistribution: 0.245, atelectasis__chx: 0.848, cardiomegaly__chx: 0.342, consolidation__chx: 0.181, edema__chx: 0.405, enlarged_cardiomediastinum__chx: 0.873, fracture__chx: 0.255, lung_lesion__chx: 0.761, lung_opacity__chx: 0.226, no_finding__chx: 0.580, pleural_effusion__chx: 0.269, pleural_other__chx: 0.259, pneumonia__chx: 0.656, pneumothorax__chx: 0.285, support_devices__chx: 0.306
  Val accuracy per class:
    Normal: 0.343, CHF: 0.426, pneumonia: 0.287, consolidation: 0.093, enlarged_cardiac_silhouette: 0.241, linear__patchy_atelectasis: 0.176, lobar__segmental_collapse: 0.620, not_otherwise_specified_opacity___pleural__parenchymal_opacity__: 0.454, pleural_effusion_or_thickening: 0.204, pulmonary_edema__hazy_opacity: 0.370, normal_anatomically: 0.333, elevated_hemidiaphragm: 0.000, hyperaeration: 0.509, vascular_redistribution: 0.000, atelectasis__chx: 0.556, cardiomegaly__chx: 0.417, consolidation__chx: 0.028, edema__chx: 0.500, enlarged_cardiomediastinum__chx: 0.194, fracture__chx: 0.194, lung_lesion__chx: 0.509, lung_opacity__chx: 0.231, no_finding__chx: 0.389, pleural_effusion__chx: 0.167, pleural_other__chx: 0.046, pneumonia__chx: 0.537, pneumothorax__chx: 0.398, support_devices__chx: 0.481
  Val threshold stats | median 0.050 | pos-rate@0.50 0.725 | pos-rate@thr 0.804
Epoch 62 | train loss -650.1134 | val loss 12.0623 | time 93.82s
  Train summary: macro-acc 0.421 | macro-F1 0.235 | micro-P 0.179 | micro-R 0.774 | micro-F1 0.291 | macro-PR 0.182 | micro-PR 0.177
  Val summary:   macro-acc 0.425 | macro-F1 0.223 | micro-P 0.168 | micro-R 0.716 | micro-F1 0.272 | macro-PR 0.241 | micro-PR 0.122
  Train accuracy per class:
    Normal: 0.545, CHF: 0.342, pneumonia: 0.336, consolidation: 0.561, enlarged_cardiac_silhouette: 0.566, linear__patchy_atelectasis: 0.533, lobar__segmental_collapse: 0.227, not_otherwise_specified_opacity___pleural__parenchymal_opacity__: 0.376, pleural_effusion_or_thickening: 0.285, pulmonary_edema__hazy_opacity: 0.567, normal_anatomically: 0.550, elevated_hemidiaphragm: 0.207, hyperaeration: 0.745, vascular_redistribution: 0.226, atelectasis__chx: 0.315, cardiomegaly__chx: 0.340, consolidation__chx: 0.344, edema__chx: 0.504, enlarged_cardiomediastinum__chx: 0.893, fracture__chx: 0.244, lung_lesion__chx: 0.439, lung_opacity__chx: 0.574, no_finding__chx: 0.590, pleural_effusion__chx: 0.264, pleural_other__chx: 0.711, pneumonia__chx: 0.594, pneumothorax__chx: 0.277, support_devices__chx: 0.497
  Val accuracy per class:
    Normal: 0.398, CHF: 0.426, pneumonia: 0.287, consolidation: 0.574, enlarged_cardiac_silhouette: 0.463, linear__patchy_atelectasis: 0.435, lobar__segmental_collapse: 0.306, not_otherwise_specified_opacity___pleural__parenchymal_opacity__: 0.454, pleural_effusion_or_thickening: 0.204, pulmonary_edema__hazy_opacity: 0.380, normal_anatomically: 0.398, elevated_hemidiaphragm: 0.000, hyperaeration: 0.657, vascular_redistribution: 0.000, atelectasis__chx: 0.667, cardiomegaly__chx: 0.546, consolidation__chx: 0.380, edema__chx: 0.731, enlarged_cardiomediastinum__chx: 0.380, fracture__chx: 0.102, lung_lesion__chx: 0.546, lung_opacity__chx: 0.241, no_finding__chx: 0.398, pleural_effusion__chx: 0.259, pleural_other__chx: 0.667, pneumonia__chx: 0.731, pneumothorax__chx: 0.574, support_devices__chx: 0.806
  Val threshold stats | median 0.200 | pos-rate@0.50 0.611 | pos-rate@thr 0.635
Epoch 63 | train loss -674.0225 | val loss 21.8669 | time 90.62s
  Train summary: macro-acc 0.419 | macro-F1 0.229 | micro-P 0.164 | micro-R 0.789 | micro-F1 0.272 | macro-PR 0.192 | micro-PR 0.173
  Val summary:   macro-acc 0.611 | macro-F1 0.205 | micro-P 0.184 | micro-R 0.611 | micro-F1 0.282 | macro-PR 0.261 | micro-PR 0.194
  Train accuracy per class:
    Normal: 0.545, CHF: 0.379, pneumonia: 0.335, consolidation: 0.538, enlarged_cardiac_silhouette: 0.464, linear__patchy_atelectasis: 0.475, lobar__segmental_collapse: 0.401, not_otherwise_specified_opacity___pleural__parenchymal_opacity__: 0.369, pleural_effusion_or_thickening: 0.508, pulmonary_edema__hazy_opacity: 0.301, normal_anatomically: 0.551, elevated_hemidiaphragm: 0.226, hyperaeration: 0.475, vascular_redistribution: 0.216, atelectasis__chx: 0.310, cardiomegaly__chx: 0.247, consolidation__chx: 0.193, edema__chx: 0.380, enlarged_cardiomediastinum__chx: 0.893, fracture__chx: 0.236, lung_lesion__chx: 0.348, lung_opacity__chx: 0.227, no_finding__chx: 0.584, pleural_effusion__chx: 0.260, pleural_other__chx: 0.257, pneumonia__chx: 0.541, pneumothorax__chx: 0.272, support_devices__chx: 0.274
  Val accuracy per class:
    Normal: 0.676, CHF: 0.546, pneumonia: 0.287, consolidation: 0.315, enlarged_cardiac_silhouette: 0.602, linear__patchy_atelectasis: 0.685, lobar__segmental_collapse: 0.731, not_otherwise_specified_opacity___pleural__parenchymal_opacity__: 0.454, pleural_effusion_or_thickening: 0.537, pulmonary_edema__hazy_opacity: 0.500, normal_anatomically: 0.574, elevated_hemidiaphragm: 0.259, hyperaeration: 0.704, vascular_redistribution: 0.250, atelectasis__chx: 0.898, cardiomegaly__chx: 0.528, consolidation__chx: 0.028, edema__chx: 0.861, enlarged_cardiomediastinum__chx: 0.472, fracture__chx: 0.296, lung_lesion__chx: 0.648, lung_opacity__chx: 0.231, no_finding__chx: 0.685, pleural_effusion__chx: 0.213, pleural_other__chx: 0.481, pneumonia__chx: 0.815, pneumothorax__chx: 1.000, support_devices__chx: 0.778
  Val threshold stats | median 0.050 | pos-rate@0.50 0.380 | pos-rate@thr 0.495
Epoch 64 | train loss -700.8534 | val loss 21.6227 | time 89.69s
  Train summary: macro-acc 0.417 | macro-F1 0.228 | micro-P 0.163 | micro-R 0.740 | micro-F1 0.267 | macro-PR 0.193 | micro-PR 0.183
  Val summary:   macro-acc 0.569 | macro-F1 0.206 | micro-P 0.189 | micro-R 0.609 | micro-F1 0.288 | macro-PR 0.292 | micro-PR 0.213
  Train accuracy per class:
    Normal: 0.551, CHF: 0.342, pneumonia: 0.336, consolidation: 0.482, enlarged_cardiac_silhouette: 0.446, linear__patchy_atelectasis: 0.231, lobar__segmental_collapse: 0.561, not_otherwise_specified_opacity___pleural__parenchymal_opacity__: 0.689, pleural_effusion_or_thickening: 0.649, pulmonary_edema__hazy_opacity: 0.645, normal_anatomically: 0.554, elevated_hemidiaphragm: 0.208, hyperaeration: 0.392, vascular_redistribution: 0.207, atelectasis__chx: 0.294, cardiomegaly__chx: 0.277, consolidation__chx: 0.488, edema__chx: 0.379, enlarged_cardiomediastinum__chx: 0.904, fracture__chx: 0.224, lung_lesion__chx: 0.215, lung_opacity__chx: 0.230, no_finding__chx: 0.596, pleural_effusion__chx: 0.332, pleural_other__chx: 0.235, pneumonia__chx: 0.524, pneumothorax__chx: 0.265, support_devices__chx: 0.268
  Val accuracy per class:
    Normal: 0.509, CHF: 0.426, pneumonia: 0.287, consolidation: 0.537, enlarged_cardiac_silhouette: 0.620, linear__patchy_atelectasis: 0.176, lobar__segmental_collapse: 0.704, not_otherwise_specified_opacity___pleural__parenchymal_opacity__: 0.491, pleural_effusion_or_thickening: 0.500, pulmonary_edema__hazy_opacity: 0.435, normal_anatomically: 0.500, elevated_hemidiaphragm: 0.120, hyperaeration: 0.741, vascular_redistribution: 0.222, atelectasis__chx: 0.898, cardiomegaly__chx: 0.722, consolidation__chx: 0.852, edema__chx: 0.861, enlarged_cardiomediastinum__chx: 0.444, fracture__chx: 0.333, lung_lesion__chx: 0.593, lung_opacity__chx: 0.231, no_finding__chx: 0.676, pleural_effusion__chx: 0.370, pleural_other__chx: 0.454, pneumonia__chx: 0.815, pneumothorax__chx: 1.000, support_devices__chx: 0.944
  Val threshold stats | median 0.050 | pos-rate@0.50 0.460 | pos-rate@thr 0.480
Epoch 65 | train loss -723.5577 | val loss 46.5696 | time 90.46s
  Train summary: macro-acc 0.422 | macro-F1 0.240 | micro-P 0.164 | micro-R 0.810 | micro-F1 0.273 | macro-PR 0.197 | micro-PR 0.194
  Val summary:   macro-acc 0.746 | macro-F1 0.178 | micro-P 0.229 | micro-R 0.576 | micro-F1 0.327 | macro-PR 0.224 | micro-PR 0.244
  Train accuracy per class:
    Normal: 0.562, CHF: 0.340, pneumonia: 0.489, consolidation: 0.524, enlarged_cardiac_silhouette: 0.322, linear__patchy_atelectasis: 0.277, lobar__segmental_collapse: 0.162, not_otherwise_specified_opacity___pleural__parenchymal_opacity__: 0.379, pleural_effusion_or_thickening: 0.354, pulmonary_edema__hazy_opacity: 0.226, normal_anatomically: 0.571, elevated_hemidiaphragm: 0.216, hyperaeration: 0.231, vascular_redistribution: 0.241, atelectasis__chx: 0.290, cardiomegaly__chx: 0.265, consolidation__chx: 0.401, edema__chx: 0.384, enlarged_cardiomediastinum__chx: 0.894, fracture__chx: 0.228, lung_lesion__chx: 0.222, lung_opacity__chx: 0.766, no_finding__chx: 0.615, pleural_effusion__chx: 0.245, pleural_other__chx: 0.234, pneumonia__chx: 0.532, pneumothorax__chx: 0.260, support_devices__chx: 0.266
  Val accuracy per class:
    Normal: 0.713, CHF: 0.426, pneumonia: 0.306, consolidation: 0.694, enlarged_cardiac_silhouette: 0.639, linear__patchy_atelectasis: 0.398, lobar__segmental_collapse: 0.343, not_otherwise_specified_opacity___pleural__parenchymal_opacity__: 0.454, pleural_effusion_or_thickening: 0.315, pulmonary_edema__hazy_opacity: 0.407, normal_anatomically: 0.704, elevated_hemidiaphragm: 0.824, hyperaeration: 0.593, vascular_redistribution: 0.824, atelectasis__chx: 0.898, cardiomegaly__chx: 0.676, consolidation__chx: 0.889, edema__chx: 0.861, enlarged_cardiomediastinum__chx: 0.741, fracture__chx: 0.843, lung_lesion__chx: 0.852, lung_opacity__chx: 0.296, no_finding__chx: 0.676, pleural_effusion__chx: 0.167, pleural_other__chx: 0.833, pneumonia__chx: 0.815, pneumothorax__chx: 1.000, support_devices__chx: 0.963
  Val threshold stats | median 0.050 | pos-rate@0.50 0.225 | pos-rate@thr 0.374
Epoch 66 | train loss -747.5289 | val loss 18.2876 | time 91.35s
  Train summary: macro-acc 0.420 | macro-F1 0.227 | micro-P 0.168 | micro-R 0.739 | micro-F1 0.274 | macro-PR 0.185 | micro-PR 0.176
  Val summary:   macro-acc 0.544 | macro-F1 0.221 | micro-P 0.177 | micro-R 0.629 | micro-F1 0.276 | macro-PR 0.254 | micro-PR 0.156
  Train accuracy per class:
    Normal: 0.567, CHF: 0.346, pneumonia: 0.579, consolidation: 0.612, enlarged_cardiac_silhouette: 0.503, linear__patchy_atelectasis: 0.358, lobar__segmental_collapse: 0.182, not_otherwise_specified_opacity___pleural__parenchymal_opacity__: 0.379, pleural_effusion_or_thickening: 0.264, pulmonary_edema__hazy_opacity: 0.454, normal_anatomically: 0.577, elevated_hemidiaphragm: 0.234, hyperaeration: 0.512, vascular_redistribution: 0.231, atelectasis__chx: 0.293, cardiomegaly__chx: 0.334, consolidation__chx: 0.797, edema__chx: 0.534, enlarged_cardiomediastinum__chx: 0.873, fracture__chx: 0.235, lung_lesion__chx: 0.249, lung_opacity__chx: 0.603, no_finding__chx: 0.602, pleural_effusion__chx: 0.266, pleural_other__chx: 0.235, pneumonia__chx: 0.558, pneumothorax__chx: 0.265, support_devices__chx: 0.443
  Val accuracy per class:
    Normal: 0.611, CHF: 0.426, pneumonia: 0.407, consolidation: 0.824, enlarged_cardiac_silhouette: 0.389, linear__patchy_atelectasis: 0.287, lobar__segmental_collapse: 0.250, not_otherwise_specified_opacity___pleural__parenchymal_opacity__: 0.454, pleural_effusion_or_thickening: 0.204, pulmonary_edema__hazy_opacity: 0.463, normal_anatomically: 0.602, elevated_hemidiaphragm: 0.037, hyperaeration: 0.704, vascular_redistribution: 0.000, atelectasis__chx: 0.769, cardiomegaly__chx: 0.741, consolidation__chx: 0.917, edema__chx: 0.824, enlarged_cardiomediastinum__chx: 0.343, fracture__chx: 0.306, lung_lesion__chx: 0.722, lung_opacity__chx: 0.287, no_finding__chx: 0.593, pleural_effusion__chx: 0.259, pleural_other__chx: 0.343, pneumonia__chx: 0.796, pneumothorax__chx: 0.787, support_devices__chx: 0.917
  Val threshold stats | median 0.150 | pos-rate@0.50 0.489 | pos-rate@thr 0.529
Epoch 67 | train loss -773.4903 | val loss 11.2750 | time 92.16s
  Train summary: macro-acc 0.420 | macro-F1 0.232 | micro-P 0.168 | micro-R 0.718 | micro-F1 0.273 | macro-PR 0.209 | micro-PR 0.181
  Val summary:   macro-acc 0.414 | macro-F1 0.224 | micro-P 0.157 | micro-R 0.684 | micro-F1 0.255 | macro-PR 0.244 | micro-PR 0.127
  Train accuracy per class:
    Normal: 0.577, CHF: 0.332, pneumonia: 0.569, consolidation: 0.210, enlarged_cardiac_silhouette: 0.547, linear__patchy_atelectasis: 0.563, lobar__segmental_collapse: 0.307, not_otherwise_specified_opacity___pleural__parenchymal_opacity__: 0.367, pleural_effusion_or_thickening: 0.256, pulmonary_edema__hazy_opacity: 0.574, normal_anatomically: 0.567, elevated_hemidiaphragm: 0.211, hyperaeration: 0.579, vascular_redistribution: 0.204, atelectasis__chx: 0.297, cardiomegaly__chx: 0.445, consolidation__chx: 0.256, edema__chx: 0.388, enlarged_cardiomediastinum__chx: 0.880, fracture__chx: 0.248, lung_lesion__chx: 0.682, lung_opacity__chx: 0.627, no_finding__chx: 0.616, pleural_effusion__chx: 0.318, pleural_other__chx: 0.235, pneumonia__chx: 0.607, pneumothorax__chx: 0.257, support_devices__chx: 0.719
  Val accuracy per class:
    Normal: 0.611, CHF: 0.426, pneumonia: 0.454, consolidation: 0.093, enlarged_cardiac_silhouette: 0.250, linear__patchy_atelectasis: 0.741, lobar__segmental_collapse: 0.315, not_otherwise_specified_opacity___pleural__parenchymal_opacity__: 0.454, pleural_effusion_or_thickening: 0.204, pulmonary_edema__hazy_opacity: 0.296, normal_anatomically: 0.407, elevated_hemidiaphragm: 0.000, hyperaeration: 0.583, vascular_redistribution: 0.000, atelectasis__chx: 0.694, cardiomegaly__chx: 0.380, consolidation__chx: 0.046, edema__chx: 0.676, enlarged_cardiomediastinum__chx: 0.083, fracture__chx: 0.065, lung_lesion__chx: 0.676, lung_opacity__chx: 0.380, no_finding__chx: 0.620, pleural_effusion__chx: 0.435, pleural_other__chx: 0.157, pneumonia__chx: 0.750, pneumothorax__chx: 0.639, support_devices__chx: 0.898
  Val threshold stats | median 0.450 | pos-rate@0.50 0.641 | pos-rate@thr 0.650
Epoch 68 | train loss -803.9405 | val loss 20.4586 | time 90.32s
  Train summary: macro-acc 0.412 | macro-F1 0.234 | micro-P 0.171 | micro-R 0.842 | micro-F1 0.284 | macro-PR 0.190 | micro-PR 0.185
  Val summary:   macro-acc 0.517 | macro-F1 0.208 | micro-P 0.168 | micro-R 0.680 | micro-F1 0.269 | macro-PR 0.237 | micro-PR 0.167
  Train accuracy per class:
    Normal: 0.573, CHF: 0.352, pneumonia: 0.332, consolidation: 0.185, enlarged_cardiac_silhouette: 0.261, linear__patchy_atelectasis: 0.588, lobar__segmental_collapse: 0.496, not_otherwise_specified_opacity___pleural__parenchymal_opacity__: 0.373, pleural_effusion_or_thickening: 0.270, pulmonary_edema__hazy_opacity: 0.550, normal_anatomically: 0.569, elevated_hemidiaphragm: 0.215, hyperaeration: 0.488, vascular_redistribution: 0.202, atelectasis__chx: 0.277, cardiomegaly__chx: 0.392, consolidation__chx: 0.173, edema__chx: 0.339, enlarged_cardiomediastinum__chx: 0.884, fracture__chx: 0.244, lung_lesion__chx: 0.661, lung_opacity__chx: 0.227, no_finding__chx: 0.619, pleural_effusion__chx: 0.265, pleural_other__chx: 0.222, pneumonia__chx: 0.468, pneumothorax__chx: 0.245, support_devices__chx: 0.256
  Val accuracy per class:
    Normal: 0.611, CHF: 0.426, pneumonia: 0.287, consolidation: 0.093, enlarged_cardiac_silhouette: 0.241, linear__patchy_atelectasis: 0.269, lobar__segmental_collapse: 0.269, not_otherwise_specified_opacity___pleural__parenchymal_opacity__: 0.454, pleural_effusion_or_thickening: 0.204, pulmonary_edema__hazy_opacity: 0.444, normal_anatomically: 0.565, elevated_hemidiaphragm: 0.102, hyperaeration: 0.657, vascular_redistribution: 0.019, atelectasis__chx: 0.898, cardiomegaly__chx: 0.676, consolidation__chx: 0.046, edema__chx: 0.861, enlarged_cardiomediastinum__chx: 0.139, fracture__chx: 0.472, lung_lesion__chx: 0.741, lung_opacity__chx: 0.231, no_finding__chx: 0.574, pleural_effusion__chx: 0.398, pleural_other__chx: 0.463, pneumonia__chx: 0.815, pneumothorax__chx: 0.713, support_devices__chx: 0.944
  Val threshold stats | median 0.050 | pos-rate@0.50 0.520 | pos-rate@thr 0.603
Epoch 69 | train loss -833.4745 | val loss 11.1662 | time 91.21s
  Train summary: macro-acc 0.417 | macro-F1 0.235 | micro-P 0.174 | micro-R 0.812 | micro-F1 0.286 | macro-PR 0.193 | micro-PR 0.176
  Val summary:   macro-acc 0.405 | macro-F1 0.227 | micro-P 0.159 | micro-R 0.740 | micro-F1 0.262 | macro-PR 0.237 | micro-PR 0.119
  Train accuracy per class:
    Normal: 0.573, CHF: 0.327, pneumonia: 0.478, consolidation: 0.590, enlarged_cardiac_silhouette: 0.265, linear__patchy_atelectasis: 0.227, lobar__segmental_collapse: 0.562, not_otherwise_specified_opacity___pleural__parenchymal_opacity__: 0.368, pleural_effusion_or_thickening: 0.276, pulmonary_edema__hazy_opacity: 0.467, normal_anatomically: 0.577, elevated_hemidiaphragm: 0.202, hyperaeration: 0.571, vascular_redistribution: 0.190, atelectasis__chx: 0.282, cardiomegaly__chx: 0.307, consolidation__chx: 0.438, edema__chx: 0.355, enlarged_cardiomediastinum__chx: 0.901, fracture__chx: 0.244, lung_lesion__chx: 0.766, lung_opacity__chx: 0.218, no_finding__chx: 0.617, pleural_effusion__chx: 0.285, pleural_other__chx: 0.231, pneumonia__chx: 0.636, pneumothorax__chx: 0.247, support_devices__chx: 0.315
  Val accuracy per class:
    Normal: 0.426, CHF: 0.426, pneumonia: 0.296, consolidation: 0.602, enlarged_cardiac_silhouette: 0.241, linear__patchy_atelectasis: 0.176, lobar__segmental_collapse: 0.074, not_otherwise_specified_opacity___pleural__parenchymal_opacity__: 0.454, pleural_effusion_or_thickening: 0.204, pulmonary_edema__hazy_opacity: 0.426, normal_anatomically: 0.389, elevated_hemidiaphragm: 0.000, hyperaeration: 0.500, vascular_redistribution: 0.000, atelectasis__chx: 0.694, cardiomegaly__chx: 0.667, consolidation__chx: 0.046, edema__chx: 0.620, enlarged_cardiomediastinum__chx: 0.491, fracture__chx: 0.074, lung_lesion__chx: 0.704, lung_opacity__chx: 0.231, no_finding__chx: 0.463, pleural_effusion__chx: 0.398, pleural_other__chx: 0.093, pneumonia__chx: 0.657, pneumothorax__chx: 0.593, support_devices__chx: 0.704
  Val threshold stats | median 0.050 | pos-rate@0.50 0.638 | pos-rate@thr 0.691
Epoch 70 | train loss -861.1166 | val loss 16.1759 | time 90.27s
  Train summary: macro-acc 0.417 | macro-F1 0.227 | micro-P 0.166 | micro-R 0.772 | micro-F1 0.274 | macro-PR 0.193 | micro-PR 0.188
  Val summary:   macro-acc 0.479 | macro-F1 0.205 | micro-P 0.166 | micro-R 0.673 | micro-F1 0.267 | macro-PR 0.253 | micro-PR 0.164
  Train accuracy per class:
    Normal: 0.570, CHF: 0.336, pneumonia: 0.335, consolidation: 0.636, enlarged_cardiac_silhouette: 0.584, linear__patchy_atelectasis: 0.460, lobar__segmental_collapse: 0.251, not_otherwise_specified_opacity___pleural__parenchymal_opacity__: 0.371, pleural_effusion_or_thickening: 0.553, pulmonary_edema__hazy_opacity: 0.606, normal_anatomically: 0.575, elevated_hemidiaphragm: 0.219, hyperaeration: 0.321, vascular_redistribution: 0.202, atelectasis__chx: 0.276, cardiomegaly__chx: 0.483, consolidation__chx: 0.193, edema__chx: 0.356, enlarged_cardiomediastinum__chx: 0.923, fracture__chx: 0.240, lung_lesion__chx: 0.508, lung_opacity__chx: 0.219, no_finding__chx: 0.617, pleural_effusion__chx: 0.255, pleural_other__chx: 0.226, pneumonia__chx: 0.518, pneumothorax__chx: 0.245, support_devices__chx: 0.259
  Val accuracy per class:
    Normal: 0.620, CHF: 0.426, pneumonia: 0.287, consolidation: 0.759, enlarged_cardiac_silhouette: 0.259, linear__patchy_atelectasis: 0.463, lobar__segmental_collapse: 0.222, not_otherwise_specified_opacity___pleural__parenchymal_opacity__: 0.454, pleural_effusion_or_thickening: 0.417, pulmonary_edema__hazy_opacity: 0.519, normal_anatomically: 0.546, elevated_hemidiaphragm: 0.074, hyperaeration: 0.306, vascular_redistribution: 0.000, atelectasis__chx: 0.898, cardiomegaly__chx: 0.185, consolidation__chx: 0.046, edema__chx: 0.861, enlarged_cardiomediastinum__chx: 0.565, fracture__chx: 0.204, lung_lesion__chx: 0.722, lung_opacity__chx: 0.231, no_finding__chx: 0.574, pleural_effusion__chx: 0.167, pleural_other__chx: 0.315, pneumonia__chx: 0.815, pneumothorax__chx: 0.722, support_devices__chx: 0.935
  Val threshold stats | median 0.050 | pos-rate@0.50 0.567 | pos-rate@thr 0.602
Epoch 71 | train loss -894.7182 | val loss 18.7432 | time 89.13s
  Train summary: macro-acc 0.419 | macro-F1 0.232 | micro-P 0.166 | micro-R 0.796 | micro-F1 0.275 | macro-PR 0.190 | micro-PR 0.180
  Val summary:   macro-acc 0.509 | macro-F1 0.197 | micro-P 0.170 | micro-R 0.662 | micro-F1 0.270 | macro-PR 0.243 | micro-PR 0.177
  Train accuracy per class:
    Normal: 0.571, CHF: 0.350, pneumonia: 0.617, consolidation: 0.559, enlarged_cardiac_silhouette: 0.270, linear__patchy_atelectasis: 0.222, lobar__segmental_collapse: 0.179, not_otherwise_specified_opacity___pleural__parenchymal_opacity__: 0.377, pleural_effusion_or_thickening: 0.256, pulmonary_edema__hazy_opacity: 0.726, normal_anatomically: 0.574, elevated_hemidiaphragm: 0.227, hyperaeration: 0.269, vascular_redistribution: 0.208, atelectasis__chx: 0.276, cardiomegaly__chx: 0.464, consolidation__chx: 0.344, edema__chx: 0.364, enlarged_cardiomediastinum__chx: 0.897, fracture__chx: 0.236, lung_lesion__chx: 0.505, lung_opacity__chx: 0.222, no_finding__chx: 0.619, pleural_effusion__chx: 0.299, pleural_other__chx: 0.241, pneumonia__chx: 0.536, pneumothorax__chx: 0.249, support_devices__chx: 0.256
  Val accuracy per class:
    Normal: 0.528, CHF: 0.426, pneumonia: 0.463, consolidation: 0.583, enlarged_cardiac_silhouette: 0.241, linear__patchy_atelectasis: 0.176, lobar__segmental_collapse: 0.213, not_otherwise_specified_opacity___pleural__parenchymal_opacity__: 0.454, pleural_effusion_or_thickening: 0.204, pulmonary_edema__hazy_opacity: 0.204, normal_anatomically: 0.528, elevated_hemidiaphragm: 0.241, hyperaeration: 0.565, vascular_redistribution: 0.241, atelectasis__chx: 0.898, cardiomegaly__chx: 0.657, consolidation__chx: 0.306, edema__chx: 0.861, enlarged_cardiomediastinum__chx: 0.148, fracture__chx: 0.361, lung_lesion__chx: 0.676, lung_opacity__chx: 0.231, no_finding__chx: 0.593, pleural_effusion__chx: 0.389, pleural_other__chx: 0.389, pneumonia__chx: 0.815, pneumothorax__chx: 1.000, support_devices__chx: 0.713
  Val threshold stats | median 0.050 | pos-rate@0.50 0.533 | pos-rate@thr 0.580
Epoch 72 | train loss -921.6109 | val loss 20.1906 | time 90.63s
  Train summary: macro-acc 0.417 | macro-F1 0.239 | micro-P 0.170 | micro-R 0.810 | micro-F1 0.281 | macro-PR 0.226 | micro-PR 0.182
  Val summary:   macro-acc 0.583 | macro-F1 0.211 | micro-P 0.181 | micro-R 0.664 | micro-F1 0.285 | macro-PR 0.255 | micro-PR 0.182
  Train accuracy per class:
    Normal: 0.570, CHF: 0.331, pneumonia: 0.322, consolidation: 0.532, enlarged_cardiac_silhouette: 0.570, linear__patchy_atelectasis: 0.212, lobar__segmental_collapse: 0.264, not_otherwise_specified_opacity___pleural__parenchymal_opacity__: 0.360, pleural_effusion_or_thickening: 0.351, pulmonary_edema__hazy_opacity: 0.314, normal_anatomically: 0.574, elevated_hemidiaphragm: 0.231, hyperaeration: 0.235, vascular_redistribution: 0.216, atelectasis__chx: 0.277, cardiomegaly__chx: 0.294, consolidation__chx: 0.656, edema__chx: 0.373, enlarged_cardiomediastinum__chx: 0.901, fracture__chx: 0.245, lung_lesion__chx: 0.420, lung_opacity__chx: 0.723, no_finding__chx: 0.620, pleural_effusion__chx: 0.249, pleural_other__chx: 0.231, pneumonia__chx: 0.545, pneumothorax__chx: 0.249, support_devices__chx: 0.255
  Val accuracy per class:
    Normal: 0.620, CHF: 0.426, pneumonia: 0.287, consolidation: 0.667, enlarged_cardiac_silhouette: 0.500, linear__patchy_atelectasis: 0.176, lobar__segmental_collapse: 0.269, not_otherwise_specified_opacity___pleural__parenchymal_opacity__: 0.454, pleural_effusion_or_thickening: 0.241, pulmonary_edema__hazy_opacity: 0.417, normal_anatomically: 0.611, elevated_hemidiaphragm: 0.222, hyperaeration: 0.565, vascular_redistribution: 0.009, atelectasis__chx: 0.898, cardiomegaly__chx: 0.630, consolidation__chx: 0.824, edema__chx: 0.861, enlarged_cardiomediastinum__chx: 0.269, fracture__chx: 0.463, lung_lesion__chx: 0.713, lung_opacity__chx: 0.269, no_finding__chx: 0.593, pleural_effusion__chx: 0.167, pleural_other__chx: 0.426, pneumonia__chx: 0.815, pneumothorax__chx: 0.796, support_devices__chx: 0.926
  Val threshold stats | median 0.050 | pos-rate@0.50 0.433 | pos-rate@thr 0.545
Epoch 73 | train loss -953.5445 | val loss 12.4984 | time 91.33s
  Train summary: macro-acc 0.425 | macro-F1 0.235 | micro-P 0.176 | micro-R 0.775 | micro-F1 0.287 | macro-PR 0.199 | micro-PR 0.192
  Val summary:   macro-acc 0.484 | macro-F1 0.227 | micro-P 0.171 | micro-R 0.669 | micro-F1 0.272 | macro-PR 0.244 | micro-PR 0.136
  Train accuracy per class:
    Normal: 0.571, CHF: 0.342, pneumonia: 0.485, consolidation: 0.644, enlarged_cardiac_silhouette: 0.549, linear__patchy_atelectasis: 0.226, lobar__segmental_collapse: 0.343, not_otherwise_specified_opacity___pleural__parenchymal_opacity__: 0.396, pleural_effusion_or_thickening: 0.288, pulmonary_edema__hazy_opacity: 0.520, normal_anatomically: 0.577, elevated_hemidiaphragm: 0.231, hyperaeration: 0.685, vascular_redistribution: 0.207, atelectasis__chx: 0.330, cardiomegaly__chx: 0.384, consolidation__chx: 0.220, edema__chx: 0.631, enlarged_cardiomediastinum__chx: 0.913, fracture__chx: 0.245, lung_lesion__chx: 0.678, lung_opacity__chx: 0.232, no_finding__chx: 0.603, pleural_effusion__chx: 0.268, pleural_other__chx: 0.237, pneumonia__chx: 0.528, pneumothorax__chx: 0.249, support_devices__chx: 0.769
  Val accuracy per class:
    Normal: 0.546, CHF: 0.426, pneumonia: 0.296, consolidation: 0.639, enlarged_cardiac_silhouette: 0.602, linear__patchy_atelectasis: 0.176, lobar__segmental_collapse: 0.259, not_otherwise_specified_opacity___pleural__parenchymal_opacity__: 0.454, pleural_effusion_or_thickening: 0.204, pulmonary_edema__hazy_opacity: 0.556, normal_anatomically: 0.537, elevated_hemidiaphragm: 0.019, hyperaeration: 0.713, vascular_redistribution: 0.000, atelectasis__chx: 0.759, cardiomegaly__chx: 0.657, consolidation__chx: 0.370, edema__chx: 0.713, enlarged_cardiomediastinum__chx: 0.509, fracture__chx: 0.315, lung_lesion__chx: 0.731, lung_opacity__chx: 0.231, no_finding__chx: 0.602, pleural_effusion__chx: 0.167, pleural_other__chx: 0.287, pneumonia__chx: 0.731, pneumothorax__chx: 0.667, support_devices__chx: 0.935
  Val threshold stats | median 0.250 | pos-rate@0.50 0.558 | pos-rate@thr 0.582
Epoch 74 | train loss -983.1420 | val loss 41.6551 | time 89.87s
  Train summary: macro-acc 0.422 | macro-F1 0.235 | micro-P 0.162 | micro-R 0.765 | micro-F1 0.268 | macro-PR 0.199 | micro-PR 0.183
  Val summary:   macro-acc 0.660 | macro-F1 0.176 | micro-P 0.209 | micro-R 0.587 | micro-F1 0.308 | macro-PR 0.246 | micro-PR 0.228
  Train accuracy per class:
    Normal: 0.565, CHF: 0.351, pneumonia: 0.566, consolidation: 0.557, enlarged_cardiac_silhouette: 0.338, linear__patchy_atelectasis: 0.223, lobar__segmental_collapse: 0.158, not_otherwise_specified_opacity___pleural__parenchymal_opacity__: 0.375, pleural_effusion_or_thickening: 0.637, pulmonary_edema__hazy_opacity: 0.263, normal_anatomically: 0.571, elevated_hemidiaphragm: 0.210, hyperaeration: 0.476, vascular_redistribution: 0.197, atelectasis__chx: 0.277, cardiomegaly__chx: 0.259, consolidation__chx: 0.239, edema__chx: 0.405, enlarged_cardiomediastinum__chx: 0.901, fracture__chx: 0.247, lung_lesion__chx: 0.218, lung_opacity__chx: 0.778, no_finding__chx: 0.619, pleural_effusion__chx: 0.241, pleural_other__chx: 0.235, pneumonia__chx: 0.599, pneumothorax__chx: 0.245, support_devices__chx: 0.256
  Val accuracy per class:
    Normal: 0.713, CHF: 0.426, pneumonia: 0.333, consolidation: 0.657, enlarged_cardiac_silhouette: 0.509, linear__patchy_atelectasis: 0.176, lobar__segmental_collapse: 0.259, not_otherwise_specified_opacity___pleural__parenchymal_opacity__: 0.454, pleural_effusion_or_thickening: 0.435, pulmonary_edema__hazy_opacity: 0.509, normal_anatomically: 0.704, elevated_hemidiaphragm: 0.537, hyperaeration: 0.426, vascular_redistribution: 0.370, atelectasis__chx: 0.898, cardiomegaly__chx: 0.676, consolidation__chx: 0.907, edema__chx: 0.861, enlarged_cardiomediastinum__chx: 0.528, fracture__chx: 0.991, lung_lesion__chx: 0.704, lung_opacity__chx: 0.333, no_finding__chx: 0.676, pleural_effusion__chx: 0.167, pleural_other__chx: 1.000, pneumonia__chx: 0.815, pneumothorax__chx: 1.000, support_devices__chx: 0.963
  Val threshold stats | median 0.050 | pos-rate@0.50 0.348 | pos-rate@thr 0.418
Epoch 75 | train loss -1013.0029 | val loss 32.8297 | time 93.04s
  Train summary: macro-acc 0.425 | macro-F1 0.233 | micro-P 0.162 | micro-R 0.802 | micro-F1 0.269 | macro-PR 0.192 | micro-PR 0.187
  Val summary:   macro-acc 0.688 | macro-F1 0.177 | micro-P 0.197 | micro-R 0.582 | micro-F1 0.295 | macro-PR 0.239 | micro-PR 0.239
  Train accuracy per class:
    Normal: 0.571, CHF: 0.355, pneumonia: 0.673, consolidation: 0.342, enlarged_cardiac_silhouette: 0.247, linear__patchy_atelectasis: 0.235, lobar__segmental_collapse: 0.178, not_otherwise_specified_opacity___pleural__parenchymal_opacity__: 0.365, pleural_effusion_or_thickening: 0.293, pulmonary_edema__hazy_opacity: 0.639, normal_anatomically: 0.574, elevated_hemidiaphragm: 0.193, hyperaeration: 0.181, vascular_redistribution: 0.203, atelectasis__chx: 0.278, cardiomegaly__chx: 0.325, consolidation__chx: 0.379, edema__chx: 0.410, enlarged_cardiomediastinum__chx: 0.897, fracture__chx: 0.247, lung_lesion__chx: 0.226, lung_opacity__chx: 0.234, no_finding__chx: 0.619, pleural_effusion__chx: 0.244, pleural_other__chx: 0.241, pneumonia__chx: 0.627, pneumothorax__chx: 0.251, support_devices__chx: 0.256
  Val accuracy per class:
    Normal: 0.713, CHF: 0.426, pneumonia: 0.463, consolidation: 0.713, enlarged_cardiac_silhouette: 0.241, linear__patchy_atelectasis: 0.463, lobar__segmental_collapse: 0.185, not_otherwise_specified_opacity___pleural__parenchymal_opacity__: 0.454, pleural_effusion_or_thickening: 0.352, pulmonary_edema__hazy_opacity: 0.463, normal_anatomically: 0.704, elevated_hemidiaphragm: 0.463, hyperaeration: 0.509, vascular_redistribution: 0.324, atelectasis__chx: 0.898, cardiomegaly__chx: 0.667, consolidation__chx: 0.824, edema__chx: 0.861, enlarged_cardiomediastinum__chx: 0.389, fracture__chx: 0.750, lung_lesion__chx: 0.694, lung_opacity__chx: 0.231, no_finding__chx: 0.676, pleural_effusion__chx: 0.426, pleural_other__chx: 0.722, pneumonia__chx: 0.815, pneumothorax__chx: 1.000, support_devices__chx: 0.963
  Val threshold stats | median 0.050 | pos-rate@0.50 0.313 | pos-rate@thr 0.439
Epoch 76 | train loss -1043.7156 | val loss 22.0182 | time 91.87s
  Train summary: macro-acc 0.423 | macro-F1 0.229 | micro-P 0.161 | micro-R 0.755 | micro-F1 0.265 | macro-PR 0.189 | micro-PR 0.184
  Val summary:   macro-acc 0.554 | macro-F1 0.207 | micro-P 0.177 | micro-R 0.631 | micro-F1 0.277 | macro-PR 0.254 | micro-PR 0.181
  Train accuracy per class:
    Normal: 0.569, CHF: 0.339, pneumonia: 0.637, consolidation: 0.470, enlarged_cardiac_silhouette: 0.590, linear__patchy_atelectasis: 0.561, lobar__segmental_collapse: 0.172, not_otherwise_specified_opacity___pleural__parenchymal_opacity__: 0.367, pleural_effusion_or_thickening: 0.265, pulmonary_edema__hazy_opacity: 0.602, normal_anatomically: 0.569, elevated_hemidiaphragm: 0.223, hyperaeration: 0.216, vascular_redistribution: 0.197, atelectasis__chx: 0.276, cardiomegaly__chx: 0.243, consolidation__chx: 0.208, edema__chx: 0.397, enlarged_cardiomediastinum__chx: 0.898, fracture__chx: 0.247, lung_lesion__chx: 0.532, lung_opacity__chx: 0.218, no_finding__chx: 0.620, pleural_effusion__chx: 0.264, pleural_other__chx: 0.243, pneumonia__chx: 0.594, pneumothorax__chx: 0.251, support_devices__chx: 0.255
  Val accuracy per class:
    Normal: 0.519, CHF: 0.426, pneumonia: 0.537, consolidation: 0.426, enlarged_cardiac_silhouette: 0.667, linear__patchy_atelectasis: 0.463, lobar__segmental_collapse: 0.250, not_otherwise_specified_opacity___pleural__parenchymal_opacity__: 0.454, pleural_effusion_or_thickening: 0.204, pulmonary_edema__hazy_opacity: 0.417, normal_anatomically: 0.509, elevated_hemidiaphragm: 0.120, hyperaeration: 0.343, vascular_redistribution: 0.074, atelectasis__chx: 0.898, cardiomegaly__chx: 0.546, consolidation__chx: 0.435, edema__chx: 0.861, enlarged_cardiomediastinum__chx: 0.657, fracture__chx: 0.528, lung_lesion__chx: 0.713, lung_opacity__chx: 0.231, no_finding__chx: 0.565, pleural_effusion__chx: 0.398, pleural_other__chx: 0.472, pneumonia__chx: 0.815, pneumothorax__chx: 0.787, support_devices__chx: 0.935
  Val threshold stats | median 0.050 | pos-rate@0.50 0.457 | pos-rate@thr 0.530
Epoch 77 | train loss -1080.8714 | val loss 43.5244 | time 94.16s
  Train summary: macro-acc 0.429 | macro-F1 0.239 | micro-P 0.165 | micro-R 0.843 | micro-F1 0.277 | macro-PR 0.199 | micro-PR 0.196
  Val summary:   macro-acc 0.706 | macro-F1 0.177 | micro-P 0.231 | micro-R 0.571 | micro-F1 0.329 | macro-PR 0.253 | micro-PR 0.262
  Train accuracy per class:
    Normal: 0.569, CHF: 0.347, pneumonia: 0.338, consolidation: 0.573, enlarged_cardiac_silhouette: 0.294, linear__patchy_atelectasis: 0.215, lobar__segmental_collapse: 0.189, not_otherwise_specified_opacity___pleural__parenchymal_opacity__: 0.373, pleural_effusion_or_thickening: 0.540, pulmonary_edema__hazy_opacity: 0.330, normal_anatomically: 0.578, elevated_hemidiaphragm: 0.218, hyperaeration: 0.197, vascular_redistribution: 0.220, atelectasis__chx: 0.276, cardiomegaly__chx: 0.234, consolidation__chx: 0.326, edema__chx: 0.405, enlarged_cardiomediastinum__chx: 0.943, fracture__chx: 0.247, lung_lesion__chx: 0.214, lung_opacity__chx: 0.235, no_finding__chx: 0.621, pleural_effusion__chx: 0.255, pleural_other__chx: 0.243, pneumonia__chx: 0.594, pneumothorax__chx: 0.249, support_devices__chx: 0.255
  Val accuracy per class:
    Normal: 0.713, CHF: 0.426, pneumonia: 0.287, consolidation: 0.852, enlarged_cardiac_silhouette: 0.593, linear__patchy_atelectasis: 0.176, lobar__segmental_collapse: 0.491, not_otherwise_specified_opacity___pleural__parenchymal_opacity__: 0.454, pleural_effusion_or_thickening: 0.417, pulmonary_edema__hazy_opacity: 0.509, normal_anatomically: 0.704, elevated_hemidiaphragm: 0.694, hyperaeration: 0.685, vascular_redistribution: 0.694, atelectasis__chx: 0.898, cardiomegaly__chx: 0.593, consolidation__chx: 0.935, edema__chx: 0.861, enlarged_cardiomediastinum__chx: 1.000, fracture__chx: 0.944, lung_lesion__chx: 0.722, lung_opacity__chx: 0.231, no_finding__chx: 0.676, pleural_effusion__chx: 0.167, pleural_other__chx: 0.806, pneumonia__chx: 0.815, pneumothorax__chx: 1.000, support_devices__chx: 0.963
  Val threshold stats | median 0.050 | pos-rate@0.50 0.294 | pos-rate@thr 0.367
Epoch 78 | train loss -1112.8230 | val loss 16.2451 | time 94.05s
  Train summary: macro-acc 0.430 | macro-F1 0.240 | micro-P 0.183 | micro-R 0.771 | micro-F1 0.296 | macro-PR 0.197 | micro-PR 0.192
  Val summary:   macro-acc 0.390 | macro-F1 0.234 | micro-P 0.165 | micro-R 0.753 | micro-F1 0.270 | macro-PR 0.266 | micro-PR 0.120
  Train accuracy per class:
    Normal: 0.565, CHF: 0.334, pneumonia: 0.417, consolidation: 0.583, enlarged_cardiac_silhouette: 0.582, linear__patchy_atelectasis: 0.334, lobar__segmental_collapse: 0.524, not_otherwise_specified_opacity___pleural__parenchymal_opacity__: 0.373, pleural_effusion_or_thickening: 0.263, pulmonary_edema__hazy_opacity: 0.670, normal_anatomically: 0.574, elevated_hemidiaphragm: 0.224, hyperaeration: 0.414, vascular_redistribution: 0.208, atelectasis__chx: 0.277, cardiomegaly__chx: 0.456, consolidation__chx: 0.442, edema__chx: 0.710, enlarged_cardiomediastinum__chx: 0.956, fracture__chx: 0.244, lung_lesion__chx: 0.863, lung_opacity__chx: 0.223, no_finding__chx: 0.621, pleural_effusion__chx: 0.347, pleural_other__chx: 0.236, pneumonia__chx: 0.672, pneumothorax__chx: 0.253, support_devices__chx: 0.753
  Val accuracy per class:
    Normal: 0.343, CHF: 0.426, pneumonia: 0.333, consolidation: 0.102, enlarged_cardiac_silhouette: 0.444, linear__patchy_atelectasis: 0.324, lobar__segmental_collapse: 0.435, not_otherwise_specified_opacity___pleural__parenchymal_opacity__: 0.454, pleural_effusion_or_thickening: 0.204, pulmonary_edema__hazy_opacity: 0.519, normal_anatomically: 0.333, elevated_hemidiaphragm: 0.000, hyperaeration: 0.454, vascular_redistribution: 0.000, atelectasis__chx: 0.611, cardiomegaly__chx: 0.667, consolidation__chx: 0.324, edema__chx: 0.630, enlarged_cardiomediastinum__chx: 0.537, fracture__chx: 0.250, lung_lesion__chx: 0.704, lung_opacity__chx: 0.231, no_finding__chx: 0.389, pleural_effusion__chx: 0.407, pleural_other__chx: 0.111, pneumonia__chx: 0.620, pneumothorax__chx: 0.500, support_devices__chx: 0.694
  Val threshold stats | median 0.100 | pos-rate@0.50 0.660 | pos-rate@thr 0.681
Epoch 79 | train loss -1150.8681 | val loss 43.5710 | time 90.10s
  Train summary: macro-acc 0.423 | macro-F1 0.234 | micro-P 0.162 | micro-R 0.822 | micro-F1 0.271 | macro-PR 0.189 | micro-PR 0.180
  Val summary:   macro-acc 0.682 | macro-F1 0.186 | micro-P 0.216 | micro-R 0.609 | micro-F1 0.319 | macro-PR 0.236 | micro-PR 0.247
  Train accuracy per class:
    Normal: 0.573, CHF: 0.330, pneumonia: 0.334, consolidation: 0.363, enlarged_cardiac_silhouette: 0.248, linear__patchy_atelectasis: 0.396, lobar__segmental_collapse: 0.169, not_otherwise_specified_opacity___pleural__parenchymal_opacity__: 0.359, pleural_effusion_or_thickening: 0.520, pulmonary_edema__hazy_opacity: 0.338, normal_anatomically: 0.567, elevated_hemidiaphragm: 0.216, hyperaeration: 0.214, vascular_redistribution: 0.195, atelectasis__chx: 0.276, cardiomegaly__chx: 0.247, consolidation__chx: 0.361, edema__chx: 0.429, enlarged_cardiomediastinum__chx: 0.937, fracture__chx: 0.247, lung_lesion__chx: 0.214, lung_opacity__chx: 0.218, no_finding__chx: 0.619, pleural_effusion__chx: 0.261, pleural_other__chx: 0.240, pneumonia__chx: 0.612, pneumothorax__chx: 0.248, support_devices__chx: 0.255
  Val accuracy per class:
    Normal: 0.713, CHF: 0.426, pneumonia: 0.287, consolidation: 0.713, enlarged_cardiac_silhouette: 0.241, linear__patchy_atelectasis: 0.398, lobar__segmental_collapse: 0.398, not_otherwise_specified_opacity___pleural__parenchymal_opacity__: 0.454, pleural_effusion_or_thickening: 0.324, pulmonary_edema__hazy_opacity: 0.352, normal_anatomically: 0.704, elevated_hemidiaphragm: 0.556, hyperaeration: 0.593, vascular_redistribution: 0.324, atelectasis__chx: 0.898, cardiomegaly__chx: 0.685, consolidation__chx: 0.963, edema__chx: 0.861, enlarged_cardiomediastinum__chx: 1.000, fracture__chx: 0.852, lung_lesion__chx: 0.787, lung_opacity__chx: 0.231, no_finding__chx: 0.676, pleural_effusion__chx: 0.222, pleural_other__chx: 0.731, pneumonia__chx: 0.815, pneumothorax__chx: 1.000, support_devices__chx: 0.963
  Val threshold stats | median 0.050 | pos-rate@0.50 0.331 | pos-rate@thr 0.419
Epoch 80 | train loss -1186.7318 | val loss 39.0333 | time 89.81s
  Train summary: macro-acc 0.430 | macro-F1 0.238 | micro-P 0.166 | micro-R 0.798 | micro-F1 0.275 | macro-PR 0.190 | micro-PR 0.190
  Val summary:   macro-acc 0.683 | macro-F1 0.181 | micro-P 0.212 | micro-R 0.591 | micro-F1 0.312 | macro-PR 0.244 | micro-PR 0.232
  Train accuracy per class:
    Normal: 0.567, CHF: 0.338, pneumonia: 0.309, consolidation: 0.361, enlarged_cardiac_silhouette: 0.602, linear__patchy_atelectasis: 0.507, lobar__segmental_collapse: 0.189, not_otherwise_specified_opacity___pleural__parenchymal_opacity__: 0.377, pleural_effusion_or_thickening: 0.273, pulmonary_edema__hazy_opacity: 0.301, normal_anatomically: 0.577, elevated_hemidiaphragm: 0.216, hyperaeration: 0.219, vascular_redistribution: 0.201, atelectasis__chx: 0.280, cardiomegaly__chx: 0.245, consolidation__chx: 0.485, edema__chx: 0.471, enlarged_cardiomediastinum__chx: 0.917, fracture__chx: 0.244, lung_lesion__chx: 0.218, lung_opacity__chx: 0.741, no_finding__chx: 0.621, pleural_effusion__chx: 0.245, pleural_other__chx: 0.240, pneumonia__chx: 0.640, pneumothorax__chx: 0.253, support_devices__chx: 0.256
  Val accuracy per class:
    Normal: 0.713, CHF: 0.426, pneumonia: 0.287, consolidation: 0.685, enlarged_cardiac_silhouette: 0.630, linear__patchy_atelectasis: 0.444, lobar__segmental_collapse: 0.343, not_otherwise_specified_opacity___pleural__parenchymal_opacity__: 0.454, pleural_effusion_or_thickening: 0.204, pulmonary_edema__hazy_opacity: 0.556, normal_anatomically: 0.704, elevated_hemidiaphragm: 0.519, hyperaeration: 0.454, vascular_redistribution: 0.324, atelectasis__chx: 0.898, cardiomegaly__chx: 0.648, consolidation__chx: 0.880, edema__chx: 0.861, enlarged_cardiomediastinum__chx: 0.963, fracture__chx: 0.759, lung_lesion__chx: 0.722, lung_opacity__chx: 0.259, no_finding__chx: 0.676, pleural_effusion__chx: 0.269, pleural_other__chx: 0.694, pneumonia__chx: 0.815, pneumothorax__chx: 1.000, support_devices__chx: 0.963
  Val threshold stats | median 0.050 | pos-rate@0.50 0.315 | pos-rate@thr 0.415
Epoch 81 | train loss -1219.0688 | val loss 38.3829 | time 95.90s
  Train summary: macro-acc 0.421 | macro-F1 0.237 | micro-P 0.168 | micro-R 0.797 | micro-F1 0.277 | macro-PR 0.192 | micro-PR 0.185
  Val summary:   macro-acc 0.621 | macro-F1 0.187 | micro-P 0.196 | micro-R 0.633 | micro-F1 0.299 | macro-PR 0.246 | micro-PR 0.206
  Train accuracy per class:
    Normal: 0.566, CHF: 0.356, pneumonia: 0.579, consolidation: 0.623, enlarged_cardiac_silhouette: 0.565, linear__patchy_atelectasis: 0.280, lobar__segmental_collapse: 0.152, not_otherwise_specified_opacity___pleural__parenchymal_opacity__: 0.356, pleural_effusion_or_thickening: 0.270, pulmonary_edema__hazy_opacity: 0.306, normal_anatomically: 0.573, elevated_hemidiaphragm: 0.214, hyperaeration: 0.730, vascular_redistribution: 0.185, atelectasis__chx: 0.280, cardiomegaly__chx: 0.244, consolidation__chx: 0.451, edema__chx: 0.435, enlarged_cardiomediastinum__chx: 0.909, fracture__chx: 0.245, lung_lesion__chx: 0.331, lung_opacity__chx: 0.219, no_finding__chx: 0.621, pleural_effusion__chx: 0.252, pleural_other__chx: 0.235, pneumonia__chx: 0.612, pneumothorax__chx: 0.248, support_devices__chx: 0.256
  Val accuracy per class:
    Normal: 0.694, CHF: 0.426, pneumonia: 0.343, consolidation: 0.398, enlarged_cardiac_silhouette: 0.611, linear__patchy_atelectasis: 0.269, lobar__segmental_collapse: 0.333, not_otherwise_specified_opacity___pleural__parenchymal_opacity__: 0.454, pleural_effusion_or_thickening: 0.204, pulmonary_edema__hazy_opacity: 0.324, normal_anatomically: 0.648, elevated_hemidiaphragm: 0.287, hyperaeration: 0.556, vascular_redistribution: 0.222, atelectasis__chx: 0.898, cardiomegaly__chx: 0.639, consolidation__chx: 0.843, edema__chx: 0.861, enlarged_cardiomediastinum__chx: 0.694, fracture__chx: 0.704, lung_lesion__chx: 0.722, lung_opacity__chx: 0.231, no_finding__chx: 0.676, pleural_effusion__chx: 0.167, pleural_other__chx: 0.648, pneumonia__chx: 0.815, pneumothorax__chx: 1.000, support_devices__chx: 0.963
  Val threshold stats | median 0.050 | pos-rate@0.50 0.395 | pos-rate@thr 0.481
Epoch 82 | train loss -1247.4599 | val loss 23.1655 | time 90.44s
  Train summary: macro-acc 0.427 | macro-F1 0.234 | micro-P 0.167 | micro-R 0.754 | micro-F1 0.274 | macro-PR 0.197 | micro-PR 0.190
  Val summary:   macro-acc 0.515 | macro-F1 0.214 | micro-P 0.178 | micro-R 0.644 | micro-F1 0.280 | macro-PR 0.258 | micro-PR 0.159
  Train accuracy per class:
    Normal: 0.573, CHF: 0.356, pneumonia: 0.625, consolidation: 0.602, enlarged_cardiac_silhouette: 0.625, linear__patchy_atelectasis: 0.235, lobar__segmental_collapse: 0.158, not_otherwise_specified_opacity___pleural__parenchymal_opacity__: 0.373, pleural_effusion_or_thickening: 0.453, pulmonary_edema__hazy_opacity: 0.633, normal_anatomically: 0.575, elevated_hemidiaphragm: 0.210, hyperaeration: 0.391, vascular_redistribution: 0.211, atelectasis__chx: 0.277, cardiomegaly__chx: 0.475, consolidation__chx: 0.228, edema__chx: 0.459, enlarged_cardiomediastinum__chx: 0.927, fracture__chx: 0.247, lung_lesion__chx: 0.517, lung_opacity__chx: 0.227, no_finding__chx: 0.621, pleural_effusion__chx: 0.252, pleural_other__chx: 0.230, pneumonia__chx: 0.670, pneumothorax__chx: 0.248, support_devices__chx: 0.328
  Val accuracy per class:
    Normal: 0.611, CHF: 0.426, pneumonia: 0.417, consolidation: 0.741, enlarged_cardiac_silhouette: 0.537, linear__patchy_atelectasis: 0.176, lobar__segmental_collapse: 0.380, not_otherwise_specified_opacity___pleural__parenchymal_opacity__: 0.454, pleural_effusion_or_thickening: 0.278, pulmonary_edema__hazy_opacity: 0.519, normal_anatomically: 0.602, elevated_hemidiaphragm: 0.037, hyperaeration: 0.546, vascular_redistribution: 0.019, atelectasis__chx: 0.833, cardiomegaly__chx: 0.685, consolidation__chx: 0.361, edema__chx: 0.861, enlarged_cardiomediastinum__chx: 0.611, fracture__chx: 0.481, lung_lesion__chx: 0.704, lung_opacity__chx: 0.231, no_finding__chx: 0.611, pleural_effusion__chx: 0.167, pleural_other__chx: 0.370, pneumonia__chx: 0.815, pneumothorax__chx: 0.741, support_devices__chx: 0.944
  Val threshold stats | median 0.100 | pos-rate@0.50 0.527 | pos-rate@thr 0.537
Epoch 83 | train loss -1285.4548 | val loss 70.9778 | time 90.53s
  Train summary: macro-acc 0.429 | macro-F1 0.236 | micro-P 0.160 | micro-R 0.800 | micro-F1 0.267 | macro-PR 0.198 | micro-PR 0.178
  Val summary:   macro-acc 0.744 | macro-F1 0.179 | micro-P 0.247 | micro-R 0.569 | micro-F1 0.345 | macro-PR 0.237 | micro-PR 0.254
  Train accuracy per class:
    Normal: 0.562, CHF: 0.326, pneumonia: 0.619, consolidation: 0.280, enlarged_cardiac_silhouette: 0.251, linear__patchy_atelectasis: 0.555, lobar__segmental_collapse: 0.199, not_otherwise_specified_opacity___pleural__parenchymal_opacity__: 0.356, pleural_effusion_or_thickening: 0.274, pulmonary_edema__hazy_opacity: 0.460, normal_anatomically: 0.577, elevated_hemidiaphragm: 0.216, hyperaeration: 0.189, vascular_redistribution: 0.210, atelectasis__chx: 0.278, cardiomegaly__chx: 0.247, consolidation__chx: 0.232, edema__chx: 0.475, enlarged_cardiomediastinum__chx: 0.909, fracture__chx: 0.248, lung_lesion__chx: 0.190, lung_opacity__chx: 0.222, no_finding__chx: 0.621, pleural_effusion__chx: 0.255, pleural_other__chx: 0.226, pneumonia__chx: 0.677, pneumothorax__chx: 0.247, support_devices__chx: 0.256
  Val accuracy per class:
    Normal: 0.713, CHF: 0.426, pneumonia: 0.407, consolidation: 0.833, enlarged_cardiac_silhouette: 0.241, linear__patchy_atelectasis: 0.185, lobar__segmental_collapse: 0.750, not_otherwise_specified_opacity___pleural__parenchymal_opacity__: 0.454, pleural_effusion_or_thickening: 0.204, pulmonary_edema__hazy_opacity: 0.546, normal_anatomically: 0.704, elevated_hemidiaphragm: 0.759, hyperaeration: 0.602, vascular_redistribution: 0.713, atelectasis__chx: 0.898, cardiomegaly__chx: 0.713, consolidation__chx: 0.954, edema__chx: 0.861, enlarged_cardiomediastinum__chx: 1.000, fracture__chx: 0.991, lung_lesion__chx: 0.759, lung_opacity__chx: 0.231, no_finding__chx: 0.676, pleural_effusion__chx: 0.593, pleural_other__chx: 1.000, pneumonia__chx: 0.815, pneumothorax__chx: 1.000, support_devices__chx: 0.963
  Val threshold stats | median 0.050 | pos-rate@0.50 0.250 | pos-rate@thr 0.342
Epoch 84 | train loss -1325.5427 | val loss 24.7276 | time 90.71s
  Train summary: macro-acc 0.433 | macro-F1 0.233 | micro-P 0.174 | micro-R 0.747 | micro-F1 0.282 | macro-PR 0.194 | micro-PR 0.187
  Val summary:   macro-acc 0.510 | macro-F1 0.228 | micro-P 0.175 | micro-R 0.640 | micro-F1 0.275 | macro-PR 0.248 | micro-PR 0.137
  Train accuracy per class:
    Normal: 0.574, CHF: 0.409, pneumonia: 0.363, consolidation: 0.615, enlarged_cardiac_silhouette: 0.561, linear__patchy_atelectasis: 0.522, lobar__segmental_collapse: 0.248, not_otherwise_specified_opacity___pleural__parenchymal_opacity__: 0.381, pleural_effusion_or_thickening: 0.456, pulmonary_edema__hazy_opacity: 0.401, normal_anatomically: 0.577, elevated_hemidiaphragm: 0.219, hyperaeration: 0.398, vascular_redistribution: 0.198, atelectasis__chx: 0.396, cardiomegaly__chx: 0.322, consolidation__chx: 0.858, edema__chx: 0.467, enlarged_cardiomediastinum__chx: 0.917, fracture__chx: 0.248, lung_lesion__chx: 0.711, lung_opacity__chx: 0.389, no_finding__chx: 0.619, pleural_effusion__chx: 0.274, pleural_other__chx: 0.236, pneumonia__chx: 0.675, pneumothorax__chx: 0.249, support_devices__chx: 0.256
  Val accuracy per class:
    Normal: 0.537, CHF: 0.630, pneumonia: 0.333, consolidation: 0.315, enlarged_cardiac_silhouette: 0.713, linear__patchy_atelectasis: 0.204, lobar__segmental_collapse: 0.352, not_otherwise_specified_opacity___pleural__parenchymal_opacity__: 0.454, pleural_effusion_or_thickening: 0.398, pulmonary_edema__hazy_opacity: 0.426, normal_anatomically: 0.509, elevated_hemidiaphragm: 0.046, hyperaeration: 0.500, vascular_redistribution: 0.000, atelectasis__chx: 0.731, cardiomegaly__chx: 0.657, consolidation__chx: 0.852, edema__chx: 0.685, enlarged_cardiomediastinum__chx: 0.722, fracture__chx: 0.500, lung_lesion__chx: 0.741, lung_opacity__chx: 0.324, no_finding__chx: 0.528, pleural_effusion__chx: 0.370, pleural_other__chx: 0.306, pneumonia__chx: 0.676, pneumothorax__chx: 0.694, support_devices__chx: 0.704
  Val threshold stats | median 0.350 | pos-rate@0.50 0.508 | pos-rate@thr 0.545
Epoch 85 | train loss -1365.3840 | val loss 63.2125 | time 88.73s
  Train summary: macro-acc 0.429 | macro-F1 0.235 | micro-P 0.161 | micro-R 0.801 | micro-F1 0.268 | macro-PR 0.191 | micro-PR 0.190
  Val summary:   macro-acc 0.756 | macro-F1 0.191 | micro-P 0.247 | micro-R 0.538 | micro-F1 0.338 | macro-PR 0.245 | micro-PR 0.239
  Train accuracy per class:
    Normal: 0.563, CHF: 0.334, pneumonia: 0.668, consolidation: 0.367, enlarged_cardiac_silhouette: 0.381, linear__patchy_atelectasis: 0.408, lobar__segmental_collapse: 0.278, not_otherwise_specified_opacity___pleural__parenchymal_opacity__: 0.375, pleural_effusion_or_thickening: 0.281, pulmonary_edema__hazy_opacity: 0.263, normal_anatomically: 0.566, elevated_hemidiaphragm: 0.227, hyperaeration: 0.179, vascular_redistribution: 0.220, atelectasis__chx: 0.277, cardiomegaly__chx: 0.223, consolidation__chx: 0.244, edema__chx: 0.464, enlarged_cardiomediastinum__chx: 0.927, fracture__chx: 0.245, lung_lesion__chx: 0.193, lung_opacity__chx: 0.219, no_finding__chx: 0.621, pleural_effusion__chx: 0.249, pleural_other__chx: 0.222, pneumonia__chx: 0.664, pneumothorax__chx: 0.248, support_devices__chx: 0.256
  Val accuracy per class:
    Normal: 0.713, CHF: 0.426, pneumonia: 0.333, consolidation: 0.750, enlarged_cardiac_silhouette: 0.694, linear__patchy_atelectasis: 0.491, lobar__segmental_collapse: 0.343, not_otherwise_specified_opacity___pleural__parenchymal_opacity__: 0.454, pleural_effusion_or_thickening: 0.426, pulmonary_edema__hazy_opacity: 0.417, normal_anatomically: 0.704, elevated_hemidiaphragm: 0.769, hyperaeration: 0.639, vascular_redistribution: 0.722, atelectasis__chx: 0.898, cardiomegaly__chx: 0.676, consolidation__chx: 0.981, edema__chx: 0.861, enlarged_cardiomediastinum__chx: 1.000, fracture__chx: 0.991, lung_lesion__chx: 0.806, lung_opacity__chx: 0.231, no_finding__chx: 0.676, pleural_effusion__chx: 0.704, pleural_other__chx: 0.759, pneumonia__chx: 0.815, pneumothorax__chx: 1.000, support_devices__chx: 0.963
  Val threshold stats | median 0.050 | pos-rate@0.50 0.217 | pos-rate@thr 0.324
Epoch 86 | train loss -1401.4649 | val loss 37.8866 | time 94.68s
  Train summary: macro-acc 0.431 | macro-F1 0.238 | micro-P 0.170 | micro-R 0.775 | micro-F1 0.279 | macro-PR 0.195 | micro-PR 0.189
  Val summary:   macro-acc 0.589 | macro-F1 0.210 | micro-P 0.204 | micro-R 0.629 | micro-F1 0.308 | macro-PR 0.252 | micro-PR 0.186
  Train accuracy per class:
    Normal: 0.569, CHF: 0.348, pneumonia: 0.323, consolidation: 0.437, enlarged_cardiac_silhouette: 0.573, linear__patchy_atelectasis: 0.511, lobar__segmental_collapse: 0.241, not_otherwise_specified_opacity___pleural__parenchymal_opacity__: 0.384, pleural_effusion_or_thickening: 0.456, pulmonary_edema__hazy_opacity: 0.394, normal_anatomically: 0.574, elevated_hemidiaphragm: 0.230, hyperaeration: 0.293, vascular_redistribution: 0.215, atelectasis__chx: 0.277, cardiomegaly__chx: 0.264, consolidation__chx: 0.723, edema__chx: 0.467, enlarged_cardiomediastinum__chx: 0.931, fracture__chx: 0.248, lung_lesion__chx: 0.342, lung_opacity__chx: 0.672, no_finding__chx: 0.623, pleural_effusion__chx: 0.263, pleural_other__chx: 0.231, pneumonia__chx: 0.654, pneumothorax__chx: 0.251, support_devices__chx: 0.256
  Val accuracy per class:
    Normal: 0.556, CHF: 0.426, pneumonia: 0.287, consolidation: 0.648, enlarged_cardiac_silhouette: 0.593, linear__patchy_atelectasis: 0.426, lobar__segmental_collapse: 0.444, not_otherwise_specified_opacity___pleural__parenchymal_opacity__: 0.454, pleural_effusion_or_thickening: 0.231, pulmonary_edema__hazy_opacity: 0.481, normal_anatomically: 0.537, elevated_hemidiaphragm: 0.417, hyperaeration: 0.602, vascular_redistribution: 0.019, atelectasis__chx: 0.898, cardiomegaly__chx: 0.685, consolidation__chx: 0.824, edema__chx: 0.861, enlarged_cardiomediastinum__chx: 0.963, fracture__chx: 0.667, lung_lesion__chx: 0.741, lung_opacity__chx: 0.315, no_finding__chx: 0.602, pleural_effusion__chx: 0.417, pleural_other__chx: 0.528, pneumonia__chx: 0.815, pneumothorax__chx: 0.880, support_devices__chx: 0.935
  Val threshold stats | median 0.050 | pos-rate@0.50 0.436 | pos-rate@thr 0.458
Epoch 87 | train loss -1440.0000 | val loss 44.7584 | time 92.85s
  Train summary: macro-acc 0.431 | macro-F1 0.241 | micro-P 0.167 | micro-R 0.833 | micro-F1 0.278 | macro-PR 0.192 | micro-PR 0.185
  Val summary:   macro-acc 0.666 | macro-F1 0.182 | micro-P 0.222 | micro-R 0.567 | micro-F1 0.319 | macro-PR 0.245 | micro-PR 0.241
  Train accuracy per class:
    Normal: 0.575, CHF: 0.325, pneumonia: 0.321, consolidation: 0.493, enlarged_cardiac_silhouette: 0.534, linear__patchy_atelectasis: 0.331, lobar__segmental_collapse: 0.158, not_otherwise_specified_opacity___pleural__parenchymal_opacity__: 0.365, pleural_effusion_or_thickening: 0.273, pulmonary_edema__hazy_opacity: 0.332, normal_anatomically: 0.563, elevated_hemidiaphragm: 0.224, hyperaeration: 0.248, vascular_redistribution: 0.185, atelectasis__chx: 0.280, cardiomegaly__chx: 0.253, consolidation__chx: 0.463, edema__chx: 0.496, enlarged_cardiomediastinum__chx: 0.946, fracture__chx: 0.247, lung_lesion__chx: 0.226, lung_opacity__chx: 0.220, no_finding__chx: 0.619, pleural_effusion__chx: 0.309, pleural_other__chx: 0.219, pneumonia__chx: 0.708, pneumothorax__chx: 0.248, support_devices__chx: 0.255
  Val accuracy per class:
    Normal: 0.713, CHF: 0.426, pneumonia: 0.287, consolidation: 0.722, enlarged_cardiac_silhouette: 0.667, linear__patchy_atelectasis: 0.361, lobar__segmental_collapse: 0.269, not_otherwise_specified_opacity___pleural__parenchymal_opacity__: 0.454, pleural_effusion_or_thickening: 0.204, pulmonary_edema__hazy_opacity: 0.509, normal_anatomically: 0.704, elevated_hemidiaphragm: 0.667, hyperaeration: 0.676, vascular_redistribution: 0.333, atelectasis__chx: 0.898, cardiomegaly__chx: 0.639, consolidation__chx: 0.907, edema__chx: 0.861, enlarged_cardiomediastinum__chx: 1.000, fracture__chx: 0.935, lung_lesion__chx: 0.806, lung_opacity__chx: 0.231, no_finding__chx: 0.676, pleural_effusion__chx: 0.546, pleural_other__chx: 0.630, pneumonia__chx: 0.815, pneumothorax__chx: 1.000, support_devices__chx: 0.963
  Val threshold stats | median 0.050 | pos-rate@0.50 0.344 | pos-rate@thr 0.381
Epoch 88 | train loss -1484.8466 | val loss 31.3332 | time 89.40s
  Train summary: macro-acc 0.430 | macro-F1 0.237 | micro-P 0.168 | micro-R 0.746 | micro-F1 0.274 | macro-PR 0.190 | micro-PR 0.181
  Val summary:   macro-acc 0.612 | macro-F1 0.200 | micro-P 0.196 | micro-R 0.618 | micro-F1 0.297 | macro-PR 0.246 | micro-PR 0.207
  Train accuracy per class:
    Normal: 0.567, CHF: 0.346, pneumonia: 0.607, consolidation: 0.179, enlarged_cardiac_silhouette: 0.677, linear__patchy_atelectasis: 0.385, lobar__segmental_collapse: 0.193, not_otherwise_specified_opacity___pleural__parenchymal_opacity__: 0.376, pleural_effusion_or_thickening: 0.266, pulmonary_edema__hazy_opacity: 0.702, normal_anatomically: 0.582, elevated_hemidiaphragm: 0.215, hyperaeration: 0.402, vascular_redistribution: 0.220, atelectasis__chx: 0.278, cardiomegaly__chx: 0.334, consolidation__chx: 0.562, edema__chx: 0.487, enlarged_cardiomediastinum__chx: 0.906, fracture__chx: 0.245, lung_lesion__chx: 0.383, lung_opacity__chx: 0.686, no_finding__chx: 0.620, pleural_effusion__chx: 0.248, pleural_other__chx: 0.224, pneumonia__chx: 0.732, pneumothorax__chx: 0.252, support_devices__chx: 0.255
  Val accuracy per class:
    Normal: 0.648, CHF: 0.426, pneumonia: 0.444, consolidation: 0.093, enlarged_cardiac_silhouette: 0.583, linear__patchy_atelectasis: 0.259, lobar__segmental_collapse: 0.454, not_otherwise_specified_opacity___pleural__parenchymal_opacity__: 0.454, pleural_effusion_or_thickening: 0.259, pulmonary_edema__hazy_opacity: 0.630, normal_anatomically: 0.574, elevated_hemidiaphragm: 0.417, hyperaeration: 0.602, vascular_redistribution: 0.250, atelectasis__chx: 0.898, cardiomegaly__chx: 0.685, consolidation__chx: 0.833, edema__chx: 0.861, enlarged_cardiomediastinum__chx: 0.648, fracture__chx: 0.722, lung_lesion__chx: 0.806, lung_opacity__chx: 0.306, no_finding__chx: 0.667, pleural_effusion__chx: 0.167, pleural_other__chx: 0.435, pneumonia__chx: 0.815, pneumothorax__chx: 1.000, support_devices__chx: 0.889
  Val threshold stats | median 0.050 | pos-rate@0.50 0.405 | pos-rate@thr 0.470
Epoch 89 | train loss -1521.8623 | val loss 19.2071 | time 90.65s
  Train summary: macro-acc 0.429 | macro-F1 0.238 | micro-P 0.185 | micro-R 0.788 | micro-F1 0.300 | macro-PR 0.188 | micro-PR 0.182
  Val summary:   macro-acc 0.470 | macro-F1 0.235 | micro-P 0.178 | micro-R 0.711 | micro-F1 0.284 | macro-PR 0.249 | micro-PR 0.126
  Train accuracy per class:
    Normal: 0.558, CHF: 0.343, pneumonia: 0.410, consolidation: 0.569, enlarged_cardiac_silhouette: 0.257, linear__patchy_atelectasis: 0.525, lobar__segmental_collapse: 0.203, not_otherwise_specified_opacity___pleural__parenchymal_opacity__: 0.372, pleural_effusion_or_thickening: 0.270, pulmonary_edema__hazy_opacity: 0.410, normal_anatomically: 0.566, elevated_hemidiaphragm: 0.226, hyperaeration: 0.346, vascular_redistribution: 0.198, atelectasis__chx: 0.858, cardiomegaly__chx: 0.394, consolidation__chx: 0.906, edema__chx: 0.501, enlarged_cardiomediastinum__chx: 0.920, fracture__chx: 0.245, lung_lesion__chx: 0.782, lung_opacity__chx: 0.224, no_finding__chx: 0.620, pleural_effusion__chx: 0.331, pleural_other__chx: 0.226, pneumonia__chx: 0.726, pneumothorax__chx: 0.257, support_devices__chx: 0.788
  Val accuracy per class:
    Normal: 0.546, CHF: 0.426, pneumonia: 0.343, consolidation: 0.694, enlarged_cardiac_silhouette: 0.241, linear__patchy_atelectasis: 0.185, lobar__segmental_collapse: 0.241, not_otherwise_specified_opacity___pleural__parenchymal_opacity__: 0.454, pleural_effusion_or_thickening: 0.204, pulmonary_edema__hazy_opacity: 0.556, normal_anatomically: 0.528, elevated_hemidiaphragm: 0.000, hyperaeration: 0.463, vascular_redistribution: 0.000, atelectasis__chx: 0.694, cardiomegaly__chx: 0.620, consolidation__chx: 0.898, edema__chx: 0.639, enlarged_cardiomediastinum__chx: 0.713, fracture__chx: 0.491, lung_lesion__chx: 0.741, lung_opacity__chx: 0.278, no_finding__chx: 0.519, pleural_effusion__chx: 0.519, pleural_other__chx: 0.065, pneumonia__chx: 0.639, pneumothorax__chx: 0.657, support_devices__chx: 0.722
  Val threshold stats | median 0.150 | pos-rate@0.50 0.549 | pos-rate@thr 0.596
Epoch 90 | train loss -1564.4522 | val loss 87.8213 | time 90.61s
  Train summary: macro-acc 0.435 | macro-F1 0.235 | micro-P 0.159 | micro-R 0.807 | micro-F1 0.266 | macro-PR 0.194 | micro-PR 0.187
  Val summary:   macro-acc 0.766 | macro-F1 0.168 | micro-P 0.253 | micro-R 0.524 | micro-F1 0.341 | macro-PR 0.250 | micro-PR 0.263
  Train accuracy per class:
    Normal: 0.567, CHF: 0.346, pneumonia: 0.691, consolidation: 0.210, enlarged_cardiac_silhouette: 0.306, linear__patchy_atelectasis: 0.367, lobar__segmental_collapse: 0.174, not_otherwise_specified_opacity___pleural__parenchymal_opacity__: 0.361, pleural_effusion_or_thickening: 0.284, pulmonary_edema__hazy_opacity: 0.251, normal_anatomically: 0.571, elevated_hemidiaphragm: 0.222, hyperaeration: 0.198, vascular_redistribution: 0.211, atelectasis__chx: 0.293, cardiomegaly__chx: 0.226, consolidation__chx: 0.206, edema__chx: 0.503, enlarged_cardiomediastinum__chx: 0.938, fracture__chx: 0.247, lung_lesion__chx: 0.198, lung_opacity__chx: 0.227, no_finding__chx: 0.619, pleural_effusion__chx: 0.270, pleural_other__chx: 0.231, pneumonia__chx: 0.685, pneumothorax__chx: 0.256, support_devices__chx: 0.255
  Val accuracy per class:
    Normal: 0.713, CHF: 0.426, pneumonia: 0.481, consolidation: 0.787, enlarged_cardiac_silhouette: 0.620, linear__patchy_atelectasis: 0.361, lobar__segmental_collapse: 0.444, not_otherwise_specified_opacity___pleural__parenchymal_opacity__: 0.454, pleural_effusion_or_thickening: 0.204, pulmonary_edema__hazy_opacity: 0.426, normal_anatomically: 0.704, elevated_hemidiaphragm: 0.806, hyperaeration: 0.694, vascular_redistribution: 0.759, atelectasis__chx: 0.898, cardiomegaly__chx: 0.648, consolidation__chx: 0.907, edema__chx: 0.861, enlarged_cardiomediastinum__chx: 1.000, fracture__chx: 0.991, lung_lesion__chx: 0.907, lung_opacity__chx: 0.231, no_finding__chx: 0.676, pleural_effusion__chx: 0.787, pleural_other__chx: 1.000, pneumonia__chx: 0.815, pneumothorax__chx: 1.000, support_devices__chx: 0.963
  Val threshold stats | median 0.050 | pos-rate@0.50 0.216 | pos-rate@thr 0.309
Epoch 91 | train loss -1596.5455 | val loss 136.2301 | time 91.04s
  Train summary: macro-acc 0.438 | macro-F1 0.237 | micro-P 0.160 | micro-R 0.823 | micro-F1 0.268 | macro-PR 0.191 | micro-PR 0.191
  Val summary:   macro-acc 0.759 | macro-F1 0.141 | micro-P 0.260 | micro-R 0.491 | micro-F1 0.340 | macro-PR 0.240 | micro-PR 0.265
  Train accuracy per class:
    Normal: 0.577, CHF: 0.331, pneumonia: 0.678, consolidation: 0.195, enlarged_cardiac_silhouette: 0.261, linear__patchy_atelectasis: 0.236, lobar__segmental_collapse: 0.172, not_otherwise_specified_opacity___pleural__parenchymal_opacity__: 0.380, pleural_effusion_or_thickening: 0.280, pulmonary_edema__hazy_opacity: 0.257, normal_anatomically: 0.574, elevated_hemidiaphragm: 0.212, hyperaeration: 0.187, vascular_redistribution: 0.187, atelectasis__chx: 0.282, cardiomegaly__chx: 0.244, consolidation__chx: 0.183, edema__chx: 0.517, enlarged_cardiomediastinum__chx: 0.935, fracture__chx: 0.247, lung_lesion__chx: 0.207, lung_opacity__chx: 0.228, no_finding__chx: 0.620, pleural_effusion__chx: 0.256, pleural_other__chx: 0.232, pneumonia__chx: 0.744, pneumothorax__chx: 0.255, support_devices__chx: 0.255
  Val accuracy per class:
    Normal: 0.713, CHF: 0.426, pneumonia: 0.426, consolidation: 0.093, enlarged_cardiac_silhouette: 0.241, linear__patchy_atelectasis: 0.500, lobar__segmental_collapse: 0.880, not_otherwise_specified_opacity___pleural__parenchymal_opacity__: 0.454, pleural_effusion_or_thickening: 0.565, pulmonary_edema__hazy_opacity: 0.630, normal_anatomically: 0.704, elevated_hemidiaphragm: 1.000, hyperaeration: 0.769, vascular_redistribution: 0.815, atelectasis__chx: 0.898, cardiomegaly__chx: 0.648, consolidation__chx: 0.972, edema__chx: 0.861, enlarged_cardiomediastinum__chx: 1.000, fracture__chx: 0.991, lung_lesion__chx: 0.954, lung_opacity__chx: 0.231, no_finding__chx: 0.676, pleural_effusion__chx: 0.833, pleural_other__chx: 1.000, pneumonia__chx: 0.815, pneumothorax__chx: 1.000, support_devices__chx: 0.963
  Val threshold stats | median 0.050 | pos-rate@0.50 0.216 | pos-rate@thr 0.281
Epoch 92 | train loss -1646.7209 | val loss 29.7721 | time 90.69s
  Train summary: macro-acc 0.434 | macro-F1 0.240 | micro-P 0.175 | micro-R 0.751 | micro-F1 0.284 | macro-PR 0.193 | micro-PR 0.192
  Val summary:   macro-acc 0.502 | macro-F1 0.223 | micro-P 0.177 | micro-R 0.671 | micro-F1 0.281 | macro-PR 0.255 | micro-PR 0.136
  Train accuracy per class:
    Normal: 0.570, CHF: 0.354, pneumonia: 0.437, consolidation: 0.577, enlarged_cardiac_silhouette: 0.619, linear__patchy_atelectasis: 0.244, lobar__segmental_collapse: 0.175, not_otherwise_specified_opacity___pleural__parenchymal_opacity__: 0.381, pleural_effusion_or_thickening: 0.265, pulmonary_edema__hazy_opacity: 0.450, normal_anatomically: 0.575, elevated_hemidiaphragm: 0.215, hyperaeration: 0.491, vascular_redistribution: 0.185, atelectasis__chx: 0.653, cardiomegaly__chx: 0.290, consolidation__chx: 0.876, edema__chx: 0.641, enlarged_cardiomediastinum__chx: 0.908, fracture__chx: 0.247, lung_lesion__chx: 0.654, lung_opacity__chx: 0.443, no_finding__chx: 0.584, pleural_effusion__chx: 0.240, pleural_other__chx: 0.227, pneumonia__chx: 0.761, pneumothorax__chx: 0.257, support_devices__chx: 0.277
  Val accuracy per class:
    Normal: 0.500, CHF: 0.426, pneumonia: 0.352, consolidation: 0.472, enlarged_cardiac_silhouette: 0.713, linear__patchy_atelectasis: 0.176, lobar__segmental_collapse: 0.296, not_otherwise_specified_opacity___pleural__parenchymal_opacity__: 0.454, pleural_effusion_or_thickening: 0.204, pulmonary_edema__hazy_opacity: 0.593, normal_anatomically: 0.463, elevated_hemidiaphragm: 0.019, hyperaeration: 0.426, vascular_redistribution: 0.000, atelectasis__chx: 0.704, cardiomegaly__chx: 0.602, consolidation__chx: 0.833, edema__chx: 0.685, enlarged_cardiomediastinum__chx: 0.704, fracture__chx: 0.630, lung_lesion__chx: 0.731, lung_opacity__chx: 0.333, no_finding__chx: 0.583, pleural_effusion__chx: 0.167, pleural_other__chx: 0.491, pneumonia__chx: 0.676, pneumothorax__chx: 0.685, support_devices__chx: 0.741
  Val threshold stats | median 0.200 | pos-rate@0.50 0.526 | pos-rate@thr 0.563
Epoch 93 | train loss -1684.9580 | val loss 27.9852 | time 92.06s
  Train summary: macro-acc 0.435 | macro-F1 0.239 | micro-P 0.197 | micro-R 0.783 | micro-F1 0.314 | macro-PR 0.190 | micro-PR 0.183
  Val summary:   macro-acc 0.280 | macro-F1 0.250 | micro-P 0.170 | micro-R 0.867 | micro-F1 0.285 | macro-PR 0.238 | micro-PR 0.101
  Train accuracy per class:
    Normal: 0.563, CHF: 0.327, pneumonia: 0.328, consolidation: 0.759, enlarged_cardiac_silhouette: 0.269, linear__patchy_atelectasis: 0.228, lobar__segmental_collapse: 0.595, not_otherwise_specified_opacity___pleural__parenchymal_opacity__: 0.379, pleural_effusion_or_thickening: 0.274, pulmonary_edema__hazy_opacity: 0.598, normal_anatomically: 0.570, elevated_hemidiaphragm: 0.214, hyperaeration: 0.744, vascular_redistribution: 0.189, atelectasis__chx: 0.843, cardiomegaly__chx: 0.686, consolidation__chx: 0.565, edema__chx: 0.542, enlarged_cardiomediastinum__chx: 0.938, fracture__chx: 0.249, lung_lesion__chx: 0.894, lung_opacity__chx: 0.210, no_finding__chx: 0.620, pleural_effusion__chx: 0.495, pleural_other__chx: 0.260, pneumonia__chx: 0.712, pneumothorax__chx: 0.255, support_devices__chx: 0.823
  Val accuracy per class:
    Normal: 0.296, CHF: 0.426, pneumonia: 0.343, consolidation: 0.676, enlarged_cardiac_silhouette: 0.241, linear__patchy_atelectasis: 0.176, lobar__segmental_collapse: 0.417, not_otherwise_specified_opacity___pleural__parenchymal_opacity__: 0.472, pleural_effusion_or_thickening: 0.204, pulmonary_edema__hazy_opacity: 0.454, normal_anatomically: 0.306, elevated_hemidiaphragm: 0.000, hyperaeration: 0.491, vascular_redistribution: 0.000, atelectasis__chx: 0.435, cardiomegaly__chx: 0.639, consolidation__chx: 0.296, edema__chx: 0.454, enlarged_cardiomediastinum__chx: 0.472, fracture__chx: 0.167, lung_lesion__chx: 0.546, lung_opacity__chx: 0.426, no_finding__chx: 0.343, pleural_effusion__chx: 0.407, pleural_other__chx: 0.046, pneumonia__chx: 0.444, pneumothorax__chx: 0.222, support_devices__chx: 0.444
  Val threshold stats | median 0.150 | pos-rate@0.50 0.762 | pos-rate@thr 0.758
Epoch 94 | train loss -1732.1959 | val loss 30.4462 | time 91.62s
  Train summary: macro-acc 0.438 | macro-F1 0.244 | micro-P 0.183 | micro-R 0.761 | micro-F1 0.295 | macro-PR 0.191 | micro-PR 0.190
  Val summary:   macro-acc 0.557 | macro-F1 0.226 | micro-P 0.187 | micro-R 0.658 | micro-F1 0.291 | macro-PR 0.240 | micro-PR 0.143
  Train accuracy per class:
    Normal: 0.563, CHF: 0.347, pneumonia: 0.541, consolidation: 0.462, enlarged_cardiac_silhouette: 0.529, linear__patchy_atelectasis: 0.557, lobar__segmental_collapse: 0.191, not_otherwise_specified_opacity___pleural__parenchymal_opacity__: 0.381, pleural_effusion_or_thickening: 0.274, pulmonary_edema__hazy_opacity: 0.406, normal_anatomically: 0.571, elevated_hemidiaphragm: 0.227, hyperaeration: 0.220, vascular_redistribution: 0.207, atelectasis__chx: 0.489, cardiomegaly__chx: 0.364, consolidation__chx: 0.855, edema__chx: 0.624, enlarged_cardiomediastinum__chx: 0.933, fracture__chx: 0.247, lung_lesion__chx: 0.712, lung_opacity__chx: 0.495, no_finding__chx: 0.619, pleural_effusion__chx: 0.255, pleural_other__chx: 0.223, pneumonia__chx: 0.773, pneumothorax__chx: 0.268, support_devices__chx: 0.847
  Val accuracy per class:
    Normal: 0.519, CHF: 0.426, pneumonia: 0.296, consolidation: 0.639, enlarged_cardiac_silhouette: 0.667, linear__patchy_atelectasis: 0.296, lobar__segmental_collapse: 0.444, not_otherwise_specified_opacity___pleural__parenchymal_opacity__: 0.454, pleural_effusion_or_thickening: 0.204, pulmonary_edema__hazy_opacity: 0.556, normal_anatomically: 0.500, elevated_hemidiaphragm: 0.130, hyperaeration: 0.500, vascular_redistribution: 0.139, atelectasis__chx: 0.759, cardiomegaly__chx: 0.657, consolidation__chx: 0.944, edema__chx: 0.722, enlarged_cardiomediastinum__chx: 0.713, fracture__chx: 0.639, lung_lesion__chx: 0.778, lung_opacity__chx: 0.315, no_finding__chx: 0.565, pleural_effusion__chx: 0.167, pleural_other__chx: 0.269, pneumonia__chx: 0.704, pneumothorax__chx: 0.759, support_devices__chx: 0.880
  Val threshold stats | median 0.150 | pos-rate@0.50 0.466 | pos-rate@thr 0.524
