Starting ST2 (image+bbox+seg+text+gaze) at: Mon Oct 27 02:59:00 AM CDT 2025

Loading configuration from: config_v2/st2_image_bbox_seg_text.yaml
{
    "dataset_name": "egd-cxr",
    "input_path": {
        "gaze_raw": "/project/hnguyen2/mvu9/datasets/gaze_data/physionet.org/files/egd-cxr/1.0.0",
        "dicom_raw": "/project/hnguyen2/mvu9/datasets/gaze_data/egd-cxr/dicom_raw",
        "segmentation_dir": "/project/hnguyen2/mvu9/datasets/gaze_data/physionet.org/files/egd-cxr/1.0.0/audio_segmentation_transcripts",
        "transcripts_dir": "/project/hnguyen2/mvu9/datasets/gaze_data/egd-cxr/transcripts"
    },
    "output_path": {
        "base_plots_dir": "plots"
    },
    "split_files": {
        "dir": "config/splits"
    },
    "train": {
        "batch_size": 48,
        "epochs": 100,
        "lr": 0.0002,
        "weight_decay": 0.00025,
        "max_fixations": 80,
        "txt_dim": 256,
        "enc_dim": 256,
        "max_decode_len": 64,
        "num_workers": 4,
        "seed": 123,
        "checkpoint_dir": "runs/st2/checkpoints_image_bbox_seg_text",
        "use_bbox": true,
        "use_seg": true,
        "use_image": true,
        "use_text": true,
        "use_gaze": true,
        "encoder_dropout": 0.1,
        "label_dropout": 0.05,
        "pretrained_image": true,
        "lambda_text": 0.1,
        "lambda_speak": 0.1,
        "use_pos_weight": false,
        "tune_thresholds": true,
        "pos_weight_clip": 25.0,
        "use_logit_adjust": true,
        "use_asl": true,
        "asl_gamma_pos": 0.0,
        "asl_gamma_neg": 4.0,
        "asl_clip": 0.05
    }
}
Using device: cuda
Data splits - Train: 758, Val: 108, Test: 217
Loading training dataset...
EGDCXRDataset ready: 758 cases | regions=4 | bbox_classes=17
Loading validation dataset...
EGDCXRDataset ready: 108 cases | regions=4 | bbox_classes=17
Loading test dataset...
EGDCXRDataset ready: 217 cases | regions=4 | bbox_classes=17
Creating data loaders...
Estimating label statistics from training data...
  logit adjustment mean -2.947 | median -2.999
Building model and vocabulary...
Model created with 12659921 parameters
Vocabulary size: 756
Training on 28 disease classes: ['Normal', 'CHF', 'pneumonia', 'consolidation', 'enlarged_cardiac_silhouette', 'linear__patchy_atelectasis', 'lobar__segmental_collapse', 'not_otherwise_specified_opacity___pleural__parenchymal_opacity__', 'pleural_effusion_or_thickening', 'pulmonary_edema__hazy_opacity', 'normal_anatomically', 'elevated_hemidiaphragm', 'hyperaeration', 'vascular_redistribution', 'atelectasis__chx', 'cardiomegaly__chx', 'consolidation__chx', 'edema__chx', 'enlarged_cardiomediastinum__chx', 'fracture__chx', 'lung_lesion__chx', 'lung_opacity__chx', 'no_finding__chx', 'pleural_effusion__chx', 'pleural_other__chx', 'pneumonia__chx', 'pneumothorax__chx', 'support_devices__chx']

Starting training for 100 epochs...
  Checkpoint saved to /project/hnguyen2/mvu9/folder_04_ma/gaze-01/runs/st2/checkpoints_image_bbox_seg_text/20251027-030333_best.pt
Epoch 01 | train loss 0.8391 | val loss 0.5563 | time 87.24s
  Train summary: macro-acc 0.147 | macro-F1 0.174 | micro-P 0.112 | micro-R 0.554 | micro-F1 0.186 | macro-PR 0.150 | micro-PR 0.083
  Val summary:   macro-acc 0.162 | macro-F1 0.246 | micro-P 0.149 | micro-R 0.720 | micro-F1 0.247 | macro-PR 0.220 | micro-PR 0.088
  Train accuracy per class:
    Normal: 0.656, CHF: 0.562, pneumonia: 0.496, consolidation: 0.203, enlarged_cardiac_silhouette: 0.255, linear__patchy_atelectasis: 0.790, lobar__segmental_collapse: 0.070, not_otherwise_specified_opacity___pleural__parenchymal_opacity__: 0.470, pleural_effusion_or_thickening: 0.602, pulmonary_edema__hazy_opacity: 0.505, normal_anatomically: 0.454, elevated_hemidiaphragm: 0.008, hyperaeration: 0.075, vascular_redistribution: 0.017, atelectasis__chx: 0.894, cardiomegaly__chx: 0.425, consolidation__chx: 0.034, edema__chx: 0.121, enlarged_cardiomediastinum__chx: 0.007, fracture__chx: 0.004, lung_lesion__chx: 0.482, lung_opacity__chx: 0.236, no_finding__chx: 0.468, pleural_effusion__chx: 0.270, pleural_other__chx: 0.005, pneumonia__chx: 0.160, pneumothorax__chx: 0.000, support_devices__chx: 0.009
  Val accuracy per class:
    Normal: 0.565, CHF: 0.574, pneumonia: 0.639, consolidation: 0.102, enlarged_cardiac_silhouette: 0.444, linear__patchy_atelectasis: 0.750, lobar__segmental_collapse: 0.426, not_otherwise_specified_opacity___pleural__parenchymal_opacity__: 0.556, pleural_effusion_or_thickening: 0.565, pulmonary_edema__hazy_opacity: 0.667, normal_anatomically: 0.343, elevated_hemidiaphragm: 0.000, hyperaeration: 0.139, vascular_redistribution: 0.000, atelectasis__chx: 0.602, cardiomegaly__chx: 0.528, consolidation__chx: 0.167, edema__chx: 0.139, enlarged_cardiomediastinum__chx: 0.000, fracture__chx: 0.009, lung_lesion__chx: 0.944, lung_opacity__chx: 0.241, no_finding__chx: 0.519, pleural_effusion__chx: 0.287, pleural_other__chx: 0.074, pneumonia__chx: 0.407, pneumothorax__chx: 0.000, support_devices__chx: 0.056
  Val threshold stats | median 0.750 | pos-rate@0.50 0.982 | pos-rate@thr 0.718
  Checkpoint saved to /project/hnguyen2/mvu9/folder_04_ma/gaze-01/runs/st2/checkpoints_image_bbox_seg_text/20251027-030333_best.pt
Epoch 02 | train loss 0.3518 | val loss 0.2440 | time 92.40s
  Train summary: macro-acc 0.166 | macro-F1 0.203 | micro-P 0.129 | micro-R 0.623 | micro-F1 0.213 | macro-PR 0.181 | micro-PR 0.084
  Val summary:   macro-acc 0.172 | macro-F1 0.241 | micro-P 0.150 | micro-R 0.716 | micro-F1 0.248 | macro-PR 0.256 | micro-PR 0.088
  Train accuracy per class:
    Normal: 0.521, CHF: 0.380, pneumonia: 0.335, consolidation: 0.153, enlarged_cardiac_silhouette: 0.248, linear__patchy_atelectasis: 0.628, lobar__segmental_collapse: 0.249, not_otherwise_specified_opacity___pleural__parenchymal_opacity__: 0.513, pleural_effusion_or_thickening: 0.342, pulmonary_edema__hazy_opacity: 0.427, normal_anatomically: 0.624, elevated_hemidiaphragm: 0.008, hyperaeration: 0.040, vascular_redistribution: 0.017, atelectasis__chx: 0.530, cardiomegaly__chx: 0.328, consolidation__chx: 0.195, edema__chx: 0.577, enlarged_cardiomediastinum__chx: 0.007, fracture__chx: 0.004, lung_lesion__chx: 0.904, lung_opacity__chx: 0.235, no_finding__chx: 0.623, pleural_effusion__chx: 0.731, pleural_other__chx: 0.008, pneumonia__chx: 0.670, pneumothorax__chx: 0.000, support_devices__chx: 0.009
  Val accuracy per class:
    Normal: 0.583, CHF: 0.611, pneumonia: 0.278, consolidation: 0.167, enlarged_cardiac_silhouette: 0.417, linear__patchy_atelectasis: 0.630, lobar__segmental_collapse: 0.139, not_otherwise_specified_opacity___pleural__parenchymal_opacity__: 0.602, pleural_effusion_or_thickening: 0.296, pulmonary_edema__hazy_opacity: 0.620, normal_anatomically: 0.574, elevated_hemidiaphragm: 0.000, hyperaeration: 0.120, vascular_redistribution: 0.000, atelectasis__chx: 0.685, cardiomegaly__chx: 0.463, consolidation__chx: 0.056, edema__chx: 0.407, enlarged_cardiomediastinum__chx: 0.000, fracture__chx: 0.009, lung_lesion__chx: 0.713, lung_opacity__chx: 0.231, no_finding__chx: 0.648, pleural_effusion__chx: 0.648, pleural_other__chx: 0.185, pneumonia__chx: 0.815, pneumothorax__chx: 0.000, support_devices__chx: 0.037
  Val threshold stats | median 0.750 | pos-rate@0.50 0.961 | pos-rate@thr 0.709
  Checkpoint saved to /project/hnguyen2/mvu9/folder_04_ma/gaze-01/runs/st2/checkpoints_image_bbox_seg_text/20251027-030333_best.pt
Epoch 03 | train loss 0.2310 | val loss 0.2301 | time 89.28s
  Train summary: macro-acc 0.170 | macro-F1 0.211 | micro-P 0.130 | micro-R 0.599 | micro-F1 0.214 | macro-PR 0.215 | micro-PR 0.086
  Val summary:   macro-acc 0.174 | macro-F1 0.248 | micro-P 0.152 | micro-R 0.691 | micro-F1 0.250 | macro-PR 0.289 | micro-PR 0.090
  Train accuracy per class:
    Normal: 0.691, CHF: 0.558, pneumonia: 0.335, consolidation: 0.334, enlarged_cardiac_silhouette: 0.203, linear__patchy_atelectasis: 0.805, lobar__segmental_collapse: 0.037, not_otherwise_specified_opacity___pleural__parenchymal_opacity__: 0.476, pleural_effusion_or_thickening: 0.532, pulmonary_edema__hazy_opacity: 0.823, normal_anatomically: 0.646, elevated_hemidiaphragm: 0.008, hyperaeration: 0.082, vascular_redistribution: 0.017, atelectasis__chx: 0.745, cardiomegaly__chx: 0.711, consolidation__chx: 0.034, edema__chx: 0.562, enlarged_cardiomediastinum__chx: 0.007, fracture__chx: 0.004, lung_lesion__chx: 0.235, lung_opacity__chx: 0.281, no_finding__chx: 0.613, pleural_effusion__chx: 0.495, pleural_other__chx: 0.008, pneumonia__chx: 0.840, pneumothorax__chx: 0.000, support_devices__chx: 0.009
  Val accuracy per class:
    Normal: 0.713, CHF: 0.722, pneumonia: 0.287, consolidation: 0.278, enlarged_cardiac_silhouette: 0.259, linear__patchy_atelectasis: 0.796, lobar__segmental_collapse: 0.148, not_otherwise_specified_opacity___pleural__parenchymal_opacity__: 0.556, pleural_effusion_or_thickening: 0.583, pulmonary_edema__hazy_opacity: 0.713, normal_anatomically: 0.685, elevated_hemidiaphragm: 0.000, hyperaeration: 0.111, vascular_redistribution: 0.000, atelectasis__chx: 0.472, cardiomegaly__chx: 0.556, consolidation__chx: 0.028, edema__chx: 0.667, enlarged_cardiomediastinum__chx: 0.000, fracture__chx: 0.009, lung_lesion__chx: 0.519, lung_opacity__chx: 0.472, no_finding__chx: 0.667, pleural_effusion__chx: 0.602, pleural_other__chx: 0.009, pneumonia__chx: 0.815, pneumothorax__chx: 0.000, support_devices__chx: 0.037
  Val threshold stats | median 0.750 | pos-rate@0.50 0.958 | pos-rate@thr 0.675
  Checkpoint saved to /project/hnguyen2/mvu9/folder_04_ma/gaze-01/runs/st2/checkpoints_image_bbox_seg_text/20251027-030333_best.pt
Epoch 04 | train loss 0.2171 | val loss 0.2280 | time 92.08s
  Train summary: macro-acc 0.170 | macro-F1 0.213 | micro-P 0.135 | micro-R 0.557 | micro-F1 0.217 | macro-PR 0.260 | micro-PR 0.089
  Val summary:   macro-acc 0.179 | macro-F1 0.254 | micro-P 0.157 | micro-R 0.667 | micro-F1 0.254 | macro-PR 0.313 | micro-PR 0.092
  Train accuracy per class:
    Normal: 0.701, CHF: 0.631, pneumonia: 0.365, consolidation: 0.782, enlarged_cardiac_silhouette: 0.522, linear__patchy_atelectasis: 0.822, lobar__segmental_collapse: 0.211, not_otherwise_specified_opacity___pleural__parenchymal_opacity__: 0.493, pleural_effusion_or_thickening: 0.740, pulmonary_edema__hazy_opacity: 0.555, normal_anatomically: 0.675, elevated_hemidiaphragm: 0.008, hyperaeration: 0.042, vascular_redistribution: 0.017, atelectasis__chx: 0.805, cardiomegaly__chx: 0.880, consolidation__chx: 0.034, edema__chx: 0.633, enlarged_cardiomediastinum__chx: 0.007, fracture__chx: 0.004, lung_lesion__chx: 0.026, lung_opacity__chx: 0.321, no_finding__chx: 0.698, pleural_effusion__chx: 0.802, pleural_other__chx: 0.077, pneumonia__chx: 0.840, pneumothorax__chx: 0.000, support_devices__chx: 0.009
  Val accuracy per class:
    Normal: 0.750, CHF: 0.731, pneumonia: 0.315, consolidation: 0.787, enlarged_cardiac_silhouette: 0.509, linear__patchy_atelectasis: 0.722, lobar__segmental_collapse: 0.435, not_otherwise_specified_opacity___pleural__parenchymal_opacity__: 0.537, pleural_effusion_or_thickening: 0.574, pulmonary_edema__hazy_opacity: 0.574, normal_anatomically: 0.759, elevated_hemidiaphragm: 0.000, hyperaeration: 0.111, vascular_redistribution: 0.000, atelectasis__chx: 0.611, cardiomegaly__chx: 0.852, consolidation__chx: 0.037, edema__chx: 0.630, enlarged_cardiomediastinum__chx: 0.000, fracture__chx: 0.009, lung_lesion__chx: 0.046, lung_opacity__chx: 0.500, no_finding__chx: 0.667, pleural_effusion__chx: 0.630, pleural_other__chx: 0.056, pneumonia__chx: 0.815, pneumothorax__chx: 0.000, support_devices__chx: 0.046
  Val threshold stats | median 0.850 | pos-rate@0.50 0.956 | pos-rate@thr 0.632
  Checkpoint saved to /project/hnguyen2/mvu9/folder_04_ma/gaze-01/runs/st2/checkpoints_image_bbox_seg_text/20251027-030333_best.pt
Epoch 05 | train loss 0.1937 | val loss 0.2228 | time 87.86s
  Train summary: macro-acc 0.171 | macro-F1 0.235 | micro-P 0.142 | micro-R 0.586 | micro-F1 0.228 | macro-PR 0.327 | micro-PR 0.094
  Val summary:   macro-acc 0.184 | macro-F1 0.268 | micro-P 0.158 | micro-R 0.600 | micro-F1 0.251 | macro-PR 0.357 | micro-PR 0.096
  Train accuracy per class:
    Normal: 0.682, CHF: 0.707, pneumonia: 0.336, consolidation: 0.350, enlarged_cardiac_silhouette: 0.805, linear__patchy_atelectasis: 0.720, lobar__segmental_collapse: 0.087, not_otherwise_specified_opacity___pleural__parenchymal_opacity__: 0.405, pleural_effusion_or_thickening: 0.693, pulmonary_edema__hazy_opacity: 0.654, normal_anatomically: 0.650, elevated_hemidiaphragm: 0.008, hyperaeration: 0.099, vascular_redistribution: 0.017, atelectasis__chx: 0.735, cardiomegaly__chx: 0.883, consolidation__chx: 0.036, edema__chx: 0.723, enlarged_cardiomediastinum__chx: 0.007, fracture__chx: 0.004, lung_lesion__chx: 0.226, lung_opacity__chx: 0.608, no_finding__chx: 0.782, pleural_effusion__chx: 0.846, pleural_other__chx: 0.008, pneumonia__chx: 0.840, pneumothorax__chx: 0.000, support_devices__chx: 0.009
  Val accuracy per class:
    Normal: 0.806, CHF: 0.759, pneumonia: 0.315, consolidation: 0.657, enlarged_cardiac_silhouette: 0.676, linear__patchy_atelectasis: 0.676, lobar__segmental_collapse: 0.269, not_otherwise_specified_opacity___pleural__parenchymal_opacity__: 0.583, pleural_effusion_or_thickening: 0.787, pulmonary_edema__hazy_opacity: 0.778, normal_anatomically: 0.769, elevated_hemidiaphragm: 0.000, hyperaeration: 0.185, vascular_redistribution: 0.000, atelectasis__chx: 0.815, cardiomegaly__chx: 0.852, consolidation__chx: 0.056, edema__chx: 0.824, enlarged_cardiomediastinum__chx: 0.000, fracture__chx: 0.009, lung_lesion__chx: 0.398, lung_opacity__chx: 0.509, no_finding__chx: 0.694, pleural_effusion__chx: 0.778, pleural_other__chx: 0.009, pneumonia__chx: 0.815, pneumothorax__chx: 0.000, support_devices__chx: 0.037
  Val threshold stats | median 0.850 | pos-rate@0.50 0.950 | pos-rate@thr 0.563
  Checkpoint saved to /project/hnguyen2/mvu9/folder_04_ma/gaze-01/runs/st2/checkpoints_image_bbox_seg_text/20251027-030333_best.pt
Epoch 06 | train loss 0.1658 | val loss 0.2217 | time 89.56s
  Train summary: macro-acc 0.173 | macro-F1 0.289 | micro-P 0.169 | micro-R 0.700 | micro-F1 0.272 | macro-PR 0.370 | micro-PR 0.099
  Val summary:   macro-acc 0.200 | macro-F1 0.253 | micro-P 0.147 | micro-R 0.622 | micro-F1 0.237 | macro-PR 0.333 | micro-PR 0.092
  Train accuracy per class:
    Normal: 0.847, CHF: 0.756, pneumonia: 0.346, consolidation: 0.786, enlarged_cardiac_silhouette: 0.793, linear__patchy_atelectasis: 0.832, lobar__segmental_collapse: 0.090, not_otherwise_specified_opacity___pleural__parenchymal_opacity__: 0.670, pleural_effusion_or_thickening: 0.549, pulmonary_edema__hazy_opacity: 0.231, normal_anatomically: 0.868, elevated_hemidiaphragm: 0.008, hyperaeration: 0.040, vascular_redistribution: 0.017, atelectasis__chx: 0.736, cardiomegaly__chx: 0.879, consolidation__chx: 0.401, edema__chx: 0.657, enlarged_cardiomediastinum__chx: 0.007, fracture__chx: 0.004, lung_lesion__chx: 0.026, lung_opacity__chx: 0.752, no_finding__chx: 0.823, pleural_effusion__chx: 0.831, pleural_other__chx: 0.005, pneumonia__chx: 0.842, pneumothorax__chx: 0.000, support_devices__chx: 0.009
  Val accuracy per class:
    Normal: 0.796, CHF: 0.769, pneumonia: 0.306, consolidation: 0.750, enlarged_cardiac_silhouette: 0.685, linear__patchy_atelectasis: 0.694, lobar__segmental_collapse: 0.065, not_otherwise_specified_opacity___pleural__parenchymal_opacity__: 0.602, pleural_effusion_or_thickening: 0.519, pulmonary_edema__hazy_opacity: 0.370, normal_anatomically: 0.778, elevated_hemidiaphragm: 0.000, hyperaeration: 0.102, vascular_redistribution: 0.000, atelectasis__chx: 0.417, cardiomegaly__chx: 0.833, consolidation__chx: 0.185, edema__chx: 0.583, enlarged_cardiomediastinum__chx: 0.000, fracture__chx: 0.009, lung_lesion__chx: 0.046, lung_opacity__chx: 0.537, no_finding__chx: 0.778, pleural_effusion__chx: 0.694, pleural_other__chx: 0.000, pneumonia__chx: 0.796, pneumothorax__chx: 0.000, support_devices__chx: 0.037
  Val threshold stats | median 0.750 | pos-rate@0.50 0.933 | pos-rate@thr 0.631
  Checkpoint saved to /project/hnguyen2/mvu9/folder_04_ma/gaze-01/runs/st2/checkpoints_image_bbox_seg_text/20251027-030333_best.pt
Epoch 07 | train loss 0.1361 | val loss 0.2133 | time 88.81s
  Train summary: macro-acc 0.181 | macro-F1 0.331 | micro-P 0.194 | micro-R 0.787 | micro-F1 0.311 | macro-PR 0.375 | micro-PR 0.105
  Val summary:   macro-acc 0.184 | macro-F1 0.289 | micro-P 0.155 | micro-R 0.691 | micro-F1 0.253 | macro-PR 0.366 | micro-PR 0.092
  Train accuracy per class:
    Normal: 0.943, CHF: 0.784, pneumonia: 0.642, consolidation: 0.485, enlarged_cardiac_silhouette: 0.488, linear__patchy_atelectasis: 0.843, lobar__segmental_collapse: 0.160, not_otherwise_specified_opacity___pleural__parenchymal_opacity__: 0.731, pleural_effusion_or_thickening: 0.715, pulmonary_edema__hazy_opacity: 0.475, normal_anatomically: 0.921, elevated_hemidiaphragm: 0.008, hyperaeration: 0.707, vascular_redistribution: 0.017, atelectasis__chx: 0.720, cardiomegaly__chx: 0.784, consolidation__chx: 0.343, edema__chx: 0.714, enlarged_cardiomediastinum__chx: 0.007, fracture__chx: 0.004, lung_lesion__chx: 0.026, lung_opacity__chx: 0.664, no_finding__chx: 0.925, pleural_effusion__chx: 0.828, pleural_other__chx: 0.005, pneumonia__chx: 0.854, pneumothorax__chx: 0.000, support_devices__chx: 0.009
  Val accuracy per class:
    Normal: 0.833, CHF: 0.750, pneumonia: 0.324, consolidation: 0.194, enlarged_cardiac_silhouette: 0.676, linear__patchy_atelectasis: 0.657, lobar__segmental_collapse: 0.037, not_otherwise_specified_opacity___pleural__parenchymal_opacity__: 0.611, pleural_effusion_or_thickening: 0.750, pulmonary_edema__hazy_opacity: 0.509, normal_anatomically: 0.778, elevated_hemidiaphragm: 0.000, hyperaeration: 0.315, vascular_redistribution: 0.000, atelectasis__chx: 0.361, cardiomegaly__chx: 0.769, consolidation__chx: 0.111, edema__chx: 0.556, enlarged_cardiomediastinum__chx: 0.000, fracture__chx: 0.009, lung_lesion__chx: 0.046, lung_opacity__chx: 0.583, no_finding__chx: 0.731, pleural_effusion__chx: 0.741, pleural_other__chx: 0.000, pneumonia__chx: 0.657, pneumothorax__chx: 0.000, support_devices__chx: 0.037
  Val threshold stats | median 0.800 | pos-rate@0.50 0.957 | pos-rate@thr 0.663
Epoch 08 | train loss 0.1021 | val loss 0.2197 | time 89.28s
  Train summary: macro-acc 0.190 | macro-F1 0.378 | micro-P 0.197 | micro-R 0.790 | micro-F1 0.315 | macro-PR 0.418 | micro-PR 0.114
  Val summary:   macro-acc 0.206 | macro-F1 0.271 | micro-P 0.153 | micro-R 0.576 | micro-F1 0.242 | macro-PR 0.369 | micro-PR 0.095
  Train accuracy per class:
    Normal: 0.923, CHF: 0.885, pneumonia: 0.336, consolidation: 0.793, enlarged_cardiac_silhouette: 0.819, linear__patchy_atelectasis: 0.832, lobar__segmental_collapse: 0.132, not_otherwise_specified_opacity___pleural__parenchymal_opacity__: 0.739, pleural_effusion_or_thickening: 0.748, pulmonary_edema__hazy_opacity: 0.830, normal_anatomically: 0.868, elevated_hemidiaphragm: 0.008, hyperaeration: 0.040, vascular_redistribution: 0.017, atelectasis__chx: 0.749, cardiomegaly__chx: 0.807, consolidation__chx: 0.277, edema__chx: 0.764, enlarged_cardiomediastinum__chx: 0.007, fracture__chx: 0.004, lung_lesion__chx: 0.030, lung_opacity__chx: 0.653, no_finding__chx: 0.949, pleural_effusion__chx: 0.834, pleural_other__chx: 0.005, pneumonia__chx: 0.974, pneumothorax__chx: 0.000, support_devices__chx: 0.011
  Val accuracy per class:
    Normal: 0.796, CHF: 0.787, pneumonia: 0.306, consolidation: 0.750, enlarged_cardiac_silhouette: 0.667, linear__patchy_atelectasis: 0.815, lobar__segmental_collapse: 0.306, not_otherwise_specified_opacity___pleural__parenchymal_opacity__: 0.648, pleural_effusion_or_thickening: 0.667, pulmonary_edema__hazy_opacity: 0.722, normal_anatomically: 0.806, elevated_hemidiaphragm: 0.000, hyperaeration: 0.102, vascular_redistribution: 0.000, atelectasis__chx: 0.722, cardiomegaly__chx: 0.602, consolidation__chx: 0.667, edema__chx: 0.565, enlarged_cardiomediastinum__chx: 0.000, fracture__chx: 0.009, lung_lesion__chx: 0.065, lung_opacity__chx: 0.657, no_finding__chx: 0.731, pleural_effusion__chx: 0.741, pleural_other__chx: 0.000, pneumonia__chx: 0.806, pneumothorax__chx: 0.000, support_devices__chx: 0.046
  Val threshold stats | median 0.850 | pos-rate@0.50 0.920 | pos-rate@thr 0.559
  Checkpoint saved to /project/hnguyen2/mvu9/folder_04_ma/gaze-01/runs/st2/checkpoints_image_bbox_seg_text/20251027-030333_best.pt
Epoch 09 | train loss 0.0721 | val loss 0.2031 | time 89.55s
  Train summary: macro-acc 0.204 | macro-F1 0.396 | micro-P 0.211 | micro-R 0.869 | micro-F1 0.339 | macro-PR 0.459 | micro-PR 0.152
  Val summary:   macro-acc 0.191 | macro-F1 0.272 | micro-P 0.149 | micro-R 0.658 | micro-F1 0.243 | macro-PR 0.394 | micro-PR 0.095
  Train accuracy per class:
    Normal: 0.985, CHF: 0.840, pneumonia: 0.685, consolidation: 0.607, enlarged_cardiac_silhouette: 0.835, linear__patchy_atelectasis: 0.825, lobar__segmental_collapse: 0.015, not_otherwise_specified_opacity___pleural__parenchymal_opacity__: 0.792, pleural_effusion_or_thickening: 0.851, pulmonary_edema__hazy_opacity: 0.586, normal_anatomically: 0.955, elevated_hemidiaphragm: 0.008, hyperaeration: 0.040, vascular_redistribution: 0.017, atelectasis__chx: 0.672, cardiomegaly__chx: 0.846, consolidation__chx: 0.332, edema__chx: 0.723, enlarged_cardiomediastinum__chx: 0.007, fracture__chx: 0.004, lung_lesion__chx: 0.339, lung_opacity__chx: 0.726, no_finding__chx: 0.931, pleural_effusion__chx: 0.683, pleural_other__chx: 0.005, pneumonia__chx: 0.939, pneumothorax__chx: 0.000, support_devices__chx: 0.009
  Val accuracy per class:
    Normal: 0.824, CHF: 0.796, pneumonia: 0.315, consolidation: 0.241, enlarged_cardiac_silhouette: 0.806, linear__patchy_atelectasis: 0.694, lobar__segmental_collapse: 0.009, not_otherwise_specified_opacity___pleural__parenchymal_opacity__: 0.565, pleural_effusion_or_thickening: 0.806, pulmonary_edema__hazy_opacity: 0.574, normal_anatomically: 0.796, elevated_hemidiaphragm: 0.000, hyperaeration: 0.102, vascular_redistribution: 0.000, atelectasis__chx: 0.500, cardiomegaly__chx: 0.833, consolidation__chx: 0.065, edema__chx: 0.787, enlarged_cardiomediastinum__chx: 0.000, fracture__chx: 0.009, lung_lesion__chx: 0.213, lung_opacity__chx: 0.528, no_finding__chx: 0.750, pleural_effusion__chx: 0.315, pleural_other__chx: 0.000, pneumonia__chx: 0.324, pneumothorax__chx: 0.000, support_devices__chx: 0.037
  Val threshold stats | median 0.800 | pos-rate@0.50 0.951 | pos-rate@thr 0.658
Epoch 10 | train loss 0.0589 | val loss 0.2051 | time 88.73s
  Train summary: macro-acc 0.216 | macro-F1 0.387 | micro-P 0.205 | micro-R 0.843 | micro-F1 0.330 | macro-PR 0.469 | micro-PR 0.177
  Val summary:   macro-acc 0.197 | macro-F1 0.276 | micro-P 0.145 | micro-R 0.631 | micro-F1 0.236 | macro-PR 0.378 | micro-PR 0.096
  Train accuracy per class:
    Normal: 0.945, CHF: 0.933, pneumonia: 0.760, consolidation: 0.137, enlarged_cardiac_silhouette: 0.825, linear__patchy_atelectasis: 0.822, lobar__segmental_collapse: 0.015, not_otherwise_specified_opacity___pleural__parenchymal_opacity__: 0.859, pleural_effusion_or_thickening: 0.875, pulmonary_edema__hazy_opacity: 0.731, normal_anatomically: 0.962, elevated_hemidiaphragm: 0.008, hyperaeration: 0.040, vascular_redistribution: 0.017, atelectasis__chx: 0.747, cardiomegaly__chx: 0.813, consolidation__chx: 0.356, edema__chx: 0.401, enlarged_cardiomediastinum__chx: 0.007, fracture__chx: 0.004, lung_lesion__chx: 0.302, lung_opacity__chx: 0.827, no_finding__chx: 0.930, pleural_effusion__chx: 0.877, pleural_other__chx: 0.005, pneumonia__chx: 0.908, pneumothorax__chx: 0.000, support_devices__chx: 0.009
  Val accuracy per class:
    Normal: 0.852, CHF: 0.722, pneumonia: 0.324, consolidation: 0.111, enlarged_cardiac_silhouette: 0.759, linear__patchy_atelectasis: 0.833, lobar__segmental_collapse: 0.009, not_otherwise_specified_opacity___pleural__parenchymal_opacity__: 0.639, pleural_effusion_or_thickening: 0.713, pulmonary_edema__hazy_opacity: 0.639, normal_anatomically: 0.815, elevated_hemidiaphragm: 0.000, hyperaeration: 0.102, vascular_redistribution: 0.000, atelectasis__chx: 0.259, cardiomegaly__chx: 0.769, consolidation__chx: 0.093, edema__chx: 0.713, enlarged_cardiomediastinum__chx: 0.000, fracture__chx: 0.009, lung_lesion__chx: 0.148, lung_opacity__chx: 0.676, no_finding__chx: 0.769, pleural_effusion__chx: 0.685, pleural_other__chx: 0.000, pneumonia__chx: 0.287, pneumothorax__chx: 0.000, support_devices__chx: 0.037
  Val threshold stats | median 0.700 | pos-rate@0.50 0.940 | pos-rate@thr 0.647
  Checkpoint saved to /project/hnguyen2/mvu9/folder_04_ma/gaze-01/runs/st2/checkpoints_image_bbox_seg_text/20251027-030333_best.pt
Epoch 11 | train loss 0.0542 | val loss 0.1958 | time 90.29s
  Train summary: macro-acc 0.232 | macro-F1 0.420 | micro-P 0.227 | micro-R 0.880 | micro-F1 0.361 | macro-PR 0.493 | micro-PR 0.189
  Val summary:   macro-acc 0.194 | macro-F1 0.296 | micro-P 0.159 | micro-R 0.640 | micro-F1 0.255 | macro-PR 0.435 | micro-PR 0.100
  Train accuracy per class:
    Normal: 0.982, CHF: 0.887, pneumonia: 0.916, consolidation: 0.807, enlarged_cardiac_silhouette: 0.780, linear__patchy_atelectasis: 0.856, lobar__segmental_collapse: 0.201, not_otherwise_specified_opacity___pleural__parenchymal_opacity__: 0.786, pleural_effusion_or_thickening: 0.889, pulmonary_edema__hazy_opacity: 0.735, normal_anatomically: 0.979, elevated_hemidiaphragm: 0.008, hyperaeration: 0.765, vascular_redistribution: 0.017, atelectasis__chx: 0.809, cardiomegaly__chx: 0.859, consolidation__chx: 0.034, edema__chx: 0.803, enlarged_cardiomediastinum__chx: 0.007, fracture__chx: 0.004, lung_lesion__chx: 0.026, lung_opacity__chx: 0.538, no_finding__chx: 0.954, pleural_effusion__chx: 0.756, pleural_other__chx: 0.005, pneumonia__chx: 0.909, pneumothorax__chx: 0.000, support_devices__chx: 0.009
  Val accuracy per class:
    Normal: 0.815, CHF: 0.796, pneumonia: 0.611, consolidation: 0.685, enlarged_cardiac_silhouette: 0.694, linear__patchy_atelectasis: 0.722, lobar__segmental_collapse: 0.019, not_otherwise_specified_opacity___pleural__parenchymal_opacity__: 0.602, pleural_effusion_or_thickening: 0.759, pulmonary_edema__hazy_opacity: 0.713, normal_anatomically: 0.806, elevated_hemidiaphragm: 0.000, hyperaeration: 0.667, vascular_redistribution: 0.000, atelectasis__chx: 0.519, cardiomegaly__chx: 0.880, consolidation__chx: 0.028, edema__chx: 0.759, enlarged_cardiomediastinum__chx: 0.000, fracture__chx: 0.009, lung_lesion__chx: 0.046, lung_opacity__chx: 0.574, no_finding__chx: 0.741, pleural_effusion__chx: 0.639, pleural_other__chx: 0.000, pneumonia__chx: 0.278, pneumothorax__chx: 0.000, support_devices__chx: 0.037
  Val threshold stats | median 0.750 | pos-rate@0.50 0.949 | pos-rate@thr 0.599
Epoch 12 | train loss 0.0480 | val loss 0.6301 | time 89.53s
  Train summary: macro-acc 0.244 | macro-F1 0.423 | micro-P 0.235 | micro-R 0.872 | micro-F1 0.370 | macro-PR 0.529 | micro-PR 0.193
  Val summary:   macro-acc 0.192 | macro-F1 0.300 | micro-P 0.158 | micro-R 0.664 | micro-F1 0.256 | macro-PR 0.402 | micro-PR 0.099
  Train accuracy per class:
    Normal: 0.985, CHF: 0.923, pneumonia: 0.881, consolidation: 0.456, enlarged_cardiac_silhouette: 0.879, linear__patchy_atelectasis: 0.822, lobar__segmental_collapse: 0.015, not_otherwise_specified_opacity___pleural__parenchymal_opacity__: 0.819, pleural_effusion_or_thickening: 0.768, pulmonary_edema__hazy_opacity: 0.790, normal_anatomically: 0.979, elevated_hemidiaphragm: 0.008, hyperaeration: 0.852, vascular_redistribution: 0.017, atelectasis__chx: 0.730, cardiomegaly__chx: 0.869, consolidation__chx: 0.404, edema__chx: 0.793, enlarged_cardiomediastinum__chx: 0.007, fracture__chx: 0.004, lung_lesion__chx: 0.365, lung_opacity__chx: 0.745, no_finding__chx: 0.963, pleural_effusion__chx: 0.916, pleural_other__chx: 0.005, pneumonia__chx: 0.905, pneumothorax__chx: 0.000, support_devices__chx: 0.009
  Val accuracy per class:
    Normal: 0.833, CHF: 0.787, pneumonia: 0.704, consolidation: 0.139, enlarged_cardiac_silhouette: 0.759, linear__patchy_atelectasis: 0.843, lobar__segmental_collapse: 0.009, not_otherwise_specified_opacity___pleural__parenchymal_opacity__: 0.583, pleural_effusion_or_thickening: 0.731, pulmonary_edema__hazy_opacity: 0.731, normal_anatomically: 0.806, elevated_hemidiaphragm: 0.000, hyperaeration: 0.333, vascular_redistribution: 0.000, atelectasis__chx: 0.574, cardiomegaly__chx: 0.806, consolidation__chx: 0.056, edema__chx: 0.741, enlarged_cardiomediastinum__chx: 0.000, fracture__chx: 0.009, lung_lesion__chx: 0.102, lung_opacity__chx: 0.546, no_finding__chx: 0.778, pleural_effusion__chx: 0.796, pleural_other__chx: 0.000, pneumonia__chx: 0.194, pneumothorax__chx: 0.000, support_devices__chx: 0.037
  Val threshold stats | median 0.800 | pos-rate@0.50 0.949 | pos-rate@thr 0.624
Epoch 13 | train loss 0.0409 | val loss 0.2174 | time 89.09s
  Train summary: macro-acc 0.255 | macro-F1 0.430 | micro-P 0.224 | micro-R 0.912 | micro-F1 0.360 | macro-PR 0.571 | micro-PR 0.211
  Val summary:   macro-acc 0.194 | macro-F1 0.283 | micro-P 0.152 | micro-R 0.564 | micro-F1 0.239 | macro-PR 0.384 | micro-PR 0.103
  Train accuracy per class:
    Normal: 0.992, CHF: 0.953, pneumonia: 0.925, consolidation: 0.831, enlarged_cardiac_silhouette: 0.872, linear__patchy_atelectasis: 0.873, lobar__segmental_collapse: 0.112, not_otherwise_specified_opacity___pleural__parenchymal_opacity__: 0.755, pleural_effusion_or_thickening: 0.613, pulmonary_edema__hazy_opacity: 0.765, normal_anatomically: 0.984, elevated_hemidiaphragm: 0.008, hyperaeration: 0.040, vascular_redistribution: 0.017, atelectasis__chx: 0.801, cardiomegaly__chx: 0.847, consolidation__chx: 0.536, edema__chx: 0.821, enlarged_cardiomediastinum__chx: 0.007, fracture__chx: 0.004, lung_lesion__chx: 0.026, lung_opacity__chx: 0.397, no_finding__chx: 0.949, pleural_effusion__chx: 0.784, pleural_other__chx: 0.005, pneumonia__chx: 0.897, pneumothorax__chx: 0.000, support_devices__chx: 0.012
  Val accuracy per class:
    Normal: 0.824, CHF: 0.713, pneumonia: 0.722, consolidation: 0.852, enlarged_cardiac_silhouette: 0.750, linear__patchy_atelectasis: 0.815, lobar__segmental_collapse: 0.120, not_otherwise_specified_opacity___pleural__parenchymal_opacity__: 0.611, pleural_effusion_or_thickening: 0.759, pulmonary_edema__hazy_opacity: 0.796, normal_anatomically: 0.796, elevated_hemidiaphragm: 0.000, hyperaeration: 0.102, vascular_redistribution: 0.000, atelectasis__chx: 0.787, cardiomegaly__chx: 0.778, consolidation__chx: 0.278, edema__chx: 0.731, enlarged_cardiomediastinum__chx: 0.000, fracture__chx: 0.009, lung_lesion__chx: 0.046, lung_opacity__chx: 0.472, no_finding__chx: 0.750, pleural_effusion__chx: 0.750, pleural_other__chx: 0.000, pneumonia__chx: 0.519, pneumothorax__chx: 0.000, support_devices__chx: 0.046
  Val threshold stats | median 0.850 | pos-rate@0.50 0.936 | pos-rate@thr 0.554
Epoch 14 | train loss 0.0438 | val loss 0.2202 | time 89.69s
  Train summary: macro-acc 0.260 | macro-F1 0.430 | micro-P 0.229 | micro-R 0.905 | micro-F1 0.365 | macro-PR 0.560 | micro-PR 0.214
  Val summary:   macro-acc 0.201 | macro-F1 0.296 | micro-P 0.154 | micro-R 0.638 | micro-F1 0.249 | macro-PR 0.413 | micro-PR 0.104
  Train accuracy per class:
    Normal: 0.987, CHF: 0.941, pneumonia: 0.951, consolidation: 0.314, enlarged_cardiac_silhouette: 0.764, linear__patchy_atelectasis: 0.869, lobar__segmental_collapse: 0.142, not_otherwise_specified_opacity___pleural__parenchymal_opacity__: 0.839, pleural_effusion_or_thickening: 0.827, pulmonary_edema__hazy_opacity: 0.772, normal_anatomically: 0.980, elevated_hemidiaphragm: 0.008, hyperaeration: 0.854, vascular_redistribution: 0.017, atelectasis__chx: 0.802, cardiomegaly__chx: 0.913, consolidation__chx: 0.034, edema__chx: 0.470, enlarged_cardiomediastinum__chx: 0.007, fracture__chx: 0.004, lung_lesion__chx: 0.404, lung_opacity__chx: 0.592, no_finding__chx: 0.958, pleural_effusion__chx: 0.801, pleural_other__chx: 0.005, pneumonia__chx: 0.953, pneumothorax__chx: 0.000, support_devices__chx: 0.009
  Val accuracy per class:
    Normal: 0.824, CHF: 0.731, pneumonia: 0.676, consolidation: 0.157, enlarged_cardiac_silhouette: 0.722, linear__patchy_atelectasis: 0.676, lobar__segmental_collapse: 0.019, not_otherwise_specified_opacity___pleural__parenchymal_opacity__: 0.620, pleural_effusion_or_thickening: 0.750, pulmonary_edema__hazy_opacity: 0.759, normal_anatomically: 0.796, elevated_hemidiaphragm: 0.000, hyperaeration: 0.519, vascular_redistribution: 0.000, atelectasis__chx: 0.611, cardiomegaly__chx: 0.722, consolidation__chx: 0.028, edema__chx: 0.778, enlarged_cardiomediastinum__chx: 0.000, fracture__chx: 0.009, lung_lesion__chx: 0.167, lung_opacity__chx: 0.546, no_finding__chx: 0.759, pleural_effusion__chx: 0.796, pleural_other__chx: 0.000, pneumonia__chx: 0.231, pneumothorax__chx: 0.000, support_devices__chx: 0.037
  Val threshold stats | median 0.800 | pos-rate@0.50 0.940 | pos-rate@thr 0.615
Epoch 15 | train loss 0.0430 | val loss 0.2189 | time 91.30s
  Train summary: macro-acc 0.289 | macro-F1 0.406 | micro-P 0.219 | micro-R 0.926 | micro-F1 0.355 | macro-PR 0.551 | micro-PR 0.213
  Val summary:   macro-acc 0.242 | macro-F1 0.297 | micro-P 0.161 | micro-R 0.604 | micro-F1 0.254 | macro-PR 0.479 | micro-PR 0.116
  Train accuracy per class:
    Normal: 0.988, CHF: 0.929, pneumonia: 0.921, consolidation: 0.144, enlarged_cardiac_silhouette: 0.884, linear__patchy_atelectasis: 0.784, lobar__segmental_collapse: 0.190, not_otherwise_specified_opacity___pleural__parenchymal_opacity__: 0.821, pleural_effusion_or_thickening: 0.639, pulmonary_edema__hazy_opacity: 0.656, normal_anatomically: 0.975, elevated_hemidiaphragm: 0.008, hyperaeration: 0.770, vascular_redistribution: 0.017, atelectasis__chx: 0.525, cardiomegaly__chx: 0.609, consolidation__chx: 0.044, edema__chx: 0.730, enlarged_cardiomediastinum__chx: 0.007, fracture__chx: 0.004, lung_lesion__chx: 0.343, lung_opacity__chx: 0.587, no_finding__chx: 0.941, pleural_effusion__chx: 0.839, pleural_other__chx: 0.005, pneumonia__chx: 0.949, pneumothorax__chx: 0.000, support_devices__chx: 0.009
  Val accuracy per class:
    Normal: 0.824, CHF: 0.731, pneumonia: 0.574, consolidation: 0.167, enlarged_cardiac_silhouette: 0.806, linear__patchy_atelectasis: 0.769, lobar__segmental_collapse: 0.231, not_otherwise_specified_opacity___pleural__parenchymal_opacity__: 0.602, pleural_effusion_or_thickening: 0.806, pulmonary_edema__hazy_opacity: 0.750, normal_anatomically: 0.796, elevated_hemidiaphragm: 0.000, hyperaeration: 0.713, vascular_redistribution: 0.000, atelectasis__chx: 0.861, cardiomegaly__chx: 0.722, consolidation__chx: 0.056, edema__chx: 0.750, enlarged_cardiomediastinum__chx: 0.000, fracture__chx: 0.009, lung_lesion__chx: 0.296, lung_opacity__chx: 0.435, no_finding__chx: 0.750, pleural_effusion__chx: 0.722, pleural_other__chx: 0.000, pneumonia__chx: 0.787, pneumothorax__chx: 0.000, support_devices__chx: 0.037
  Val threshold stats | median 0.750 | pos-rate@0.50 0.883 | pos-rate@thr 0.560
Epoch 16 | train loss 0.0333 | val loss 0.2161 | time 91.84s
  Train summary: macro-acc 0.298 | macro-F1 0.444 | micro-P 0.231 | micro-R 0.929 | micro-F1 0.370 | macro-PR 0.632 | micro-PR 0.237
  Val summary:   macro-acc 0.247 | macro-F1 0.318 | micro-P 0.166 | micro-R 0.620 | micro-F1 0.262 | macro-PR 0.482 | micro-PR 0.118
  Train accuracy per class:
    Normal: 0.987, CHF: 0.971, pneumonia: 0.937, consolidation: 0.836, enlarged_cardiac_silhouette: 0.687, linear__patchy_atelectasis: 0.894, lobar__segmental_collapse: 0.181, not_otherwise_specified_opacity___pleural__parenchymal_opacity__: 0.693, pleural_effusion_or_thickening: 0.731, pulmonary_edema__hazy_opacity: 0.794, normal_anatomically: 0.974, elevated_hemidiaphragm: 0.008, hyperaeration: 0.040, vascular_redistribution: 0.017, atelectasis__chx: 0.831, cardiomegaly__chx: 0.883, consolidation__chx: 0.034, edema__chx: 0.756, enlarged_cardiomediastinum__chx: 0.007, fracture__chx: 0.004, lung_lesion__chx: 0.394, lung_opacity__chx: 0.752, no_finding__chx: 0.951, pleural_effusion__chx: 0.843, pleural_other__chx: 0.005, pneumonia__chx: 0.925, pneumothorax__chx: 0.000, support_devices__chx: 0.022
  Val accuracy per class:
    Normal: 0.833, CHF: 0.769, pneumonia: 0.648, consolidation: 0.778, enlarged_cardiac_silhouette: 0.843, linear__patchy_atelectasis: 0.796, lobar__segmental_collapse: 0.148, not_otherwise_specified_opacity___pleural__parenchymal_opacity__: 0.602, pleural_effusion_or_thickening: 0.778, pulmonary_edema__hazy_opacity: 0.750, normal_anatomically: 0.796, elevated_hemidiaphragm: 0.000, hyperaeration: 0.102, vascular_redistribution: 0.000, atelectasis__chx: 0.694, cardiomegaly__chx: 0.843, consolidation__chx: 0.028, edema__chx: 0.824, enlarged_cardiomediastinum__chx: 0.000, fracture__chx: 0.009, lung_lesion__chx: 0.537, lung_opacity__chx: 0.556, no_finding__chx: 0.750, pleural_effusion__chx: 0.787, pleural_other__chx: 0.000, pneumonia__chx: 0.546, pneumothorax__chx: 0.000, support_devices__chx: 0.046
  Val threshold stats | median 0.750 | pos-rate@0.50 0.877 | pos-rate@thr 0.555
Epoch 17 | train loss 0.0254 | val loss 0.2024 | time 89.89s
  Train summary: macro-acc 0.310 | macro-F1 0.478 | micro-P 0.244 | micro-R 0.906 | micro-F1 0.384 | macro-PR 0.682 | micro-PR 0.256
  Val summary:   macro-acc 0.222 | macro-F1 0.299 | micro-P 0.150 | micro-R 0.604 | micro-F1 0.241 | macro-PR 0.459 | micro-PR 0.099
  Train accuracy per class:
    Normal: 0.983, CHF: 0.947, pneumonia: 0.954, consolidation: 0.522, enlarged_cardiac_silhouette: 0.893, linear__patchy_atelectasis: 0.897, lobar__segmental_collapse: 0.015, not_otherwise_specified_opacity___pleural__parenchymal_opacity__: 0.920, pleural_effusion_or_thickening: 0.830, pulmonary_edema__hazy_opacity: 0.912, normal_anatomically: 0.993, elevated_hemidiaphragm: 0.008, hyperaeration: 0.040, vascular_redistribution: 0.017, atelectasis__chx: 0.867, cardiomegaly__chx: 0.883, consolidation__chx: 0.515, edema__chx: 0.914, enlarged_cardiomediastinum__chx: 0.007, fracture__chx: 0.004, lung_lesion__chx: 0.391, lung_opacity__chx: 0.828, no_finding__chx: 0.953, pleural_effusion__chx: 0.947, pleural_other__chx: 0.005, pneumonia__chx: 0.947, pneumothorax__chx: 0.000, support_devices__chx: 0.009
  Val accuracy per class:
    Normal: 0.824, CHF: 0.806, pneumonia: 0.676, consolidation: 0.176, enlarged_cardiac_silhouette: 0.824, linear__patchy_atelectasis: 0.722, lobar__segmental_collapse: 0.009, not_otherwise_specified_opacity___pleural__parenchymal_opacity__: 0.657, pleural_effusion_or_thickening: 0.787, pulmonary_edema__hazy_opacity: 0.806, normal_anatomically: 0.824, elevated_hemidiaphragm: 0.000, hyperaeration: 0.102, vascular_redistribution: 0.000, atelectasis__chx: 0.602, cardiomegaly__chx: 0.833, consolidation__chx: 0.074, edema__chx: 0.806, enlarged_cardiomediastinum__chx: 0.000, fracture__chx: 0.009, lung_lesion__chx: 0.120, lung_opacity__chx: 0.509, no_finding__chx: 0.759, pleural_effusion__chx: 0.769, pleural_other__chx: 0.000, pneumonia__chx: 0.389, pneumothorax__chx: 0.000, support_devices__chx: 0.037
  Val threshold stats | median 0.800 | pos-rate@0.50 0.915 | pos-rate@thr 0.598
Epoch 18 | train loss 0.0166 | val loss 0.2027 | time 92.27s
  Train summary: macro-acc 0.315 | macro-F1 0.460 | micro-P 0.230 | micro-R 0.942 | micro-F1 0.370 | macro-PR 0.778 | micro-PR 0.276
  Val summary:   macro-acc 0.212 | macro-F1 0.307 | micro-P 0.155 | micro-R 0.640 | micro-F1 0.249 | macro-PR 0.495 | micro-PR 0.105
  Train accuracy per class:
    Normal: 0.985, CHF: 0.935, pneumonia: 0.970, consolidation: 0.429, enlarged_cardiac_silhouette: 0.827, linear__patchy_atelectasis: 0.922, lobar__segmental_collapse: 0.280, not_otherwise_specified_opacity___pleural__parenchymal_opacity__: 0.846, pleural_effusion_or_thickening: 0.781, pulmonary_edema__hazy_opacity: 0.822, normal_anatomically: 0.975, elevated_hemidiaphragm: 0.008, hyperaeration: 0.040, vascular_redistribution: 0.017, atelectasis__chx: 0.811, cardiomegaly__chx: 0.793, consolidation__chx: 0.034, edema__chx: 0.945, enlarged_cardiomediastinum__chx: 0.007, fracture__chx: 0.004, lung_lesion__chx: 0.026, lung_opacity__chx: 0.702, no_finding__chx: 0.958, pleural_effusion__chx: 0.850, pleural_other__chx: 0.005, pneumonia__chx: 0.972, pneumothorax__chx: 0.000, support_devices__chx: 0.009
  Val accuracy per class:
    Normal: 0.824, CHF: 0.806, pneumonia: 0.722, consolidation: 0.157, enlarged_cardiac_silhouette: 0.815, linear__patchy_atelectasis: 0.796, lobar__segmental_collapse: 0.028, not_otherwise_specified_opacity___pleural__parenchymal_opacity__: 0.583, pleural_effusion_or_thickening: 0.769, pulmonary_edema__hazy_opacity: 0.741, normal_anatomically: 0.796, elevated_hemidiaphragm: 0.000, hyperaeration: 0.102, vascular_redistribution: 0.000, atelectasis__chx: 0.722, cardiomegaly__chx: 0.713, consolidation__chx: 0.028, edema__chx: 0.815, enlarged_cardiomediastinum__chx: 0.000, fracture__chx: 0.009, lung_lesion__chx: 0.046, lung_opacity__chx: 0.574, no_finding__chx: 0.741, pleural_effusion__chx: 0.769, pleural_other__chx: 0.000, pneumonia__chx: 0.361, pneumothorax__chx: 0.000, support_devices__chx: 0.037
  Val threshold stats | median 0.750 | pos-rate@0.50 0.927 | pos-rate@thr 0.615
  Checkpoint saved to /project/hnguyen2/mvu9/folder_04_ma/gaze-01/runs/st2/checkpoints_image_bbox_seg_text/20251027-030333_best.pt
Epoch 19 | train loss 0.0088 | val loss 0.1930 | time 92.30s
  Train summary: macro-acc 0.318 | macro-F1 0.497 | micro-P 0.245 | micro-R 0.957 | micro-F1 0.390 | macro-PR 0.821 | micro-PR 0.285
  Val summary:   macro-acc 0.220 | macro-F1 0.307 | micro-P 0.158 | micro-R 0.627 | micro-F1 0.252 | macro-PR 0.464 | micro-PR 0.102
  Train accuracy per class:
    Normal: 0.983, CHF: 0.983, pneumonia: 0.980, consolidation: 0.846, enlarged_cardiac_silhouette: 0.908, linear__patchy_atelectasis: 0.918, lobar__segmental_collapse: 0.307, not_otherwise_specified_opacity___pleural__parenchymal_opacity__: 0.883, pleural_effusion_or_thickening: 0.852, pulmonary_edema__hazy_opacity: 0.851, normal_anatomically: 0.992, elevated_hemidiaphragm: 0.008, hyperaeration: 0.040, vascular_redistribution: 0.017, atelectasis__chx: 0.900, cardiomegaly__chx: 0.893, consolidation__chx: 0.034, edema__chx: 0.970, enlarged_cardiomediastinum__chx: 0.007, fracture__chx: 0.004, lung_lesion__chx: 0.026, lung_opacity__chx: 0.649, no_finding__chx: 0.958, pleural_effusion__chx: 0.843, pleural_other__chx: 0.005, pneumonia__chx: 0.958, pneumothorax__chx: 0.000, support_devices__chx: 0.009
  Val accuracy per class:
    Normal: 0.824, CHF: 0.769, pneumonia: 0.685, consolidation: 0.815, enlarged_cardiac_silhouette: 0.787, linear__patchy_atelectasis: 0.750, lobar__segmental_collapse: 0.037, not_otherwise_specified_opacity___pleural__parenchymal_opacity__: 0.602, pleural_effusion_or_thickening: 0.769, pulmonary_edema__hazy_opacity: 0.704, normal_anatomically: 0.787, elevated_hemidiaphragm: 0.000, hyperaeration: 0.102, vascular_redistribution: 0.000, atelectasis__chx: 0.796, cardiomegaly__chx: 0.833, consolidation__chx: 0.028, edema__chx: 0.833, enlarged_cardiomediastinum__chx: 0.000, fracture__chx: 0.009, lung_lesion__chx: 0.046, lung_opacity__chx: 0.454, no_finding__chx: 0.741, pleural_effusion__chx: 0.694, pleural_other__chx: 0.000, pneumonia__chx: 0.380, pneumothorax__chx: 0.000, support_devices__chx: 0.037
  Val threshold stats | median 0.750 | pos-rate@0.50 0.918 | pos-rate@thr 0.592
Epoch 20 | train loss 0.0010 | val loss 0.2069 | time 92.73s
  Train summary: macro-acc 0.323 | macro-F1 0.511 | micro-P 0.259 | micro-R 0.939 | micro-F1 0.406 | macro-PR 0.834 | micro-PR 0.300
  Val summary:   macro-acc 0.242 | macro-F1 0.292 | micro-P 0.160 | micro-R 0.596 | micro-F1 0.252 | macro-PR 0.456 | micro-PR 0.106
  Train accuracy per class:
    Normal: 0.993, CHF: 0.987, pneumonia: 0.976, consolidation: 0.695, enlarged_cardiac_silhouette: 0.898, linear__patchy_atelectasis: 0.923, lobar__segmental_collapse: 0.360, not_otherwise_specified_opacity___pleural__parenchymal_opacity__: 0.918, pleural_effusion_or_thickening: 0.947, pulmonary_edema__hazy_opacity: 0.840, normal_anatomically: 0.984, elevated_hemidiaphragm: 0.008, hyperaeration: 0.814, vascular_redistribution: 0.017, atelectasis__chx: 0.868, cardiomegaly__chx: 0.968, consolidation__chx: 0.034, edema__chx: 0.872, enlarged_cardiomediastinum__chx: 0.007, fracture__chx: 0.004, lung_lesion__chx: 0.026, lung_opacity__chx: 0.776, no_finding__chx: 0.963, pleural_effusion__chx: 0.966, pleural_other__chx: 0.005, pneumonia__chx: 0.954, pneumothorax__chx: 0.000, support_devices__chx: 0.009
  Val accuracy per class:
    Normal: 0.815, CHF: 0.787, pneumonia: 0.741, consolidation: 0.315, enlarged_cardiac_silhouette: 0.787, linear__patchy_atelectasis: 0.741, lobar__segmental_collapse: 0.102, not_otherwise_specified_opacity___pleural__parenchymal_opacity__: 0.556, pleural_effusion_or_thickening: 0.815, pulmonary_edema__hazy_opacity: 0.694, normal_anatomically: 0.787, elevated_hemidiaphragm: 0.000, hyperaeration: 0.731, vascular_redistribution: 0.000, atelectasis__chx: 0.806, cardiomegaly__chx: 0.852, consolidation__chx: 0.028, edema__chx: 0.843, enlarged_cardiomediastinum__chx: 0.000, fracture__chx: 0.009, lung_lesion__chx: 0.046, lung_opacity__chx: 0.463, no_finding__chx: 0.741, pleural_effusion__chx: 0.796, pleural_other__chx: 0.000, pneumonia__chx: 0.806, pneumothorax__chx: 0.000, support_devices__chx: 0.037
  Val threshold stats | median 0.750 | pos-rate@0.50 0.883 | pos-rate@thr 0.554
Epoch 21 | train loss -0.0071 | val loss 0.2015 | time 90.66s
  Train summary: macro-acc 0.330 | macro-F1 0.498 | micro-P 0.271 | micro-R 0.965 | micro-F1 0.424 | macro-PR 0.812 | micro-PR 0.316
  Val summary:   macro-acc 0.234 | macro-F1 0.282 | micro-P 0.156 | micro-R 0.531 | micro-F1 0.241 | macro-PR 0.444 | micro-PR 0.106
  Train accuracy per class:
    Normal: 0.993, CHF: 0.983, pneumonia: 0.983, consolidation: 0.858, enlarged_cardiac_silhouette: 0.851, linear__patchy_atelectasis: 0.832, lobar__segmental_collapse: 0.377, not_otherwise_specified_opacity___pleural__parenchymal_opacity__: 0.806, pleural_effusion_or_thickening: 0.772, pulmonary_edema__hazy_opacity: 0.850, normal_anatomically: 0.980, elevated_hemidiaphragm: 0.008, hyperaeration: 0.843, vascular_redistribution: 0.017, atelectasis__chx: 0.884, cardiomegaly__chx: 0.896, consolidation__chx: 0.495, edema__chx: 0.958, enlarged_cardiomediastinum__chx: 0.007, fracture__chx: 0.004, lung_lesion__chx: 0.414, lung_opacity__chx: 0.704, no_finding__chx: 0.959, pleural_effusion__chx: 0.861, pleural_other__chx: 0.005, pneumonia__chx: 0.962, pneumothorax__chx: 0.000, support_devices__chx: 0.032
  Val accuracy per class:
    Normal: 0.815, CHF: 0.741, pneumonia: 0.657, consolidation: 0.806, enlarged_cardiac_silhouette: 0.769, linear__patchy_atelectasis: 0.778, lobar__segmental_collapse: 0.231, not_otherwise_specified_opacity___pleural__parenchymal_opacity__: 0.593, pleural_effusion_or_thickening: 0.741, pulmonary_edema__hazy_opacity: 0.694, normal_anatomically: 0.787, elevated_hemidiaphragm: 0.000, hyperaeration: 0.870, vascular_redistribution: 0.000, atelectasis__chx: 0.843, cardiomegaly__chx: 0.833, consolidation__chx: 0.306, edema__chx: 0.806, enlarged_cardiomediastinum__chx: 0.000, fracture__chx: 0.009, lung_lesion__chx: 0.241, lung_opacity__chx: 0.472, no_finding__chx: 0.741, pleural_effusion__chx: 0.704, pleural_other__chx: 0.000, pneumonia__chx: 0.602, pneumothorax__chx: 0.000, support_devices__chx: 0.046
  Val threshold stats | median 0.850 | pos-rate@0.50 0.891 | pos-rate@thr 0.506
Epoch 22 | train loss -0.0144 | val loss 0.2141 | time 92.33s
  Train summary: macro-acc 0.339 | macro-F1 0.507 | micro-P 0.267 | micro-R 0.957 | micro-F1 0.418 | macro-PR 0.841 | micro-PR 0.314
  Val summary:   macro-acc 0.245 | macro-F1 0.309 | micro-P 0.170 | micro-R 0.642 | micro-F1 0.269 | macro-PR 0.429 | micro-PR 0.104
  Train accuracy per class:
    Normal: 0.953, CHF: 0.987, pneumonia: 0.938, consolidation: 0.160, enlarged_cardiac_silhouette: 0.839, linear__patchy_atelectasis: 0.938, lobar__segmental_collapse: 0.375, not_otherwise_specified_opacity___pleural__parenchymal_opacity__: 0.939, pleural_effusion_or_thickening: 0.861, pulmonary_edema__hazy_opacity: 0.934, normal_anatomically: 0.992, elevated_hemidiaphragm: 0.008, hyperaeration: 0.852, vascular_redistribution: 0.017, atelectasis__chx: 0.898, cardiomegaly__chx: 0.789, consolidation__chx: 0.546, edema__chx: 0.987, enlarged_cardiomediastinum__chx: 0.007, fracture__chx: 0.004, lung_lesion__chx: 0.410, lung_opacity__chx: 0.876, no_finding__chx: 0.946, pleural_effusion__chx: 0.917, pleural_other__chx: 0.005, pneumonia__chx: 0.963, pneumothorax__chx: 0.000, support_devices__chx: 0.009
  Val accuracy per class:
    Normal: 0.824, CHF: 0.713, pneumonia: 0.398, consolidation: 0.176, enlarged_cardiac_silhouette: 0.787, linear__patchy_atelectasis: 0.815, lobar__segmental_collapse: 0.056, not_otherwise_specified_opacity___pleural__parenchymal_opacity__: 0.565, pleural_effusion_or_thickening: 0.787, pulmonary_edema__hazy_opacity: 0.731, normal_anatomically: 0.796, elevated_hemidiaphragm: 0.000, hyperaeration: 0.657, vascular_redistribution: 0.000, atelectasis__chx: 0.796, cardiomegaly__chx: 0.741, consolidation__chx: 0.519, edema__chx: 0.833, enlarged_cardiomediastinum__chx: 0.000, fracture__chx: 0.009, lung_lesion__chx: 0.426, lung_opacity__chx: 0.463, no_finding__chx: 0.769, pleural_effusion__chx: 0.787, pleural_other__chx: 0.000, pneumonia__chx: 0.778, pneumothorax__chx: 0.000, support_devices__chx: 0.037
  Val threshold stats | median 0.800 | pos-rate@0.50 0.872 | pos-rate@thr 0.562
Epoch 23 | train loss -0.0239 | val loss 0.2661 | time 93.73s
  Train summary: macro-acc 0.337 | macro-F1 0.490 | micro-P 0.271 | micro-R 0.952 | micro-F1 0.422 | macro-PR 0.849 | micro-PR 0.316
  Val summary:   macro-acc 0.234 | macro-F1 0.307 | micro-P 0.171 | micro-R 0.653 | micro-F1 0.272 | macro-PR 0.452 | micro-PR 0.107
  Train accuracy per class:
    Normal: 0.988, CHF: 0.959, pneumonia: 0.968, consolidation: 0.918, enlarged_cardiac_silhouette: 0.832, linear__patchy_atelectasis: 0.858, lobar__segmental_collapse: 0.462, not_otherwise_specified_opacity___pleural__parenchymal_opacity__: 0.831, pleural_effusion_or_thickening: 0.826, pulmonary_edema__hazy_opacity: 0.773, normal_anatomically: 0.984, elevated_hemidiaphragm: 0.008, hyperaeration: 0.790, vascular_redistribution: 0.017, atelectasis__chx: 0.867, cardiomegaly__chx: 0.781, consolidation__chx: 0.507, edema__chx: 0.993, enlarged_cardiomediastinum__chx: 0.007, fracture__chx: 0.004, lung_lesion__chx: 0.534, lung_opacity__chx: 0.625, no_finding__chx: 0.974, pleural_effusion__chx: 0.912, pleural_other__chx: 0.005, pneumonia__chx: 0.974, pneumothorax__chx: 0.000, support_devices__chx: 0.009
  Val accuracy per class:
    Normal: 0.833, CHF: 0.741, pneumonia: 0.417, consolidation: 0.917, enlarged_cardiac_silhouette: 0.778, linear__patchy_atelectasis: 0.759, lobar__segmental_collapse: 0.028, not_otherwise_specified_opacity___pleural__parenchymal_opacity__: 0.574, pleural_effusion_or_thickening: 0.704, pulmonary_edema__hazy_opacity: 0.565, normal_anatomically: 0.815, elevated_hemidiaphragm: 0.000, hyperaeration: 0.796, vascular_redistribution: 0.000, atelectasis__chx: 0.861, cardiomegaly__chx: 0.843, consolidation__chx: 0.407, edema__chx: 0.833, enlarged_cardiomediastinum__chx: 0.000, fracture__chx: 0.009, lung_lesion__chx: 0.194, lung_opacity__chx: 0.426, no_finding__chx: 0.769, pleural_effusion__chx: 0.806, pleural_other__chx: 0.000, pneumonia__chx: 0.287, pneumothorax__chx: 0.000, support_devices__chx: 0.037
  Val threshold stats | median 0.800 | pos-rate@0.50 0.903 | pos-rate@thr 0.567
Epoch 24 | train loss -0.0320 | val loss 0.2081 | time 92.15s
  Train summary: macro-acc 0.342 | macro-F1 0.491 | micro-P 0.252 | micro-R 0.947 | micro-F1 0.399 | macro-PR 0.804 | micro-PR 0.349
  Val summary:   macro-acc 0.231 | macro-F1 0.309 | micro-P 0.161 | micro-R 0.644 | micro-F1 0.258 | macro-PR 0.454 | micro-PR 0.103
  Train accuracy per class:
    Normal: 0.987, CHF: 0.925, pneumonia: 0.918, consolidation: 0.547, enlarged_cardiac_silhouette: 0.774, linear__patchy_atelectasis: 0.938, lobar__segmental_collapse: 0.491, not_otherwise_specified_opacity___pleural__parenchymal_opacity__: 0.934, pleural_effusion_or_thickening: 0.697, pulmonary_edema__hazy_opacity: 0.860, normal_anatomically: 0.991, elevated_hemidiaphragm: 0.008, hyperaeration: 0.850, vascular_redistribution: 0.017, atelectasis__chx: 0.863, cardiomegaly__chx: 0.802, consolidation__chx: 0.034, edema__chx: 0.993, enlarged_cardiomediastinum__chx: 0.007, fracture__chx: 0.004, lung_lesion__chx: 0.026, lung_opacity__chx: 0.876, no_finding__chx: 0.968, pleural_effusion__chx: 0.875, pleural_other__chx: 0.005, pneumonia__chx: 0.982, pneumothorax__chx: 0.000, support_devices__chx: 0.009
  Val accuracy per class:
    Normal: 0.833, CHF: 0.778, pneumonia: 0.741, consolidation: 0.185, enlarged_cardiac_silhouette: 0.787, linear__patchy_atelectasis: 0.759, lobar__segmental_collapse: 0.019, not_otherwise_specified_opacity___pleural__parenchymal_opacity__: 0.602, pleural_effusion_or_thickening: 0.741, pulmonary_edema__hazy_opacity: 0.694, normal_anatomically: 0.806, elevated_hemidiaphragm: 0.000, hyperaeration: 0.620, vascular_redistribution: 0.000, atelectasis__chx: 0.796, cardiomegaly__chx: 0.833, consolidation__chx: 0.028, edema__chx: 0.815, enlarged_cardiomediastinum__chx: 0.000, fracture__chx: 0.009, lung_lesion__chx: 0.046, lung_opacity__chx: 0.546, no_finding__chx: 0.769, pleural_effusion__chx: 0.787, pleural_other__chx: 0.000, pneumonia__chx: 0.333, pneumothorax__chx: 0.000, support_devices__chx: 0.037
  Val threshold stats | median 0.750 | pos-rate@0.50 0.906 | pos-rate@thr 0.594
Epoch 25 | train loss -0.0368 | val loss 0.2055 | time 91.86s
  Train summary: macro-acc 0.342 | macro-F1 0.512 | micro-P 0.277 | micro-R 0.963 | micro-F1 0.430 | macro-PR 0.838 | micro-PR 0.364
  Val summary:   macro-acc 0.243 | macro-F1 0.312 | micro-P 0.178 | micro-R 0.640 | micro-F1 0.278 | macro-PR 0.476 | micro-PR 0.106
  Train accuracy per class:
    Normal: 0.991, CHF: 0.984, pneumonia: 0.633, consolidation: 0.884, enlarged_cardiac_silhouette: 0.897, linear__patchy_atelectasis: 0.955, lobar__segmental_collapse: 0.431, not_otherwise_specified_opacity___pleural__parenchymal_opacity__: 0.888, pleural_effusion_or_thickening: 0.810, pulmonary_edema__hazy_opacity: 0.854, normal_anatomically: 0.992, elevated_hemidiaphragm: 0.008, hyperaeration: 0.801, vascular_redistribution: 0.017, atelectasis__chx: 0.897, cardiomegaly__chx: 0.923, consolidation__chx: 0.596, edema__chx: 0.995, enlarged_cardiomediastinum__chx: 0.008, fracture__chx: 0.004, lung_lesion__chx: 0.508, lung_opacity__chx: 0.683, no_finding__chx: 0.979, pleural_effusion__chx: 0.963, pleural_other__chx: 0.005, pneumonia__chx: 0.909, pneumothorax__chx: 0.000, support_devices__chx: 0.009
  Val accuracy per class:
    Normal: 0.833, CHF: 0.667, pneumonia: 0.426, consolidation: 0.907, enlarged_cardiac_silhouette: 0.806, linear__patchy_atelectasis: 0.843, lobar__segmental_collapse: 0.259, not_otherwise_specified_opacity___pleural__parenchymal_opacity__: 0.676, pleural_effusion_or_thickening: 0.750, pulmonary_edema__hazy_opacity: 0.519, normal_anatomically: 0.815, elevated_hemidiaphragm: 0.000, hyperaeration: 0.741, vascular_redistribution: 0.000, atelectasis__chx: 0.824, cardiomegaly__chx: 0.741, consolidation__chx: 0.602, edema__chx: 0.815, enlarged_cardiomediastinum__chx: 0.000, fracture__chx: 0.009, lung_lesion__chx: 0.407, lung_opacity__chx: 0.472, no_finding__chx: 0.759, pleural_effusion__chx: 0.806, pleural_other__chx: 0.000, pneumonia__chx: 0.454, pneumothorax__chx: 0.000, support_devices__chx: 0.037
  Val threshold stats | median 0.750 | pos-rate@0.50 0.886 | pos-rate@thr 0.536
Epoch 26 | train loss -0.0406 | val loss 0.2202 | time 91.84s
  Train summary: macro-acc 0.353 | macro-F1 0.495 | micro-P 0.260 | micro-R 0.973 | micro-F1 0.410 | macro-PR 0.837 | micro-PR 0.406
  Val summary:   macro-acc 0.232 | macro-F1 0.280 | micro-P 0.152 | micro-R 0.531 | micro-F1 0.237 | macro-PR 0.448 | micro-PR 0.106
  Train accuracy per class:
    Normal: 0.995, CHF: 0.989, pneumonia: 0.983, consolidation: 0.864, enlarged_cardiac_silhouette: 0.884, linear__patchy_atelectasis: 0.963, lobar__segmental_collapse: 0.451, not_otherwise_specified_opacity___pleural__parenchymal_opacity__: 0.828, pleural_effusion_or_thickening: 0.753, pulmonary_edema__hazy_opacity: 0.781, normal_anatomically: 0.993, elevated_hemidiaphragm: 0.008, hyperaeration: 0.040, vascular_redistribution: 0.017, atelectasis__chx: 0.607, cardiomegaly__chx: 0.943, consolidation__chx: 0.584, edema__chx: 0.999, enlarged_cardiomediastinum__chx: 0.008, fracture__chx: 0.004, lung_lesion__chx: 0.487, lung_opacity__chx: 0.693, no_finding__chx: 0.976, pleural_effusion__chx: 0.826, pleural_other__chx: 0.005, pneumonia__chx: 0.930, pneumothorax__chx: 0.000, support_devices__chx: 0.009
  Val accuracy per class:
    Normal: 0.815, CHF: 0.639, pneumonia: 0.750, consolidation: 0.843, enlarged_cardiac_silhouette: 0.685, linear__patchy_atelectasis: 0.833, lobar__segmental_collapse: 0.278, not_otherwise_specified_opacity___pleural__parenchymal_opacity__: 0.620, pleural_effusion_or_thickening: 0.806, pulmonary_edema__hazy_opacity: 0.685, normal_anatomically: 0.796, elevated_hemidiaphragm: 0.000, hyperaeration: 0.102, vascular_redistribution: 0.000, atelectasis__chx: 0.861, cardiomegaly__chx: 0.824, consolidation__chx: 0.546, edema__chx: 0.833, enlarged_cardiomediastinum__chx: 0.000, fracture__chx: 0.009, lung_lesion__chx: 0.213, lung_opacity__chx: 0.537, no_finding__chx: 0.750, pleural_effusion__chx: 0.759, pleural_other__chx: 0.000, pneumonia__chx: 0.519, pneumothorax__chx: 0.000, support_devices__chx: 0.037
  Val threshold stats | median 0.800 | pos-rate@0.50 0.885 | pos-rate@thr 0.519
Epoch 27 | train loss -0.0454 | val loss 0.1976 | time 93.26s
  Train summary: macro-acc 0.361 | macro-F1 0.527 | micro-P 0.273 | micro-R 0.974 | micro-F1 0.427 | macro-PR 0.916 | micro-PR 0.473
  Val summary:   macro-acc 0.224 | macro-F1 0.297 | micro-P 0.153 | micro-R 0.600 | micro-F1 0.244 | macro-PR 0.468 | micro-PR 0.103
  Train accuracy per class:
    Normal: 0.992, CHF: 0.978, pneumonia: 0.984, consolidation: 0.619, enlarged_cardiac_silhouette: 0.938, linear__patchy_atelectasis: 0.958, lobar__segmental_collapse: 0.470, not_otherwise_specified_opacity___pleural__parenchymal_opacity__: 0.839, pleural_effusion_or_thickening: 0.905, pulmonary_edema__hazy_opacity: 0.875, normal_anatomically: 0.987, elevated_hemidiaphragm: 0.008, hyperaeration: 0.040, vascular_redistribution: 0.017, atelectasis__chx: 0.901, cardiomegaly__chx: 0.941, consolidation__chx: 0.665, edema__chx: 0.999, enlarged_cardiomediastinum__chx: 0.008, fracture__chx: 0.004, lung_lesion__chx: 0.571, lung_opacity__chx: 0.755, no_finding__chx: 0.984, pleural_effusion__chx: 0.942, pleural_other__chx: 0.005, pneumonia__chx: 0.984, pneumothorax__chx: 0.000, support_devices__chx: 0.009
  Val accuracy per class:
    Normal: 0.833, CHF: 0.685, pneumonia: 0.657, consolidation: 0.259, enlarged_cardiac_silhouette: 0.815, linear__patchy_atelectasis: 0.833, lobar__segmental_collapse: 0.037, not_otherwise_specified_opacity___pleural__parenchymal_opacity__: 0.639, pleural_effusion_or_thickening: 0.741, pulmonary_edema__hazy_opacity: 0.611, normal_anatomically: 0.787, elevated_hemidiaphragm: 0.000, hyperaeration: 0.102, vascular_redistribution: 0.000, atelectasis__chx: 0.833, cardiomegaly__chx: 0.815, consolidation__chx: 0.343, edema__chx: 0.833, enlarged_cardiomediastinum__chx: 0.000, fracture__chx: 0.009, lung_lesion__chx: 0.241, lung_opacity__chx: 0.583, no_finding__chx: 0.750, pleural_effusion__chx: 0.657, pleural_other__chx: 0.000, pneumonia__chx: 0.407, pneumothorax__chx: 0.000, support_devices__chx: 0.037
  Val threshold stats | median 0.800 | pos-rate@0.50 0.914 | pos-rate@thr 0.583
Epoch 28 | train loss -0.0479 | val loss 0.2387 | time 91.70s
  Train summary: macro-acc 0.372 | macro-F1 0.555 | micro-P 0.275 | micro-R 0.957 | micro-F1 0.428 | macro-PR 0.986 | micro-PR 0.468
  Val summary:   macro-acc 0.244 | macro-F1 0.263 | micro-P 0.151 | micro-R 0.498 | micro-F1 0.232 | macro-PR 0.449 | micro-PR 0.117
  Train accuracy per class:
    Normal: 0.992, CHF: 0.992, pneumonia: 0.985, consolidation: 0.960, enlarged_cardiac_silhouette: 0.931, linear__patchy_atelectasis: 0.967, lobar__segmental_collapse: 0.434, not_otherwise_specified_opacity___pleural__parenchymal_opacity__: 0.861, pleural_effusion_or_thickening: 0.959, pulmonary_edema__hazy_opacity: 0.887, normal_anatomically: 0.991, elevated_hemidiaphragm: 0.008, hyperaeration: 0.832, vascular_redistribution: 0.017, atelectasis__chx: 0.913, cardiomegaly__chx: 0.959, consolidation__chx: 0.034, edema__chx: 0.997, enlarged_cardiomediastinum__chx: 0.008, fracture__chx: 0.004, lung_lesion__chx: 0.083, lung_opacity__chx: 0.789, no_finding__chx: 0.971, pleural_effusion__chx: 0.978, pleural_other__chx: 0.005, pneumonia__chx: 0.958, pneumothorax__chx: 0.000, support_devices__chx: 0.067
  Val accuracy per class:
    Normal: 0.815, CHF: 0.676, pneumonia: 0.639, consolidation: 0.917, enlarged_cardiac_silhouette: 0.824, linear__patchy_atelectasis: 0.815, lobar__segmental_collapse: 0.407, not_otherwise_specified_opacity___pleural__parenchymal_opacity__: 0.602, pleural_effusion_or_thickening: 0.778, pulmonary_edema__hazy_opacity: 0.731, normal_anatomically: 0.778, elevated_hemidiaphragm: 0.000, hyperaeration: 0.750, vascular_redistribution: 0.000, atelectasis__chx: 0.889, cardiomegaly__chx: 0.833, consolidation__chx: 0.028, edema__chx: 0.843, enlarged_cardiomediastinum__chx: 0.000, fracture__chx: 0.009, lung_lesion__chx: 0.074, lung_opacity__chx: 0.556, no_finding__chx: 0.741, pleural_effusion__chx: 0.741, pleural_other__chx: 0.000, pneumonia__chx: 0.796, pneumothorax__chx: 0.000, support_devices__chx: 0.046
  Val threshold stats | median 0.850 | pos-rate@0.50 0.865 | pos-rate@thr 0.489
Epoch 29 | train loss -0.0508 | val loss 0.2024 | time 92.39s
  Train summary: macro-acc 0.370 | macro-F1 0.556 | micro-P 0.287 | micro-R 0.970 | micro-F1 0.443 | macro-PR 0.923 | micro-PR 0.524
  Val summary:   macro-acc 0.236 | macro-F1 0.312 | micro-P 0.158 | micro-R 0.596 | micro-F1 0.250 | macro-PR 0.440 | micro-PR 0.106
  Train accuracy per class:
    Normal: 0.996, CHF: 0.993, pneumonia: 0.985, consolidation: 0.962, enlarged_cardiac_silhouette: 0.950, linear__patchy_atelectasis: 0.970, lobar__segmental_collapse: 0.530, not_otherwise_specified_opacity___pleural__parenchymal_opacity__: 0.954, pleural_effusion_or_thickening: 0.964, pulmonary_edema__hazy_opacity: 0.884, normal_anatomically: 0.993, elevated_hemidiaphragm: 0.008, hyperaeration: 0.371, vascular_redistribution: 0.017, atelectasis__chx: 0.950, cardiomegaly__chx: 0.858, consolidation__chx: 0.249, edema__chx: 0.996, enlarged_cardiomediastinum__chx: 0.011, fracture__chx: 0.004, lung_lesion__chx: 0.570, lung_opacity__chx: 0.813, no_finding__chx: 0.987, pleural_effusion__chx: 0.980, pleural_other__chx: 0.005, pneumonia__chx: 0.984, pneumothorax__chx: 0.000, support_devices__chx: 0.107
  Val accuracy per class:
    Normal: 0.843, CHF: 0.713, pneumonia: 0.611, consolidation: 0.917, enlarged_cardiac_silhouette: 0.787, linear__patchy_atelectasis: 0.787, lobar__segmental_collapse: 0.120, not_otherwise_specified_opacity___pleural__parenchymal_opacity__: 0.630, pleural_effusion_or_thickening: 0.815, pulmonary_edema__hazy_opacity: 0.676, normal_anatomically: 0.796, elevated_hemidiaphragm: 0.000, hyperaeration: 0.111, vascular_redistribution: 0.000, atelectasis__chx: 0.713, cardiomegaly__chx: 0.806, consolidation__chx: 0.046, edema__chx: 0.824, enlarged_cardiomediastinum__chx: 0.000, fracture__chx: 0.009, lung_lesion__chx: 0.259, lung_opacity__chx: 0.583, no_finding__chx: 0.778, pleural_effusion__chx: 0.815, pleural_other__chx: 0.000, pneumonia__chx: 0.417, pneumothorax__chx: 0.000, support_devices__chx: 0.056
  Val threshold stats | median 0.850 | pos-rate@0.50 0.896 | pos-rate@thr 0.560
Epoch 30 | train loss -0.0530 | val loss 0.2065 | time 91.49s
  Train summary: macro-acc 0.375 | macro-F1 0.541 | micro-P 0.282 | micro-R 0.969 | micro-F1 0.437 | macro-PR 1.019 | micro-PR 0.562
  Val summary:   macro-acc 0.243 | macro-F1 0.298 | micro-P 0.161 | micro-R 0.576 | micro-F1 0.251 | macro-PR 0.476 | micro-PR 0.112
  Train accuracy per class:
    Normal: 0.997, CHF: 0.996, pneumonia: 0.992, consolidation: 0.964, enlarged_cardiac_silhouette: 0.955, linear__patchy_atelectasis: 0.968, lobar__segmental_collapse: 0.509, not_otherwise_specified_opacity___pleural__parenchymal_opacity__: 0.880, pleural_effusion_or_thickening: 0.937, pulmonary_edema__hazy_opacity: 0.832, normal_anatomically: 0.978, elevated_hemidiaphragm: 0.008, hyperaeration: 0.193, vascular_redistribution: 0.017, atelectasis__chx: 0.934, cardiomegaly__chx: 0.937, consolidation__chx: 0.619, edema__chx: 0.993, enlarged_cardiomediastinum__chx: 0.009, fracture__chx: 0.004, lung_lesion__chx: 0.540, lung_opacity__chx: 0.648, no_finding__chx: 0.995, pleural_effusion__chx: 0.889, pleural_other__chx: 0.005, pneumonia__chx: 0.971, pneumothorax__chx: 0.000, support_devices__chx: 0.102
  Val accuracy per class:
    Normal: 0.833, CHF: 0.731, pneumonia: 0.713, consolidation: 0.917, enlarged_cardiac_silhouette: 0.750, linear__patchy_atelectasis: 0.843, lobar__segmental_collapse: 0.185, not_otherwise_specified_opacity___pleural__parenchymal_opacity__: 0.639, pleural_effusion_or_thickening: 0.778, pulmonary_edema__hazy_opacity: 0.583, normal_anatomically: 0.806, elevated_hemidiaphragm: 0.000, hyperaeration: 0.111, vascular_redistribution: 0.000, atelectasis__chx: 0.898, cardiomegaly__chx: 0.843, consolidation__chx: 0.352, edema__chx: 0.833, enlarged_cardiomediastinum__chx: 0.000, fracture__chx: 0.009, lung_lesion__chx: 0.426, lung_opacity__chx: 0.574, no_finding__chx: 0.778, pleural_effusion__chx: 0.639, pleural_other__chx: 0.000, pneumonia__chx: 0.435, pneumothorax__chx: 0.000, support_devices__chx: 0.046
  Val threshold stats | median 0.850 | pos-rate@0.50 0.878 | pos-rate@thr 0.532
Epoch 31 | train loss -0.0561 | val loss 0.2045 | time 91.31s
  Train summary: macro-acc 0.386 | macro-F1 0.549 | micro-P 0.299 | micro-R 0.975 | micro-F1 0.458 | macro-PR 1.017 | micro-PR 0.590
  Val summary:   macro-acc 0.240 | macro-F1 0.283 | micro-P 0.148 | micro-R 0.520 | micro-F1 0.230 | macro-PR 0.499 | micro-PR 0.107
  Train accuracy per class:
    Normal: 0.999, CHF: 0.992, pneumonia: 0.992, consolidation: 0.664, enlarged_cardiac_silhouette: 0.959, linear__patchy_atelectasis: 0.985, lobar__segmental_collapse: 0.467, not_otherwise_specified_opacity___pleural__parenchymal_opacity__: 0.967, pleural_effusion_or_thickening: 0.847, pulmonary_edema__hazy_opacity: 0.831, normal_anatomically: 0.997, elevated_hemidiaphragm: 0.008, hyperaeration: 0.827, vascular_redistribution: 0.017, atelectasis__chx: 0.916, cardiomegaly__chx: 0.942, consolidation__chx: 0.716, edema__chx: 0.988, enlarged_cardiomediastinum__chx: 0.009, fracture__chx: 0.004, lung_lesion__chx: 0.547, lung_opacity__chx: 0.854, no_finding__chx: 0.976, pleural_effusion__chx: 0.987, pleural_other__chx: 0.005, pneumonia__chx: 0.968, pneumothorax__chx: 0.000, support_devices__chx: 0.148
  Val accuracy per class:
    Normal: 0.824, CHF: 0.741, pneumonia: 0.694, consolidation: 0.352, enlarged_cardiac_silhouette: 0.806, linear__patchy_atelectasis: 0.824, lobar__segmental_collapse: 0.157, not_otherwise_specified_opacity___pleural__parenchymal_opacity__: 0.639, pleural_effusion_or_thickening: 0.796, pulmonary_edema__hazy_opacity: 0.602, normal_anatomically: 0.815, elevated_hemidiaphragm: 0.000, hyperaeration: 0.509, vascular_redistribution: 0.000, atelectasis__chx: 0.861, cardiomegaly__chx: 0.852, consolidation__chx: 0.370, edema__chx: 0.806, enlarged_cardiomediastinum__chx: 0.000, fracture__chx: 0.009, lung_lesion__chx: 0.241, lung_opacity__chx: 0.500, no_finding__chx: 0.769, pleural_effusion__chx: 0.833, pleural_other__chx: 0.000, pneumonia__chx: 0.435, pneumothorax__chx: 0.000, support_devices__chx: 0.056
  Val threshold stats | median 0.850 | pos-rate@0.50 0.887 | pos-rate@thr 0.524
Epoch 32 | train loss -0.0545 | val loss 0.2185 | time 93.51s
  Train summary: macro-acc 0.392 | macro-F1 0.539 | micro-P 0.292 | micro-R 0.988 | micro-F1 0.451 | macro-PR 0.985 | micro-PR 0.580
  Val summary:   macro-acc 0.243 | macro-F1 0.286 | micro-P 0.155 | micro-R 0.507 | micro-F1 0.237 | macro-PR 0.416 | micro-PR 0.109
  Train accuracy per class:
    Normal: 0.989, CHF: 0.997, pneumonia: 0.987, consolidation: 0.532, enlarged_cardiac_silhouette: 0.884, linear__patchy_atelectasis: 0.909, lobar__segmental_collapse: 0.566, not_otherwise_specified_opacity___pleural__parenchymal_opacity__: 0.976, pleural_effusion_or_thickening: 0.974, pulmonary_edema__hazy_opacity: 0.806, normal_anatomically: 0.989, elevated_hemidiaphragm: 0.008, hyperaeration: 0.922, vascular_redistribution: 0.017, atelectasis__chx: 0.669, cardiomegaly__chx: 0.962, consolidation__chx: 0.711, edema__chx: 0.993, enlarged_cardiomediastinum__chx: 0.009, fracture__chx: 0.004, lung_lesion__chx: 0.528, lung_opacity__chx: 0.830, no_finding__chx: 0.989, pleural_effusion__chx: 0.962, pleural_other__chx: 0.005, pneumonia__chx: 0.988, pneumothorax__chx: 0.000, support_devices__chx: 0.009
  Val accuracy per class:
    Normal: 0.852, CHF: 0.685, pneumonia: 0.704, consolidation: 0.380, enlarged_cardiac_silhouette: 0.750, linear__patchy_atelectasis: 0.833, lobar__segmental_collapse: 0.213, not_otherwise_specified_opacity___pleural__parenchymal_opacity__: 0.639, pleural_effusion_or_thickening: 0.796, pulmonary_edema__hazy_opacity: 0.657, normal_anatomically: 0.806, elevated_hemidiaphragm: 0.000, hyperaeration: 0.741, vascular_redistribution: 0.000, atelectasis__chx: 0.759, cardiomegaly__chx: 0.833, consolidation__chx: 0.593, edema__chx: 0.843, enlarged_cardiomediastinum__chx: 0.000, fracture__chx: 0.009, lung_lesion__chx: 0.444, lung_opacity__chx: 0.546, no_finding__chx: 0.741, pleural_effusion__chx: 0.787, pleural_other__chx: 0.000, pneumonia__chx: 0.787, pneumothorax__chx: 0.000, support_devices__chx: 0.037
  Val threshold stats | median 0.800 | pos-rate@0.50 0.885 | pos-rate@thr 0.486
Epoch 33 | train loss -0.0579 | val loss 0.2263 | time 93.32s
  Train summary: macro-acc 0.404 | macro-F1 0.560 | micro-P 0.291 | micro-R 0.970 | micro-F1 0.448 | macro-PR 1.081 | micro-PR 0.600
  Val summary:   macro-acc 0.256 | macro-F1 0.286 | micro-P 0.162 | micro-R 0.576 | micro-F1 0.253 | macro-PR 0.447 | micro-PR 0.111
  Train accuracy per class:
    Normal: 0.999, CHF: 0.989, pneumonia: 0.865, consolidation: 0.976, enlarged_cardiac_silhouette: 0.953, linear__patchy_atelectasis: 0.910, lobar__segmental_collapse: 0.511, not_otherwise_specified_opacity___pleural__parenchymal_opacity__: 0.881, pleural_effusion_or_thickening: 0.913, pulmonary_edema__hazy_opacity: 0.937, normal_anatomically: 0.992, elevated_hemidiaphragm: 0.008, hyperaeration: 0.863, vascular_redistribution: 0.017, atelectasis__chx: 0.950, cardiomegaly__chx: 0.989, consolidation__chx: 0.672, edema__chx: 0.991, enlarged_cardiomediastinum__chx: 0.029, fracture__chx: 0.004, lung_lesion__chx: 0.026, lung_opacity__chx: 0.847, no_finding__chx: 0.979, pleural_effusion__chx: 0.887, pleural_other__chx: 0.005, pneumonia__chx: 0.982, pneumothorax__chx: 0.000, support_devices__chx: 0.111
  Val accuracy per class:
    Normal: 0.824, CHF: 0.667, pneumonia: 0.407, consolidation: 0.898, enlarged_cardiac_silhouette: 0.815, linear__patchy_atelectasis: 0.676, lobar__segmental_collapse: 0.176, not_otherwise_specified_opacity___pleural__parenchymal_opacity__: 0.611, pleural_effusion_or_thickening: 0.769, pulmonary_edema__hazy_opacity: 0.741, normal_anatomically: 0.787, elevated_hemidiaphragm: 0.000, hyperaeration: 0.667, vascular_redistribution: 0.000, atelectasis__chx: 0.833, cardiomegaly__chx: 0.852, consolidation__chx: 0.389, edema__chx: 0.815, enlarged_cardiomediastinum__chx: 0.000, fracture__chx: 0.009, lung_lesion__chx: 0.046, lung_opacity__chx: 0.611, no_finding__chx: 0.759, pleural_effusion__chx: 0.704, pleural_other__chx: 0.000, pneumonia__chx: 0.769, pneumothorax__chx: 0.000, support_devices__chx: 0.046
  Val threshold stats | median 0.850 | pos-rate@0.50 0.862 | pos-rate@thr 0.527
Epoch 34 | train loss -0.0547 | val loss 0.2206 | time 91.01s
  Train summary: macro-acc 0.407 | macro-F1 0.522 | micro-P 0.283 | micro-R 0.969 | micro-F1 0.438 | macro-PR 1.011 | micro-PR 0.476
  Val summary:   macro-acc 0.244 | macro-F1 0.271 | micro-P 0.158 | micro-R 0.564 | micro-F1 0.247 | macro-PR 0.406 | micro-PR 0.106
  Train accuracy per class:
    Normal: 0.989, CHF: 0.927, pneumonia: 0.695, consolidation: 0.777, enlarged_cardiac_silhouette: 0.938, linear__patchy_atelectasis: 0.921, lobar__segmental_collapse: 0.397, not_otherwise_specified_opacity___pleural__parenchymal_opacity__: 0.971, pleural_effusion_or_thickening: 0.900, pulmonary_edema__hazy_opacity: 0.814, normal_anatomically: 0.992, elevated_hemidiaphragm: 0.008, hyperaeration: 0.887, vascular_redistribution: 0.017, atelectasis__chx: 0.828, cardiomegaly__chx: 0.942, consolidation__chx: 0.730, edema__chx: 0.987, enlarged_cardiomediastinum__chx: 0.012, fracture__chx: 0.004, lung_lesion__chx: 0.522, lung_opacity__chx: 0.714, no_finding__chx: 0.970, pleural_effusion__chx: 0.956, pleural_other__chx: 0.005, pneumonia__chx: 0.974, pneumothorax__chx: 0.000, support_devices__chx: 0.009
  Val accuracy per class:
    Normal: 0.806, CHF: 0.556, pneumonia: 0.398, consolidation: 0.611, enlarged_cardiac_silhouette: 0.815, linear__patchy_atelectasis: 0.787, lobar__segmental_collapse: 0.259, not_otherwise_specified_opacity___pleural__parenchymal_opacity__: 0.657, pleural_effusion_or_thickening: 0.657, pulmonary_edema__hazy_opacity: 0.713, normal_anatomically: 0.796, elevated_hemidiaphragm: 0.000, hyperaeration: 0.731, vascular_redistribution: 0.000, atelectasis__chx: 0.657, cardiomegaly__chx: 0.852, consolidation__chx: 0.352, edema__chx: 0.861, enlarged_cardiomediastinum__chx: 0.000, fracture__chx: 0.009, lung_lesion__chx: 0.370, lung_opacity__chx: 0.593, no_finding__chx: 0.750, pleural_effusion__chx: 0.694, pleural_other__chx: 0.000, pneumonia__chx: 0.713, pneumothorax__chx: 0.000, support_devices__chx: 0.037
  Val threshold stats | median 0.800 | pos-rate@0.50 0.870 | pos-rate@thr 0.531
Epoch 35 | train loss -0.0619 | val loss 0.2148 | time 92.81s
  Train summary: macro-acc 0.413 | macro-F1 0.559 | micro-P 0.277 | micro-R 0.968 | micro-F1 0.430 | macro-PR 0.996 | micro-PR 0.570
  Val summary:   macro-acc 0.254 | macro-F1 0.295 | micro-P 0.158 | micro-R 0.600 | micro-F1 0.251 | macro-PR 0.440 | micro-PR 0.106
  Train accuracy per class:
    Normal: 0.987, CHF: 0.983, pneumonia: 0.984, consolidation: 0.976, enlarged_cardiac_silhouette: 0.962, linear__patchy_atelectasis: 0.959, lobar__segmental_collapse: 0.468, not_otherwise_specified_opacity___pleural__parenchymal_opacity__: 0.962, pleural_effusion_or_thickening: 0.931, pulmonary_edema__hazy_opacity: 0.921, normal_anatomically: 0.989, elevated_hemidiaphragm: 0.008, hyperaeration: 0.887, vascular_redistribution: 0.017, atelectasis__chx: 0.781, cardiomegaly__chx: 0.967, consolidation__chx: 0.034, edema__chx: 0.996, enlarged_cardiomediastinum__chx: 0.020, fracture__chx: 0.004, lung_lesion__chx: 0.026, lung_opacity__chx: 0.768, no_finding__chx: 0.987, pleural_effusion__chx: 0.958, pleural_other__chx: 0.005, pneumonia__chx: 0.987, pneumothorax__chx: 0.000, support_devices__chx: 0.009
  Val accuracy per class:
    Normal: 0.833, CHF: 0.741, pneumonia: 0.685, consolidation: 0.898, enlarged_cardiac_silhouette: 0.824, linear__patchy_atelectasis: 0.769, lobar__segmental_collapse: 0.037, not_otherwise_specified_opacity___pleural__parenchymal_opacity__: 0.611, pleural_effusion_or_thickening: 0.704, pulmonary_edema__hazy_opacity: 0.556, normal_anatomically: 0.806, elevated_hemidiaphragm: 0.000, hyperaeration: 0.417, vascular_redistribution: 0.000, atelectasis__chx: 0.620, cardiomegaly__chx: 0.796, consolidation__chx: 0.028, edema__chx: 0.843, enlarged_cardiomediastinum__chx: 0.000, fracture__chx: 0.009, lung_lesion__chx: 0.046, lung_opacity__chx: 0.454, no_finding__chx: 0.741, pleural_effusion__chx: 0.806, pleural_other__chx: 0.000, pneumonia__chx: 0.796, pneumothorax__chx: 0.000, support_devices__chx: 0.037
  Val threshold stats | median 0.750 | pos-rate@0.50 0.869 | pos-rate@thr 0.563
Epoch 36 | train loss -0.0693 | val loss 0.2468 | time 90.91s
  Train summary: macro-acc 0.422 | macro-F1 0.548 | micro-P 0.298 | micro-R 0.961 | micro-F1 0.455 | macro-PR 1.070 | micro-PR 0.629
  Val summary:   macro-acc 0.295 | macro-F1 0.256 | micro-P 0.145 | micro-R 0.458 | micro-F1 0.221 | macro-PR 0.435 | micro-PR 0.112
  Train accuracy per class:
    Normal: 0.995, CHF: 0.987, pneumonia: 0.959, consolidation: 0.972, enlarged_cardiac_silhouette: 0.891, linear__patchy_atelectasis: 0.946, lobar__segmental_collapse: 0.468, not_otherwise_specified_opacity___pleural__parenchymal_opacity__: 0.982, pleural_effusion_or_thickening: 0.869, pulmonary_edema__hazy_opacity: 0.836, normal_anatomically: 0.983, elevated_hemidiaphragm: 0.008, hyperaeration: 0.880, vascular_redistribution: 0.017, atelectasis__chx: 0.797, cardiomegaly__chx: 0.958, consolidation__chx: 0.710, edema__chx: 0.985, enlarged_cardiomediastinum__chx: 0.032, fracture__chx: 0.004, lung_lesion__chx: 0.611, lung_opacity__chx: 0.740, no_finding__chx: 0.988, pleural_effusion__chx: 0.945, pleural_other__chx: 0.005, pneumonia__chx: 0.988, pneumothorax__chx: 0.000, support_devices__chx: 0.103
  Val accuracy per class:
    Normal: 0.824, CHF: 0.676, pneumonia: 0.657, consolidation: 0.889, enlarged_cardiac_silhouette: 0.824, linear__patchy_atelectasis: 0.843, lobar__segmental_collapse: 0.269, not_otherwise_specified_opacity___pleural__parenchymal_opacity__: 0.648, pleural_effusion_or_thickening: 0.750, pulmonary_edema__hazy_opacity: 0.722, normal_anatomically: 0.806, elevated_hemidiaphragm: 0.000, hyperaeration: 0.722, vascular_redistribution: 0.000, atelectasis__chx: 0.676, cardiomegaly__chx: 0.843, consolidation__chx: 0.278, edema__chx: 0.815, enlarged_cardiomediastinum__chx: 0.000, fracture__chx: 0.009, lung_lesion__chx: 0.389, lung_opacity__chx: 0.481, no_finding__chx: 0.704, pleural_effusion__chx: 0.852, pleural_other__chx: 0.000, pneumonia__chx: 0.796, pneumothorax__chx: 0.000, support_devices__chx: 0.065
  Val threshold stats | median 0.800 | pos-rate@0.50 0.808 | pos-rate@thr 0.468
Epoch 37 | train loss -0.0736 | val loss 0.2264 | time 90.88s
  Train summary: macro-acc 0.434 | macro-F1 0.552 | micro-P 0.291 | micro-R 0.974 | micro-F1 0.449 | macro-PR 1.121 | micro-PR 0.673
  Val summary:   macro-acc 0.284 | macro-F1 0.281 | micro-P 0.158 | micro-R 0.520 | micro-F1 0.242 | macro-PR 0.450 | micro-PR 0.114
  Train accuracy per class:
    Normal: 0.992, CHF: 0.992, pneumonia: 0.996, consolidation: 0.978, enlarged_cardiac_silhouette: 0.985, linear__patchy_atelectasis: 0.946, lobar__segmental_collapse: 0.487, not_otherwise_specified_opacity___pleural__parenchymal_opacity__: 0.752, pleural_effusion_or_thickening: 0.934, pulmonary_edema__hazy_opacity: 0.830, normal_anatomically: 0.987, elevated_hemidiaphragm: 0.008, hyperaeration: 0.885, vascular_redistribution: 0.017, atelectasis__chx: 0.741, cardiomegaly__chx: 0.971, consolidation__chx: 0.790, edema__chx: 0.988, enlarged_cardiomediastinum__chx: 0.051, fracture__chx: 0.004, lung_lesion__chx: 0.186, lung_opacity__chx: 0.632, no_finding__chx: 0.980, pleural_effusion__chx: 0.974, pleural_other__chx: 0.005, pneumonia__chx: 0.978, pneumothorax__chx: 0.000, support_devices__chx: 0.172
  Val accuracy per class:
    Normal: 0.824, CHF: 0.741, pneumonia: 0.676, consolidation: 0.880, enlarged_cardiac_silhouette: 0.843, linear__patchy_atelectasis: 0.824, lobar__segmental_collapse: 0.287, not_otherwise_specified_opacity___pleural__parenchymal_opacity__: 0.565, pleural_effusion_or_thickening: 0.796, pulmonary_edema__hazy_opacity: 0.676, normal_anatomically: 0.806, elevated_hemidiaphragm: 0.000, hyperaeration: 0.685, vascular_redistribution: 0.000, atelectasis__chx: 0.759, cardiomegaly__chx: 0.843, consolidation__chx: 0.343, edema__chx: 0.852, enlarged_cardiomediastinum__chx: 0.000, fracture__chx: 0.009, lung_lesion__chx: 0.056, lung_opacity__chx: 0.546, no_finding__chx: 0.759, pleural_effusion__chx: 0.843, pleural_other__chx: 0.000, pneumonia__chx: 0.778, pneumothorax__chx: 0.000, support_devices__chx: 0.046
  Val threshold stats | median 0.800 | pos-rate@0.50 0.821 | pos-rate@thr 0.490
Epoch 38 | train loss -0.0751 | val loss 1.3260 | time 99.36s
  Train summary: macro-acc 0.443 | macro-F1 0.573 | micro-P 0.291 | micro-R 0.974 | micro-F1 0.448 | macro-PR 1.119 | micro-PR 0.657
  Val summary:   macro-acc 0.256 | macro-F1 0.298 | micro-P 0.155 | micro-R 0.602 | micro-F1 0.246 | macro-PR 0.441 | micro-PR 0.107
  Train accuracy per class:
    Normal: 0.993, CHF: 0.923, pneumonia: 0.971, consolidation: 0.943, enlarged_cardiac_silhouette: 0.963, linear__patchy_atelectasis: 0.970, lobar__segmental_collapse: 0.529, not_otherwise_specified_opacity___pleural__parenchymal_opacity__: 0.983, pleural_effusion_or_thickening: 0.974, pulmonary_edema__hazy_opacity: 0.920, normal_anatomically: 1.000, elevated_hemidiaphragm: 0.008, hyperaeration: 0.927, vascular_redistribution: 0.017, atelectasis__chx: 0.962, cardiomegaly__chx: 0.905, consolidation__chx: 0.307, edema__chx: 0.989, enlarged_cardiomediastinum__chx: 0.108, fracture__chx: 0.004, lung_lesion__chx: 0.026, lung_opacity__chx: 0.937, no_finding__chx: 0.949, pleural_effusion__chx: 0.934, pleural_other__chx: 0.005, pneumonia__chx: 0.975, pneumothorax__chx: 0.000, support_devices__chx: 0.009
  Val accuracy per class:
    Normal: 0.833, CHF: 0.741, pneumonia: 0.667, consolidation: 0.380, enlarged_cardiac_silhouette: 0.824, linear__patchy_atelectasis: 0.824, lobar__segmental_collapse: 0.185, not_otherwise_specified_opacity___pleural__parenchymal_opacity__: 0.620, pleural_effusion_or_thickening: 0.824, pulmonary_edema__hazy_opacity: 0.750, normal_anatomically: 0.796, elevated_hemidiaphragm: 0.000, hyperaeration: 0.602, vascular_redistribution: 0.000, atelectasis__chx: 0.565, cardiomegaly__chx: 0.759, consolidation__chx: 0.037, edema__chx: 0.815, enlarged_cardiomediastinum__chx: 0.111, fracture__chx: 0.009, lung_lesion__chx: 0.046, lung_opacity__chx: 0.593, no_finding__chx: 0.750, pleural_effusion__chx: 0.676, pleural_other__chx: 0.000, pneumonia__chx: 0.185, pneumothorax__chx: 0.000, support_devices__chx: 0.037
  Val threshold stats | median 0.750 | pos-rate@0.50 0.855 | pos-rate@thr 0.579
Epoch 39 | train loss -0.0811 | val loss 0.2290 | time 94.06s
  Train summary: macro-acc 0.451 | macro-F1 0.570 | micro-P 0.302 | micro-R 0.982 | micro-F1 0.462 | macro-PR 1.097 | micro-PR 0.718
  Val summary:   macro-acc 0.295 | macro-F1 0.291 | micro-P 0.160 | micro-R 0.504 | micro-F1 0.243 | macro-PR 0.425 | micro-PR 0.113
  Train accuracy per class:
    Normal: 0.996, CHF: 0.999, pneumonia: 1.000, consolidation: 0.985, enlarged_cardiac_silhouette: 0.992, linear__patchy_atelectasis: 0.942, lobar__segmental_collapse: 0.525, not_otherwise_specified_opacity___pleural__parenchymal_opacity__: 0.861, pleural_effusion_or_thickening: 0.921, pulmonary_edema__hazy_opacity: 0.930, normal_anatomically: 0.993, elevated_hemidiaphragm: 0.008, hyperaeration: 0.864, vascular_redistribution: 0.017, atelectasis__chx: 0.792, cardiomegaly__chx: 0.966, consolidation__chx: 0.772, edema__chx: 0.996, enlarged_cardiomediastinum__chx: 0.203, fracture__chx: 0.004, lung_lesion__chx: 0.026, lung_opacity__chx: 0.822, no_finding__chx: 0.996, pleural_effusion__chx: 0.963, pleural_other__chx: 0.005, pneumonia__chx: 0.991, pneumothorax__chx: 0.000, support_devices__chx: 0.141
  Val accuracy per class:
    Normal: 0.843, CHF: 0.676, pneumonia: 0.704, consolidation: 0.907, enlarged_cardiac_silhouette: 0.778, linear__patchy_atelectasis: 0.843, lobar__segmental_collapse: 0.222, not_otherwise_specified_opacity___pleural__parenchymal_opacity__: 0.593, pleural_effusion_or_thickening: 0.833, pulmonary_edema__hazy_opacity: 0.694, normal_anatomically: 0.806, elevated_hemidiaphragm: 0.000, hyperaeration: 0.806, vascular_redistribution: 0.000, atelectasis__chx: 0.852, cardiomegaly__chx: 0.759, consolidation__chx: 0.778, edema__chx: 0.843, enlarged_cardiomediastinum__chx: 0.019, fracture__chx: 0.009, lung_lesion__chx: 0.046, lung_opacity__chx: 0.593, no_finding__chx: 0.769, pleural_effusion__chx: 0.815, pleural_other__chx: 0.000, pneumonia__chx: 0.667, pneumothorax__chx: 0.000, support_devices__chx: 0.065
  Val threshold stats | median 0.850 | pos-rate@0.50 0.823 | pos-rate@thr 0.469
Epoch 40 | train loss -0.0859 | val loss 0.2593 | time 92.81s
  Train summary: macro-acc 0.459 | macro-F1 0.504 | micro-P 0.289 | micro-R 0.985 | micro-F1 0.447 | macro-PR 1.149 | micro-PR 0.744
  Val summary:   macro-acc 0.308 | macro-F1 0.262 | micro-P 0.164 | micro-R 0.518 | micro-F1 0.249 | macro-PR 0.450 | micro-PR 0.126
  Train accuracy per class:
    Normal: 0.993, CHF: 0.992, pneumonia: 0.807, consolidation: 0.807, enlarged_cardiac_silhouette: 0.945, linear__patchy_atelectasis: 0.867, lobar__segmental_collapse: 0.468, not_otherwise_specified_opacity___pleural__parenchymal_opacity__: 0.879, pleural_effusion_or_thickening: 0.728, pulmonary_edema__hazy_opacity: 0.672, normal_anatomically: 0.987, elevated_hemidiaphragm: 0.008, hyperaeration: 0.930, vascular_redistribution: 0.017, atelectasis__chx: 0.821, cardiomegaly__chx: 0.863, consolidation__chx: 0.782, edema__chx: 0.983, enlarged_cardiomediastinum__chx: 0.273, fracture__chx: 0.004, lung_lesion__chx: 0.682, lung_opacity__chx: 0.631, no_finding__chx: 0.972, pleural_effusion__chx: 0.807, pleural_other__chx: 0.005, pneumonia__chx: 0.984, pneumothorax__chx: 0.000, support_devices__chx: 0.181
  Val accuracy per class:
    Normal: 0.824, CHF: 0.685, pneumonia: 0.407, consolidation: 0.787, enlarged_cardiac_silhouette: 0.778, linear__patchy_atelectasis: 0.815, lobar__segmental_collapse: 0.278, not_otherwise_specified_opacity___pleural__parenchymal_opacity__: 0.602, pleural_effusion_or_thickening: 0.750, pulmonary_edema__hazy_opacity: 0.741, normal_anatomically: 0.769, elevated_hemidiaphragm: 0.000, hyperaeration: 0.870, vascular_redistribution: 0.000, atelectasis__chx: 0.889, cardiomegaly__chx: 0.843, consolidation__chx: 0.741, edema__chx: 0.806, enlarged_cardiomediastinum__chx: 0.019, fracture__chx: 0.009, lung_lesion__chx: 0.583, lung_opacity__chx: 0.472, no_finding__chx: 0.713, pleural_effusion__chx: 0.759, pleural_other__chx: 0.000, pneumonia__chx: 0.769, pneumothorax__chx: 0.000, support_devices__chx: 0.065
  Val threshold stats | median 0.600 | pos-rate@0.50 0.785 | pos-rate@thr 0.471
Epoch 41 | train loss -0.0902 | val loss 0.2568 | time 91.32s
  Train summary: macro-acc 0.469 | macro-F1 0.583 | micro-P 0.324 | micro-R 0.984 | micro-F1 0.487 | macro-PR 1.176 | micro-PR 0.745
  Val summary:   macro-acc 0.305 | macro-F1 0.293 | micro-P 0.165 | micro-R 0.556 | micro-F1 0.254 | macro-PR 0.467 | micro-PR 0.109
  Train accuracy per class:
    Normal: 1.000, CHF: 0.975, pneumonia: 0.993, consolidation: 0.989, enlarged_cardiac_silhouette: 0.971, linear__patchy_atelectasis: 0.974, lobar__segmental_collapse: 0.479, not_otherwise_specified_opacity___pleural__parenchymal_opacity__: 0.992, pleural_effusion_or_thickening: 0.894, pulmonary_edema__hazy_opacity: 0.959, normal_anatomically: 0.993, elevated_hemidiaphragm: 0.008, hyperaeration: 0.900, vascular_redistribution: 0.017, atelectasis__chx: 0.920, cardiomegaly__chx: 0.892, consolidation__chx: 0.798, edema__chx: 0.966, enlarged_cardiomediastinum__chx: 0.342, fracture__chx: 0.004, lung_lesion__chx: 0.648, lung_opacity__chx: 0.975, no_finding__chx: 0.993, pleural_effusion__chx: 0.908, pleural_other__chx: 0.005, pneumonia__chx: 0.978, pneumothorax__chx: 0.000, support_devices__chx: 0.009
  Val accuracy per class:
    Normal: 0.833, CHF: 0.731, pneumonia: 0.593, consolidation: 0.889, enlarged_cardiac_silhouette: 0.833, linear__patchy_atelectasis: 0.815, lobar__segmental_collapse: 0.065, not_otherwise_specified_opacity___pleural__parenchymal_opacity__: 0.574, pleural_effusion_or_thickening: 0.796, pulmonary_edema__hazy_opacity: 0.778, normal_anatomically: 0.796, elevated_hemidiaphragm: 0.000, hyperaeration: 0.667, vascular_redistribution: 0.000, atelectasis__chx: 0.889, cardiomegaly__chx: 0.806, consolidation__chx: 0.593, edema__chx: 0.796, enlarged_cardiomediastinum__chx: 0.000, fracture__chx: 0.009, lung_lesion__chx: 0.389, lung_opacity__chx: 0.537, no_finding__chx: 0.759, pleural_effusion__chx: 0.806, pleural_other__chx: 0.000, pneumonia__chx: 0.417, pneumothorax__chx: 0.000, support_devices__chx: 0.037
  Val threshold stats | median 0.800 | pos-rate@0.50 0.796 | pos-rate@thr 0.502
Epoch 42 | train loss -0.0945 | val loss 0.2378 | time 92.62s
  Train summary: macro-acc 0.478 | macro-F1 0.550 | micro-P 0.298 | micro-R 0.976 | micro-F1 0.457 | macro-PR 1.172 | micro-PR 0.762
  Val summary:   macro-acc 0.320 | macro-F1 0.293 | micro-P 0.167 | micro-R 0.576 | micro-F1 0.259 | macro-PR 0.419 | micro-PR 0.112
  Train accuracy per class:
    Normal: 1.000, CHF: 0.910, pneumonia: 0.982, consolidation: 0.988, enlarged_cardiac_silhouette: 0.802, linear__patchy_atelectasis: 0.958, lobar__segmental_collapse: 0.550, not_otherwise_specified_opacity___pleural__parenchymal_opacity__: 0.956, pleural_effusion_or_thickening: 0.939, pulmonary_edema__hazy_opacity: 0.665, normal_anatomically: 0.992, elevated_hemidiaphragm: 0.008, hyperaeration: 0.939, vascular_redistribution: 0.017, atelectasis__chx: 0.960, cardiomegaly__chx: 0.806, consolidation__chx: 0.768, edema__chx: 0.970, enlarged_cardiomediastinum__chx: 0.418, fracture__chx: 0.004, lung_lesion__chx: 0.026, lung_opacity__chx: 0.798, no_finding__chx: 0.999, pleural_effusion__chx: 0.939, pleural_other__chx: 0.005, pneumonia__chx: 0.988, pneumothorax__chx: 0.000, support_devices__chx: 0.168
  Val accuracy per class:
    Normal: 0.833, CHF: 0.731, pneumonia: 0.676, consolidation: 0.889, enlarged_cardiac_silhouette: 0.815, linear__patchy_atelectasis: 0.843, lobar__segmental_collapse: 0.185, not_otherwise_specified_opacity___pleural__parenchymal_opacity__: 0.593, pleural_effusion_or_thickening: 0.824, pulmonary_edema__hazy_opacity: 0.611, normal_anatomically: 0.806, elevated_hemidiaphragm: 0.000, hyperaeration: 0.713, vascular_redistribution: 0.000, atelectasis__chx: 0.870, cardiomegaly__chx: 0.833, consolidation__chx: 0.444, edema__chx: 0.843, enlarged_cardiomediastinum__chx: 0.102, fracture__chx: 0.009, lung_lesion__chx: 0.046, lung_opacity__chx: 0.509, no_finding__chx: 0.750, pleural_effusion__chx: 0.824, pleural_other__chx: 0.000, pneumonia__chx: 0.417, pneumothorax__chx: 0.000, support_devices__chx: 0.083
  Val threshold stats | median 0.700 | pos-rate@0.50 0.783 | pos-rate@thr 0.514
Epoch 43 | train loss -0.0984 | val loss 0.2263 | time 91.26s
  Train summary: macro-acc 0.484 | macro-F1 0.585 | micro-P 0.333 | micro-R 0.986 | micro-F1 0.498 | macro-PR 1.182 | micro-PR 0.781
  Val summary:   macro-acc 0.324 | macro-F1 0.279 | micro-P 0.173 | micro-R 0.540 | micro-F1 0.262 | macro-PR 0.413 | micro-PR 0.115
  Train accuracy per class:
    Normal: 0.997, CHF: 0.996, pneumonia: 0.999, consolidation: 0.963, enlarged_cardiac_silhouette: 0.979, linear__patchy_atelectasis: 0.964, lobar__segmental_collapse: 0.565, not_otherwise_specified_opacity___pleural__parenchymal_opacity__: 0.792, pleural_effusion_or_thickening: 0.978, pulmonary_edema__hazy_opacity: 0.877, normal_anatomically: 1.000, elevated_hemidiaphragm: 0.008, hyperaeration: 0.918, vascular_redistribution: 0.017, atelectasis__chx: 0.959, cardiomegaly__chx: 0.943, consolidation__chx: 0.827, edema__chx: 0.968, enlarged_cardiomediastinum__chx: 0.430, fracture__chx: 0.004, lung_lesion__chx: 0.698, lung_opacity__chx: 0.819, no_finding__chx: 0.996, pleural_effusion__chx: 0.980, pleural_other__chx: 0.005, pneumonia__chx: 0.987, pneumothorax__chx: 0.000, support_devices__chx: 0.259
  Val accuracy per class:
    Normal: 0.833, CHF: 0.741, pneumonia: 0.667, consolidation: 0.889, enlarged_cardiac_silhouette: 0.861, linear__patchy_atelectasis: 0.833, lobar__segmental_collapse: 0.361, not_otherwise_specified_opacity___pleural__parenchymal_opacity__: 0.556, pleural_effusion_or_thickening: 0.815, pulmonary_edema__hazy_opacity: 0.676, normal_anatomically: 0.806, elevated_hemidiaphragm: 0.000, hyperaeration: 0.565, vascular_redistribution: 0.000, atelectasis__chx: 0.861, cardiomegaly__chx: 0.861, consolidation__chx: 0.676, edema__chx: 0.824, enlarged_cardiomediastinum__chx: 0.019, fracture__chx: 0.009, lung_lesion__chx: 0.546, lung_opacity__chx: 0.500, no_finding__chx: 0.741, pleural_effusion__chx: 0.759, pleural_other__chx: 0.000, pneumonia__chx: 0.778, pneumothorax__chx: 0.000, support_devices__chx: 0.139
  Val threshold stats | median 0.800 | pos-rate@0.50 0.772 | pos-rate@thr 0.465
Epoch 44 | train loss -0.1022 | val loss 0.2312 | time 92.59s
  Train summary: macro-acc 0.487 | macro-F1 0.565 | micro-P 0.315 | micro-R 0.987 | micro-F1 0.478 | macro-PR 1.166 | micro-PR 0.819
  Val summary:   macro-acc 0.324 | macro-F1 0.286 | micro-P 0.166 | micro-R 0.564 | micro-F1 0.256 | macro-PR 0.416 | micro-PR 0.116
  Train accuracy per class:
    Normal: 0.999, CHF: 0.983, pneumonia: 1.000, consolidation: 0.720, enlarged_cardiac_silhouette: 0.982, linear__patchy_atelectasis: 0.976, lobar__segmental_collapse: 0.521, not_otherwise_specified_opacity___pleural__parenchymal_opacity__: 0.976, pleural_effusion_or_thickening: 0.910, pulmonary_edema__hazy_opacity: 0.884, normal_anatomically: 0.989, elevated_hemidiaphragm: 0.008, hyperaeration: 0.926, vascular_redistribution: 0.017, atelectasis__chx: 0.959, cardiomegaly__chx: 0.960, consolidation__chx: 0.805, edema__chx: 0.955, enlarged_cardiomediastinum__chx: 0.478, fracture__chx: 0.004, lung_lesion__chx: 0.303, lung_opacity__chx: 0.726, no_finding__chx: 0.992, pleural_effusion__chx: 0.954, pleural_other__chx: 0.005, pneumonia__chx: 0.985, pneumothorax__chx: 0.000, support_devices__chx: 0.207
  Val accuracy per class:
    Normal: 0.843, CHF: 0.741, pneumonia: 0.593, consolidation: 0.546, enlarged_cardiac_silhouette: 0.852, linear__patchy_atelectasis: 0.815, lobar__segmental_collapse: 0.306, not_otherwise_specified_opacity___pleural__parenchymal_opacity__: 0.593, pleural_effusion_or_thickening: 0.787, pulmonary_edema__hazy_opacity: 0.630, normal_anatomically: 0.796, elevated_hemidiaphragm: 0.000, hyperaeration: 0.713, vascular_redistribution: 0.000, atelectasis__chx: 0.880, cardiomegaly__chx: 0.852, consolidation__chx: 0.657, edema__chx: 0.852, enlarged_cardiomediastinum__chx: 0.194, fracture__chx: 0.009, lung_lesion__chx: 0.157, lung_opacity__chx: 0.500, no_finding__chx: 0.741, pleural_effusion__chx: 0.769, pleural_other__chx: 0.000, pneumonia__chx: 0.435, pneumothorax__chx: 0.000, support_devices__chx: 0.074
  Val threshold stats | median 0.750 | pos-rate@0.50 0.782 | pos-rate@thr 0.507
Epoch 45 | train loss -0.1060 | val loss 0.2437 | time 91.52s
  Train summary: macro-acc 0.493 | macro-F1 0.574 | micro-P 0.308 | micro-R 0.988 | micro-F1 0.469 | macro-PR 1.221 | micro-PR 0.831
  Val summary:   macro-acc 0.330 | macro-F1 0.289 | micro-P 0.162 | micro-R 0.567 | micro-F1 0.252 | macro-PR 0.478 | micro-PR 0.112
  Train accuracy per class:
    Normal: 1.000, CHF: 0.999, pneumonia: 0.992, consolidation: 0.995, enlarged_cardiac_silhouette: 0.946, linear__patchy_atelectasis: 0.987, lobar__segmental_collapse: 0.609, not_otherwise_specified_opacity___pleural__parenchymal_opacity__: 0.929, pleural_effusion_or_thickening: 0.970, pulmonary_edema__hazy_opacity: 0.947, normal_anatomically: 0.999, elevated_hemidiaphragm: 0.008, hyperaeration: 0.040, vascular_redistribution: 0.017, atelectasis__chx: 0.953, cardiomegaly__chx: 0.896, consolidation__chx: 0.799, edema__chx: 0.963, enlarged_cardiomediastinum__chx: 0.491, fracture__chx: 0.004, lung_lesion__chx: 0.313, lung_opacity__chx: 0.854, no_finding__chx: 0.995, pleural_effusion__chx: 0.970, pleural_other__chx: 0.005, pneumonia__chx: 0.987, pneumothorax__chx: 0.000, support_devices__chx: 0.249
  Val accuracy per class:
    Normal: 0.824, CHF: 0.741, pneumonia: 0.657, consolidation: 0.889, enlarged_cardiac_silhouette: 0.861, linear__patchy_atelectasis: 0.787, lobar__segmental_collapse: 0.176, not_otherwise_specified_opacity___pleural__parenchymal_opacity__: 0.556, pleural_effusion_or_thickening: 0.787, pulmonary_edema__hazy_opacity: 0.778, normal_anatomically: 0.815, elevated_hemidiaphragm: 0.000, hyperaeration: 0.102, vascular_redistribution: 0.000, atelectasis__chx: 0.889, cardiomegaly__chx: 0.870, consolidation__chx: 0.454, edema__chx: 0.843, enlarged_cardiomediastinum__chx: 0.019, fracture__chx: 0.009, lung_lesion__chx: 0.056, lung_opacity__chx: 0.481, no_finding__chx: 0.769, pleural_effusion__chx: 0.796, pleural_other__chx: 0.000, pneumonia__chx: 0.704, pneumothorax__chx: 0.000, support_devices__chx: 0.148
  Val threshold stats | median 0.750 | pos-rate@0.50 0.762 | pos-rate@thr 0.520
Epoch 46 | train loss -0.1092 | val loss 0.4055 | time 92.88s
  Train summary: macro-acc 0.499 | macro-F1 0.570 | micro-P 0.305 | micro-R 0.990 | micro-F1 0.467 | macro-PR 1.210 | micro-PR 0.843
  Val summary:   macro-acc 0.337 | macro-F1 0.284 | micro-P 0.169 | micro-R 0.640 | micro-F1 0.267 | macro-PR 0.428 | micro-PR 0.114
  Train accuracy per class:
    Normal: 0.999, CHF: 0.943, pneumonia: 1.000, consolidation: 0.988, enlarged_cardiac_silhouette: 0.921, linear__patchy_atelectasis: 0.984, lobar__segmental_collapse: 0.598, not_otherwise_specified_opacity___pleural__parenchymal_opacity__: 0.927, pleural_effusion_or_thickening: 0.942, pulmonary_edema__hazy_opacity: 0.838, normal_anatomically: 1.000, elevated_hemidiaphragm: 0.008, hyperaeration: 0.930, vascular_redistribution: 0.017, atelectasis__chx: 0.964, cardiomegaly__chx: 0.889, consolidation__chx: 0.034, edema__chx: 0.958, enlarged_cardiomediastinum__chx: 0.501, fracture__chx: 0.004, lung_lesion__chx: 0.321, lung_opacity__chx: 0.832, no_finding__chx: 0.982, pleural_effusion__chx: 0.978, pleural_other__chx: 0.005, pneumonia__chx: 0.995, pneumothorax__chx: 0.000, support_devices__chx: 0.251
  Val accuracy per class:
    Normal: 0.843, CHF: 0.713, pneumonia: 0.324, consolidation: 0.861, enlarged_cardiac_silhouette: 0.852, linear__patchy_atelectasis: 0.796, lobar__segmental_collapse: 0.343, not_otherwise_specified_opacity___pleural__parenchymal_opacity__: 0.574, pleural_effusion_or_thickening: 0.759, pulmonary_edema__hazy_opacity: 0.593, normal_anatomically: 0.787, elevated_hemidiaphragm: 0.000, hyperaeration: 0.537, vascular_redistribution: 0.000, atelectasis__chx: 0.880, cardiomegaly__chx: 0.870, consolidation__chx: 0.028, edema__chx: 0.833, enlarged_cardiomediastinum__chx: 0.315, fracture__chx: 0.009, lung_lesion__chx: 0.056, lung_opacity__chx: 0.509, no_finding__chx: 0.722, pleural_effusion__chx: 0.778, pleural_other__chx: 0.000, pneumonia__chx: 0.231, pneumothorax__chx: 0.000, support_devices__chx: 0.157
  Val threshold stats | median 0.650 | pos-rate@0.50 0.759 | pos-rate@thr 0.564
Epoch 47 | train loss -0.1129 | val loss 0.2713 | time 92.14s
  Train summary: macro-acc 0.499 | macro-F1 0.600 | micro-P 0.340 | micro-R 0.990 | micro-F1 0.506 | macro-PR 1.209 | micro-PR 0.877
  Val summary:   macro-acc 0.324 | macro-F1 0.274 | micro-P 0.170 | micro-R 0.538 | micro-F1 0.259 | macro-PR 0.412 | micro-PR 0.118
  Train accuracy per class:
    Normal: 1.000, CHF: 0.999, pneumonia: 1.000, consolidation: 0.887, enlarged_cardiac_silhouette: 0.988, linear__patchy_atelectasis: 0.972, lobar__segmental_collapse: 0.561, not_otherwise_specified_opacity___pleural__parenchymal_opacity__: 0.991, pleural_effusion_or_thickening: 0.963, pulmonary_edema__hazy_opacity: 0.958, normal_anatomically: 0.999, elevated_hemidiaphragm: 0.008, hyperaeration: 0.939, vascular_redistribution: 0.017, atelectasis__chx: 0.963, cardiomegaly__chx: 0.933, consolidation__chx: 0.839, edema__chx: 0.971, enlarged_cardiomediastinum__chx: 0.521, fracture__chx: 0.036, lung_lesion__chx: 0.344, lung_opacity__chx: 0.958, no_finding__chx: 0.995, pleural_effusion__chx: 0.987, pleural_other__chx: 0.005, pneumonia__chx: 0.983, pneumothorax__chx: 0.000, support_devices__chx: 0.319
  Val accuracy per class:
    Normal: 0.833, CHF: 0.750, pneumonia: 0.630, consolidation: 0.676, enlarged_cardiac_silhouette: 0.824, linear__patchy_atelectasis: 0.759, lobar__segmental_collapse: 0.287, not_otherwise_specified_opacity___pleural__parenchymal_opacity__: 0.593, pleural_effusion_or_thickening: 0.824, pulmonary_edema__hazy_opacity: 0.722, normal_anatomically: 0.815, elevated_hemidiaphragm: 0.000, hyperaeration: 0.676, vascular_redistribution: 0.000, atelectasis__chx: 0.898, cardiomegaly__chx: 0.833, consolidation__chx: 0.815, edema__chx: 0.833, enlarged_cardiomediastinum__chx: 0.009, fracture__chx: 0.019, lung_lesion__chx: 0.148, lung_opacity__chx: 0.519, no_finding__chx: 0.759, pleural_effusion__chx: 0.806, pleural_other__chx: 0.000, pneumonia__chx: 0.815, pneumothorax__chx: 0.000, support_devices__chx: 0.306
  Val threshold stats | median 0.800 | pos-rate@0.50 0.771 | pos-rate@thr 0.470
Epoch 48 | train loss -0.1156 | val loss 0.2485 | time 92.29s
  Train summary: macro-acc 0.503 | macro-F1 0.567 | micro-P 0.325 | micro-R 0.986 | micro-F1 0.489 | macro-PR 1.193 | micro-PR 0.926
  Val summary:   macro-acc 0.330 | macro-F1 0.290 | micro-P 0.175 | micro-R 0.564 | micro-F1 0.267 | macro-PR 0.416 | micro-PR 0.128
  Train accuracy per class:
    Normal: 0.997, CHF: 0.991, pneumonia: 1.000, consolidation: 0.785, enlarged_cardiac_silhouette: 0.959, linear__patchy_atelectasis: 0.989, lobar__segmental_collapse: 0.641, not_otherwise_specified_opacity___pleural__parenchymal_opacity__: 0.900, pleural_effusion_or_thickening: 0.904, pulmonary_edema__hazy_opacity: 0.896, normal_anatomically: 0.989, elevated_hemidiaphragm: 0.008, hyperaeration: 0.929, vascular_redistribution: 0.017, atelectasis__chx: 0.964, cardiomegaly__chx: 0.930, consolidation__chx: 0.819, edema__chx: 0.963, enlarged_cardiomediastinum__chx: 0.544, fracture__chx: 0.146, lung_lesion__chx: 0.351, lung_opacity__chx: 0.666, no_finding__chx: 0.979, pleural_effusion__chx: 0.989, pleural_other__chx: 0.005, pneumonia__chx: 0.995, pneumothorax__chx: 0.000, support_devices__chx: 0.273
  Val accuracy per class:
    Normal: 0.824, CHF: 0.759, pneumonia: 0.602, consolidation: 0.556, enlarged_cardiac_silhouette: 0.852, linear__patchy_atelectasis: 0.815, lobar__segmental_collapse: 0.380, not_otherwise_specified_opacity___pleural__parenchymal_opacity__: 0.602, pleural_effusion_or_thickening: 0.824, pulmonary_edema__hazy_opacity: 0.750, normal_anatomically: 0.769, elevated_hemidiaphragm: 0.000, hyperaeration: 0.750, vascular_redistribution: 0.000, atelectasis__chx: 0.898, cardiomegaly__chx: 0.870, consolidation__chx: 0.796, edema__chx: 0.833, enlarged_cardiomediastinum__chx: 0.556, fracture__chx: 0.019, lung_lesion__chx: 0.083, lung_opacity__chx: 0.491, no_finding__chx: 0.769, pleural_effusion__chx: 0.824, pleural_other__chx: 0.000, pneumonia__chx: 0.352, pneumothorax__chx: 0.000, support_devices__chx: 0.102
  Val threshold stats | median 0.800 | pos-rate@0.50 0.770 | pos-rate@thr 0.481
Epoch 49 | train loss -0.1180 | val loss 0.2511 | time 94.87s
  Train summary: macro-acc 0.507 | macro-F1 0.592 | micro-P 0.363 | micro-R 0.991 | micro-F1 0.531 | macro-PR 1.209 | micro-PR 0.940
  Val summary:   macro-acc 0.342 | macro-F1 0.280 | micro-P 0.170 | micro-R 0.547 | micro-F1 0.260 | macro-PR 0.406 | micro-PR 0.116
  Train accuracy per class:
    Normal: 1.000, CHF: 0.995, pneumonia: 0.999, consolidation: 0.906, enlarged_cardiac_silhouette: 0.958, linear__patchy_atelectasis: 0.987, lobar__segmental_collapse: 0.607, not_otherwise_specified_opacity___pleural__parenchymal_opacity__: 0.955, pleural_effusion_or_thickening: 0.972, pulmonary_edema__hazy_opacity: 0.913, normal_anatomically: 0.995, elevated_hemidiaphragm: 0.008, hyperaeration: 0.941, vascular_redistribution: 0.017, atelectasis__chx: 0.960, cardiomegaly__chx: 0.938, consolidation__chx: 0.839, edema__chx: 0.962, enlarged_cardiomediastinum__chx: 0.575, fracture__chx: 0.497, lung_lesion__chx: 0.718, lung_opacity__chx: 0.838, no_finding__chx: 0.999, pleural_effusion__chx: 0.985, pleural_other__chx: 0.005, pneumonia__chx: 0.983, pneumothorax__chx: 0.000, support_devices__chx: 0.334
  Val accuracy per class:
    Normal: 0.833, CHF: 0.704, pneumonia: 0.556, consolidation: 0.639, enlarged_cardiac_silhouette: 0.843, linear__patchy_atelectasis: 0.750, lobar__segmental_collapse: 0.167, not_otherwise_specified_opacity___pleural__parenchymal_opacity__: 0.583, pleural_effusion_or_thickening: 0.824, pulmonary_edema__hazy_opacity: 0.657, normal_anatomically: 0.833, elevated_hemidiaphragm: 0.000, hyperaeration: 0.676, vascular_redistribution: 0.000, atelectasis__chx: 0.889, cardiomegaly__chx: 0.861, consolidation__chx: 0.537, edema__chx: 0.824, enlarged_cardiomediastinum__chx: 0.148, fracture__chx: 0.028, lung_lesion__chx: 0.574, lung_opacity__chx: 0.491, no_finding__chx: 0.769, pleural_effusion__chx: 0.833, pleural_other__chx: 0.000, pneumonia__chx: 0.713, pneumothorax__chx: 0.000, support_devices__chx: 0.287
  Val threshold stats | median 0.800 | pos-rate@0.50 0.751 | pos-rate@thr 0.478
Epoch 50 | train loss -0.1200 | val loss 0.2747 | time 92.63s
  Train summary: macro-acc 0.509 | macro-F1 0.589 | micro-P 0.337 | micro-R 0.993 | micro-F1 0.503 | macro-PR 1.208 | micro-PR 0.951
  Val summary:   macro-acc 0.358 | macro-F1 0.290 | micro-P 0.169 | micro-R 0.584 | micro-F1 0.262 | macro-PR 0.420 | micro-PR 0.117
  Train accuracy per class:
    Normal: 0.999, CHF: 0.921, pneumonia: 1.000, consolidation: 0.979, enlarged_cardiac_silhouette: 0.921, linear__patchy_atelectasis: 0.988, lobar__segmental_collapse: 0.620, not_otherwise_specified_opacity___pleural__parenchymal_opacity__: 0.947, pleural_effusion_or_thickening: 0.971, pulmonary_edema__hazy_opacity: 0.884, normal_anatomically: 1.000, elevated_hemidiaphragm: 0.008, hyperaeration: 0.947, vascular_redistribution: 0.017, atelectasis__chx: 0.959, cardiomegaly__chx: 0.851, consolidation__chx: 0.855, edema__chx: 0.962, enlarged_cardiomediastinum__chx: 0.611, fracture__chx: 0.343, lung_lesion__chx: 0.026, lung_opacity__chx: 0.954, no_finding__chx: 0.999, pleural_effusion__chx: 0.987, pleural_other__chx: 0.005, pneumonia__chx: 0.983, pneumothorax__chx: 0.000, support_devices__chx: 0.296
  Val accuracy per class:
    Normal: 0.833, CHF: 0.750, pneumonia: 0.324, consolidation: 0.713, enlarged_cardiac_silhouette: 0.861, linear__patchy_atelectasis: 0.750, lobar__segmental_collapse: 0.333, not_otherwise_specified_opacity___pleural__parenchymal_opacity__: 0.574, pleural_effusion_or_thickening: 0.796, pulmonary_edema__hazy_opacity: 0.759, normal_anatomically: 0.815, elevated_hemidiaphragm: 0.000, hyperaeration: 0.500, vascular_redistribution: 0.000, atelectasis__chx: 0.889, cardiomegaly__chx: 0.889, consolidation__chx: 0.611, edema__chx: 0.833, enlarged_cardiomediastinum__chx: 0.194, fracture__chx: 0.019, lung_lesion__chx: 0.046, lung_opacity__chx: 0.546, no_finding__chx: 0.759, pleural_effusion__chx: 0.796, pleural_other__chx: 0.000, pneumonia__chx: 0.537, pneumothorax__chx: 0.000, support_devices__chx: 0.185
  Val threshold stats | median 0.750 | pos-rate@0.50 0.725 | pos-rate@thr 0.514
Epoch 51 | train loss -0.1229 | val loss 0.2769 | time 92.51s
  Train summary: macro-acc 0.516 | macro-F1 0.584 | micro-P 0.337 | micro-R 0.991 | micro-F1 0.503 | macro-PR 1.227 | micro-PR 0.963
  Val summary:   macro-acc 0.355 | macro-F1 0.276 | micro-P 0.173 | micro-R 0.540 | micro-F1 0.262 | macro-PR 0.444 | micro-PR 0.130
  Train accuracy per class:
    Normal: 0.999, CHF: 0.989, pneumonia: 0.801, consolidation: 0.908, enlarged_cardiac_silhouette: 0.995, linear__patchy_atelectasis: 0.979, lobar__segmental_collapse: 0.689, not_otherwise_specified_opacity___pleural__parenchymal_opacity__: 0.799, pleural_effusion_or_thickening: 0.976, pulmonary_edema__hazy_opacity: 0.959, normal_anatomically: 1.000, elevated_hemidiaphragm: 0.008, hyperaeration: 0.917, vascular_redistribution: 0.017, atelectasis__chx: 0.960, cardiomegaly__chx: 0.953, consolidation__chx: 0.913, edema__chx: 0.962, enlarged_cardiomediastinum__chx: 0.631, fracture__chx: 0.296, lung_lesion__chx: 0.026, lung_opacity__chx: 0.797, no_finding__chx: 0.993, pleural_effusion__chx: 0.989, pleural_other__chx: 0.005, pneumonia__chx: 0.985, pneumothorax__chx: 0.000, support_devices__chx: 0.480
  Val accuracy per class:
    Normal: 0.843, CHF: 0.657, pneumonia: 0.361, consolidation: 0.796, enlarged_cardiac_silhouette: 0.852, linear__patchy_atelectasis: 0.676, lobar__segmental_collapse: 0.519, not_otherwise_specified_opacity___pleural__parenchymal_opacity__: 0.537, pleural_effusion_or_thickening: 0.833, pulmonary_edema__hazy_opacity: 0.676, normal_anatomically: 0.815, elevated_hemidiaphragm: 0.000, hyperaeration: 0.731, vascular_redistribution: 0.000, atelectasis__chx: 0.898, cardiomegaly__chx: 0.852, consolidation__chx: 0.926, edema__chx: 0.833, enlarged_cardiomediastinum__chx: 0.296, fracture__chx: 0.074, lung_lesion__chx: 0.046, lung_opacity__chx: 0.556, no_finding__chx: 0.722, pleural_effusion__chx: 0.815, pleural_other__chx: 0.000, pneumonia__chx: 0.806, pneumothorax__chx: 0.000, support_devices__chx: 0.231
  Val threshold stats | median 0.700 | pos-rate@0.50 0.727 | pos-rate@thr 0.464
Epoch 52 | train loss -0.1247 | val loss 0.7632 | time 93.84s
  Train summary: macro-acc 0.517 | macro-F1 0.611 | micro-P 0.356 | micro-R 0.992 | micro-F1 0.524 | macro-PR 1.234 | micro-PR 0.974
  Val summary:   macro-acc 0.364 | macro-F1 0.288 | micro-P 0.183 | micro-R 0.618 | micro-F1 0.283 | macro-PR 0.427 | micro-PR 0.119
  Train accuracy per class:
    Normal: 1.000, CHF: 0.939, pneumonia: 1.000, consolidation: 0.995, enlarged_cardiac_silhouette: 0.988, linear__patchy_atelectasis: 0.989, lobar__segmental_collapse: 0.668, not_otherwise_specified_opacity___pleural__parenchymal_opacity__: 0.976, pleural_effusion_or_thickening: 0.980, pulmonary_edema__hazy_opacity: 0.920, normal_anatomically: 1.000, elevated_hemidiaphragm: 0.008, hyperaeration: 0.955, vascular_redistribution: 0.017, atelectasis__chx: 0.958, cardiomegaly__chx: 0.949, consolidation__chx: 0.909, edema__chx: 0.966, enlarged_cardiomediastinum__chx: 0.633, fracture__chx: 0.458, lung_lesion__chx: 0.026, lung_opacity__chx: 0.850, no_finding__chx: 0.999, pleural_effusion__chx: 0.992, pleural_other__chx: 0.005, pneumonia__chx: 0.985, pneumothorax__chx: 0.000, support_devices__chx: 0.518
  Val accuracy per class:
    Normal: 0.843, CHF: 0.722, pneumonia: 0.380, consolidation: 0.824, enlarged_cardiac_silhouette: 0.852, linear__patchy_atelectasis: 0.824, lobar__segmental_collapse: 0.389, not_otherwise_specified_opacity___pleural__parenchymal_opacity__: 0.574, pleural_effusion_or_thickening: 0.713, pulmonary_edema__hazy_opacity: 0.722, normal_anatomically: 0.806, elevated_hemidiaphragm: 0.000, hyperaeration: 0.546, vascular_redistribution: 0.000, atelectasis__chx: 0.880, cardiomegaly__chx: 0.880, consolidation__chx: 0.759, edema__chx: 0.824, enlarged_cardiomediastinum__chx: 0.769, fracture__chx: 0.074, lung_lesion__chx: 0.046, lung_opacity__chx: 0.519, no_finding__chx: 0.759, pleural_effusion__chx: 0.815, pleural_other__chx: 0.000, pneumonia__chx: 0.185, pneumothorax__chx: 0.000, support_devices__chx: 0.241
  Val threshold stats | median 0.800 | pos-rate@0.50 0.726 | pos-rate@thr 0.501
Epoch 53 | train loss -0.1268 | val loss 0.2515 | time 90.66s
  Train summary: macro-acc 0.521 | macro-F1 0.609 | micro-P 0.354 | micro-R 0.994 | micro-F1 0.522 | macro-PR 1.216 | micro-PR 0.992
  Val summary:   macro-acc 0.352 | macro-F1 0.270 | micro-P 0.173 | micro-R 0.520 | micro-F1 0.260 | macro-PR 0.455 | micro-PR 0.121
  Train accuracy per class:
    Normal: 1.000, CHF: 0.999, pneumonia: 1.000, consolidation: 0.993, enlarged_cardiac_silhouette: 0.999, linear__patchy_atelectasis: 0.992, lobar__segmental_collapse: 0.712, not_otherwise_specified_opacity___pleural__parenchymal_opacity__: 0.972, pleural_effusion_or_thickening: 0.983, pulmonary_edema__hazy_opacity: 0.834, normal_anatomically: 0.999, elevated_hemidiaphragm: 0.008, hyperaeration: 0.963, vascular_redistribution: 0.017, atelectasis__chx: 0.954, cardiomegaly__chx: 0.988, consolidation__chx: 0.873, edema__chx: 0.960, enlarged_cardiomediastinum__chx: 0.660, fracture__chx: 0.460, lung_lesion__chx: 0.026, lung_opacity__chx: 0.782, no_finding__chx: 1.000, pleural_effusion__chx: 0.989, pleural_other__chx: 0.005, pneumonia__chx: 0.980, pneumothorax__chx: 0.000, support_devices__chx: 0.449
  Val accuracy per class:
    Normal: 0.843, CHF: 0.685, pneumonia: 0.630, consolidation: 0.889, enlarged_cardiac_silhouette: 0.833, linear__patchy_atelectasis: 0.833, lobar__segmental_collapse: 0.565, not_otherwise_specified_opacity___pleural__parenchymal_opacity__: 0.602, pleural_effusion_or_thickening: 0.815, pulmonary_edema__hazy_opacity: 0.602, normal_anatomically: 0.796, elevated_hemidiaphragm: 0.000, hyperaeration: 0.648, vascular_redistribution: 0.000, atelectasis__chx: 0.870, cardiomegaly__chx: 0.870, consolidation__chx: 0.880, edema__chx: 0.861, enlarged_cardiomediastinum__chx: 0.593, fracture__chx: 0.074, lung_lesion__chx: 0.046, lung_opacity__chx: 0.519, no_finding__chx: 0.731, pleural_effusion__chx: 0.824, pleural_other__chx: 0.000, pneumonia__chx: 0.472, pneumothorax__chx: 0.000, support_devices__chx: 0.176
  Val threshold stats | median 0.750 | pos-rate@0.50 0.746 | pos-rate@thr 0.447
Epoch 54 | train loss -0.1281 | val loss 0.2782 | time 92.60s
  Train summary: macro-acc 0.524 | macro-F1 0.613 | micro-P 0.398 | micro-R 0.996 | micro-F1 0.568 | macro-PR 1.232 | micro-PR 1.013
  Val summary:   macro-acc 0.359 | macro-F1 0.279 | micro-P 0.188 | micro-R 0.460 | micro-F1 0.267 | macro-PR 0.430 | micro-PR 0.130
  Train accuracy per class:
    Normal: 1.000, CHF: 0.929, pneumonia: 0.996, consolidation: 0.996, enlarged_cardiac_silhouette: 0.996, linear__patchy_atelectasis: 0.983, lobar__segmental_collapse: 0.646, not_otherwise_specified_opacity___pleural__parenchymal_opacity__: 0.996, pleural_effusion_or_thickening: 0.923, pulmonary_edema__hazy_opacity: 0.909, normal_anatomically: 1.000, elevated_hemidiaphragm: 0.008, hyperaeration: 0.945, vascular_redistribution: 0.017, atelectasis__chx: 0.960, cardiomegaly__chx: 0.865, consolidation__chx: 0.914, edema__chx: 0.964, enlarged_cardiomediastinum__chx: 0.672, fracture__chx: 0.604, lung_lesion__chx: 0.748, lung_opacity__chx: 0.993, no_finding__chx: 0.999, pleural_effusion__chx: 0.991, pleural_other__chx: 0.005, pneumonia__chx: 0.987, pneumothorax__chx: 0.000, support_devices__chx: 0.801
  Val accuracy per class:
    Normal: 0.833, CHF: 0.713, pneumonia: 0.667, consolidation: 0.907, enlarged_cardiac_silhouette: 0.852, linear__patchy_atelectasis: 0.787, lobar__segmental_collapse: 0.417, not_otherwise_specified_opacity___pleural__parenchymal_opacity__: 0.639, pleural_effusion_or_thickening: 0.815, pulmonary_edema__hazy_opacity: 0.676, normal_anatomically: 0.806, elevated_hemidiaphragm: 0.000, hyperaeration: 0.806, vascular_redistribution: 0.000, atelectasis__chx: 0.898, cardiomegaly__chx: 0.898, consolidation__chx: 0.843, edema__chx: 0.833, enlarged_cardiomediastinum__chx: 0.343, fracture__chx: 0.278, lung_lesion__chx: 0.630, lung_opacity__chx: 0.630, no_finding__chx: 0.741, pleural_effusion__chx: 0.833, pleural_other__chx: 0.000, pneumonia__chx: 0.759, pneumothorax__chx: 0.000, support_devices__chx: 0.889
  Val threshold stats | median 0.850 | pos-rate@0.50 0.731 | pos-rate@thr 0.363
Epoch 55 | train loss -0.1296 | val loss 0.2640 | time 93.06s
  Train summary: macro-acc 0.530 | macro-F1 0.606 | micro-P 0.382 | micro-R 0.996 | micro-F1 0.553 | macro-PR 1.234 | micro-PR 1.011
  Val summary:   macro-acc 0.371 | macro-F1 0.291 | micro-P 0.185 | micro-R 0.547 | micro-F1 0.276 | macro-PR 0.436 | micro-PR 0.128
  Train accuracy per class:
    Normal: 1.000, CHF: 0.996, pneumonia: 0.997, consolidation: 0.982, enlarged_cardiac_silhouette: 0.997, linear__patchy_atelectasis: 0.980, lobar__segmental_collapse: 0.607, not_otherwise_specified_opacity___pleural__parenchymal_opacity__: 0.988, pleural_effusion_or_thickening: 0.974, pulmonary_edema__hazy_opacity: 0.790, normal_anatomically: 0.996, elevated_hemidiaphragm: 0.008, hyperaeration: 0.963, vascular_redistribution: 0.017, atelectasis__chx: 0.953, cardiomegaly__chx: 0.955, consolidation__chx: 0.884, edema__chx: 0.964, enlarged_cardiomediastinum__chx: 0.679, fracture__chx: 0.719, lung_lesion__chx: 0.321, lung_opacity__chx: 0.832, no_finding__chx: 0.999, pleural_effusion__chx: 0.989, pleural_other__chx: 0.005, pneumonia__chx: 0.983, pneumothorax__chx: 0.000, support_devices__chx: 0.864
  Val accuracy per class:
    Normal: 0.824, CHF: 0.713, pneumonia: 0.620, consolidation: 0.759, enlarged_cardiac_silhouette: 0.843, linear__patchy_atelectasis: 0.852, lobar__segmental_collapse: 0.398, not_otherwise_specified_opacity___pleural__parenchymal_opacity__: 0.593, pleural_effusion_or_thickening: 0.824, pulmonary_edema__hazy_opacity: 0.602, normal_anatomically: 0.815, elevated_hemidiaphragm: 0.000, hyperaeration: 0.583, vascular_redistribution: 0.000, atelectasis__chx: 0.898, cardiomegaly__chx: 0.870, consolidation__chx: 0.926, edema__chx: 0.815, enlarged_cardiomediastinum__chx: 0.435, fracture__chx: 0.259, lung_lesion__chx: 0.065, lung_opacity__chx: 0.472, no_finding__chx: 0.759, pleural_effusion__chx: 0.824, pleural_other__chx: 0.000, pneumonia__chx: 0.463, pneumothorax__chx: 0.000, support_devices__chx: 0.852
  Val threshold stats | median 0.800 | pos-rate@0.50 0.730 | pos-rate@thr 0.440
Epoch 56 | train loss -0.1314 | val loss 0.3130 | time 92.28s
  Train summary: macro-acc 0.531 | macro-F1 0.605 | micro-P 0.377 | micro-R 0.990 | micro-F1 0.546 | macro-PR 1.239 | micro-PR 1.019
  Val summary:   macro-acc 0.372 | macro-F1 0.268 | micro-P 0.173 | micro-R 0.476 | micro-F1 0.254 | macro-PR 0.411 | micro-PR 0.142
  Train accuracy per class:
    Normal: 1.000, CHF: 0.995, pneumonia: 1.000, consolidation: 0.984, enlarged_cardiac_silhouette: 0.942, linear__patchy_atelectasis: 1.000, lobar__segmental_collapse: 0.743, not_otherwise_specified_opacity___pleural__parenchymal_opacity__: 0.968, pleural_effusion_or_thickening: 0.968, pulmonary_edema__hazy_opacity: 0.766, normal_anatomically: 1.000, elevated_hemidiaphragm: 0.008, hyperaeration: 0.954, vascular_redistribution: 0.017, atelectasis__chx: 0.953, cardiomegaly__chx: 0.914, consolidation__chx: 0.929, edema__chx: 0.960, enlarged_cardiomediastinum__chx: 0.681, fracture__chx: 0.794, lung_lesion__chx: 0.026, lung_opacity__chx: 0.926, no_finding__chx: 1.000, pleural_effusion__chx: 0.989, pleural_other__chx: 0.005, pneumonia__chx: 0.983, pneumothorax__chx: 0.000, support_devices__chx: 0.801
  Val accuracy per class:
    Normal: 0.843, CHF: 0.741, pneumonia: 0.546, consolidation: 0.852, enlarged_cardiac_silhouette: 0.852, linear__patchy_atelectasis: 0.833, lobar__segmental_collapse: 0.519, not_otherwise_specified_opacity___pleural__parenchymal_opacity__: 0.620, pleural_effusion_or_thickening: 0.843, pulmonary_edema__hazy_opacity: 0.694, normal_anatomically: 0.806, elevated_hemidiaphragm: 0.000, hyperaeration: 0.565, vascular_redistribution: 0.000, atelectasis__chx: 0.898, cardiomegaly__chx: 0.861, consolidation__chx: 0.907, edema__chx: 0.843, enlarged_cardiomediastinum__chx: 0.185, fracture__chx: 0.157, lung_lesion__chx: 0.046, lung_opacity__chx: 0.435, no_finding__chx: 0.750, pleural_effusion__chx: 0.833, pleural_other__chx: 0.000, pneumonia__chx: 0.815, pneumothorax__chx: 0.000, support_devices__chx: 0.898
  Val threshold stats | median 0.700 | pos-rate@0.50 0.702 | pos-rate@thr 0.409
Epoch 57 | train loss -0.1327 | val loss 0.3275 | time 94.23s
  Train summary: macro-acc 0.533 | macro-F1 0.608 | micro-P 0.385 | micro-R 0.995 | micro-F1 0.555 | macro-PR 1.246 | micro-PR 1.022
  Val summary:   macro-acc 0.357 | macro-F1 0.271 | micro-P 0.173 | micro-R 0.547 | micro-F1 0.263 | macro-PR 0.405 | micro-PR 0.129
  Train accuracy per class:
    Normal: 1.000, CHF: 0.949, pneumonia: 1.000, consolidation: 0.999, enlarged_cardiac_silhouette: 0.993, linear__patchy_atelectasis: 0.995, lobar__segmental_collapse: 0.674, not_otherwise_specified_opacity___pleural__parenchymal_opacity__: 0.996, pleural_effusion_or_thickening: 0.989, pulmonary_edema__hazy_opacity: 0.847, normal_anatomically: 1.000, elevated_hemidiaphragm: 0.008, hyperaeration: 0.966, vascular_redistribution: 0.017, atelectasis__chx: 0.951, cardiomegaly__chx: 0.909, consolidation__chx: 0.728, edema__chx: 0.963, enlarged_cardiomediastinum__chx: 0.687, fracture__chx: 0.681, lung_lesion__chx: 0.450, lung_opacity__chx: 0.984, no_finding__chx: 0.999, pleural_effusion__chx: 0.987, pleural_other__chx: 0.005, pneumonia__chx: 0.978, pneumothorax__chx: 0.000, support_devices__chx: 0.760
  Val accuracy per class:
    Normal: 0.824, CHF: 0.759, pneumonia: 0.324, consolidation: 0.861, enlarged_cardiac_silhouette: 0.833, linear__patchy_atelectasis: 0.769, lobar__segmental_collapse: 0.361, not_otherwise_specified_opacity___pleural__parenchymal_opacity__: 0.602, pleural_effusion_or_thickening: 0.843, pulmonary_edema__hazy_opacity: 0.611, normal_anatomically: 0.815, elevated_hemidiaphragm: 0.000, hyperaeration: 0.602, vascular_redistribution: 0.000, atelectasis__chx: 0.898, cardiomegaly__chx: 0.843, consolidation__chx: 0.648, edema__chx: 0.815, enlarged_cardiomediastinum__chx: 0.565, fracture__chx: 0.093, lung_lesion__chx: 0.065, lung_opacity__chx: 0.472, no_finding__chx: 0.750, pleural_effusion__chx: 0.806, pleural_other__chx: 0.000, pneumonia__chx: 0.269, pneumothorax__chx: 0.000, support_devices__chx: 0.824
  Val threshold stats | median 0.800 | pos-rate@0.50 0.730 | pos-rate@thr 0.469
Epoch 58 | train loss -0.1341 | val loss 0.2583 | time 91.23s
  Train summary: macro-acc 0.538 | macro-F1 0.633 | micro-P 0.418 | micro-R 0.996 | micro-F1 0.589 | macro-PR 1.248 | micro-PR 1.021
  Val summary:   macro-acc 0.362 | macro-F1 0.272 | micro-P 0.185 | micro-R 0.473 | micro-F1 0.266 | macro-PR 0.427 | micro-PR 0.122
  Train accuracy per class:
    Normal: 1.000, CHF: 0.997, pneumonia: 1.000, consolidation: 0.984, enlarged_cardiac_silhouette: 0.992, linear__patchy_atelectasis: 0.996, lobar__segmental_collapse: 0.664, not_otherwise_specified_opacity___pleural__parenchymal_opacity__: 0.993, pleural_effusion_or_thickening: 0.995, pulmonary_edema__hazy_opacity: 0.975, normal_anatomically: 1.000, elevated_hemidiaphragm: 0.008, hyperaeration: 0.960, vascular_redistribution: 0.017, atelectasis__chx: 0.953, cardiomegaly__chx: 0.958, consolidation__chx: 0.921, edema__chx: 0.960, enlarged_cardiomediastinum__chx: 0.698, fracture__chx: 0.748, lung_lesion__chx: 0.840, lung_opacity__chx: 0.885, no_finding__chx: 0.997, pleural_effusion__chx: 0.989, pleural_other__chx: 0.005, pneumonia__chx: 0.992, pneumothorax__chx: 0.000, support_devices__chx: 0.809
  Val accuracy per class:
    Normal: 0.843, CHF: 0.704, pneumonia: 0.593, consolidation: 0.870, enlarged_cardiac_silhouette: 0.824, linear__patchy_atelectasis: 0.833, lobar__segmental_collapse: 0.333, not_otherwise_specified_opacity___pleural__parenchymal_opacity__: 0.583, pleural_effusion_or_thickening: 0.824, pulmonary_edema__hazy_opacity: 0.713, normal_anatomically: 0.815, elevated_hemidiaphragm: 0.000, hyperaeration: 0.750, vascular_redistribution: 0.000, atelectasis__chx: 0.880, cardiomegaly__chx: 0.870, consolidation__chx: 0.880, edema__chx: 0.815, enlarged_cardiomediastinum__chx: 0.361, fracture__chx: 0.241, lung_lesion__chx: 0.722, lung_opacity__chx: 0.481, no_finding__chx: 0.750, pleural_effusion__chx: 0.824, pleural_other__chx: 0.000, pneumonia__chx: 0.796, pneumothorax__chx: 0.000, support_devices__chx: 0.806
  Val threshold stats | median 0.800 | pos-rate@0.50 0.720 | pos-rate@thr 0.381
Epoch 59 | train loss -0.1356 | val loss 0.2591 | time 94.21s
  Train summary: macro-acc 0.539 | macro-F1 0.625 | micro-P 0.396 | micro-R 0.995 | micro-F1 0.567 | macro-PR 1.242 | micro-PR 1.034
  Val summary:   macro-acc 0.352 | macro-F1 0.294 | micro-P 0.188 | micro-R 0.567 | micro-F1 0.282 | macro-PR 0.421 | micro-PR 0.119
  Train accuracy per class:
    Normal: 1.000, CHF: 0.997, pneumonia: 0.997, consolidation: 1.000, enlarged_cardiac_silhouette: 0.988, linear__patchy_atelectasis: 0.996, lobar__segmental_collapse: 0.683, not_otherwise_specified_opacity___pleural__parenchymal_opacity__: 0.995, pleural_effusion_or_thickening: 0.989, pulmonary_edema__hazy_opacity: 0.910, normal_anatomically: 1.000, elevated_hemidiaphragm: 0.008, hyperaeration: 0.975, vascular_redistribution: 0.017, atelectasis__chx: 0.942, cardiomegaly__chx: 0.931, consolidation__chx: 0.945, edema__chx: 0.970, enlarged_cardiomediastinum__chx: 0.698, fracture__chx: 0.826, lung_lesion__chx: 0.298, lung_opacity__chx: 0.867, no_finding__chx: 0.995, pleural_effusion__chx: 0.988, pleural_other__chx: 0.005, pneumonia__chx: 0.982, pneumothorax__chx: 0.000, support_devices__chx: 0.815
  Val accuracy per class:
    Normal: 0.824, CHF: 0.731, pneumonia: 0.602, consolidation: 0.907, enlarged_cardiac_silhouette: 0.852, linear__patchy_atelectasis: 0.787, lobar__segmental_collapse: 0.472, not_otherwise_specified_opacity___pleural__parenchymal_opacity__: 0.602, pleural_effusion_or_thickening: 0.806, pulmonary_edema__hazy_opacity: 0.500, normal_anatomically: 0.796, elevated_hemidiaphragm: 0.000, hyperaeration: 0.639, vascular_redistribution: 0.000, atelectasis__chx: 0.889, cardiomegaly__chx: 0.870, consolidation__chx: 0.926, edema__chx: 0.778, enlarged_cardiomediastinum__chx: 0.435, fracture__chx: 0.333, lung_lesion__chx: 0.074, lung_opacity__chx: 0.481, no_finding__chx: 0.750, pleural_effusion__chx: 0.769, pleural_other__chx: 0.000, pneumonia__chx: 0.380, pneumothorax__chx: 0.000, support_devices__chx: 0.796
  Val threshold stats | median 0.750 | pos-rate@0.50 0.741 | pos-rate@thr 0.448
Epoch 60 | train loss -0.1369 | val loss 0.2565 | time 90.79s
  Train summary: macro-acc 0.542 | macro-F1 0.623 | micro-P 0.413 | micro-R 0.996 | micro-F1 0.584 | macro-PR 1.245 | micro-PR 1.036
  Val summary:   macro-acc 0.368 | macro-F1 0.282 | micro-P 0.207 | micro-R 0.478 | micro-F1 0.288 | macro-PR 0.445 | micro-PR 0.133
  Train accuracy per class:
    Normal: 0.999, CHF: 0.997, pneumonia: 1.000, consolidation: 1.000, enlarged_cardiac_silhouette: 0.995, linear__patchy_atelectasis: 0.999, lobar__segmental_collapse: 0.757, not_otherwise_specified_opacity___pleural__parenchymal_opacity__: 0.807, pleural_effusion_or_thickening: 0.993, pulmonary_edema__hazy_opacity: 0.871, normal_anatomically: 0.995, elevated_hemidiaphragm: 0.008, hyperaeration: 0.974, vascular_redistribution: 0.017, atelectasis__chx: 0.951, cardiomegaly__chx: 0.934, consolidation__chx: 0.917, edema__chx: 0.958, enlarged_cardiomediastinum__chx: 0.695, fracture__chx: 0.860, lung_lesion__chx: 0.774, lung_opacity__chx: 0.939, no_finding__chx: 1.000, pleural_effusion__chx: 0.987, pleural_other__chx: 0.005, pneumonia__chx: 0.988, pneumothorax__chx: 0.000, support_devices__chx: 0.814
  Val accuracy per class:
    Normal: 0.852, CHF: 0.704, pneumonia: 0.639, consolidation: 0.880, enlarged_cardiac_silhouette: 0.833, linear__patchy_atelectasis: 0.833, lobar__segmental_collapse: 0.556, not_otherwise_specified_opacity___pleural__parenchymal_opacity__: 0.583, pleural_effusion_or_thickening: 0.843, pulmonary_edema__hazy_opacity: 0.648, normal_anatomically: 0.815, elevated_hemidiaphragm: 0.000, hyperaeration: 0.806, vascular_redistribution: 0.000, atelectasis__chx: 0.898, cardiomegaly__chx: 0.843, consolidation__chx: 0.889, edema__chx: 0.824, enlarged_cardiomediastinum__chx: 0.722, fracture__chx: 0.870, lung_lesion__chx: 0.611, lung_opacity__chx: 0.620, no_finding__chx: 0.759, pleural_effusion__chx: 0.843, pleural_other__chx: 0.000, pneumonia__chx: 0.565, pneumothorax__chx: 0.000, support_devices__chx: 0.741
  Val threshold stats | median 0.800 | pos-rate@0.50 0.720 | pos-rate@thr 0.344
Epoch 61 | train loss -0.1381 | val loss 0.2521 | time 92.04s
  Train summary: macro-acc 0.545 | macro-F1 0.631 | micro-P 0.420 | micro-R 0.996 | micro-F1 0.591 | macro-PR 1.246 | micro-PR 1.037
  Val summary:   macro-acc 0.365 | macro-F1 0.299 | micro-P 0.211 | micro-R 0.513 | micro-F1 0.299 | macro-PR 0.437 | micro-PR 0.142
  Train accuracy per class:
    Normal: 0.996, CHF: 1.000, pneumonia: 1.000, consolidation: 0.992, enlarged_cardiac_silhouette: 0.995, linear__patchy_atelectasis: 0.997, lobar__segmental_collapse: 0.718, not_otherwise_specified_opacity___pleural__parenchymal_opacity__: 0.974, pleural_effusion_or_thickening: 0.996, pulmonary_edema__hazy_opacity: 0.988, normal_anatomically: 0.995, elevated_hemidiaphragm: 0.008, hyperaeration: 0.963, vascular_redistribution: 0.017, atelectasis__chx: 0.949, cardiomegaly__chx: 0.942, consolidation__chx: 0.933, edema__chx: 0.966, enlarged_cardiomediastinum__chx: 0.690, fracture__chx: 0.891, lung_lesion__chx: 0.840, lung_opacity__chx: 0.761, no_finding__chx: 0.999, pleural_effusion__chx: 0.988, pleural_other__chx: 0.005, pneumonia__chx: 0.978, pneumothorax__chx: 0.000, support_devices__chx: 0.819
  Val accuracy per class:
    Normal: 0.833, CHF: 0.704, pneumonia: 0.537, consolidation: 0.880, enlarged_cardiac_silhouette: 0.824, linear__patchy_atelectasis: 0.843, lobar__segmental_collapse: 0.528, not_otherwise_specified_opacity___pleural__parenchymal_opacity__: 0.648, pleural_effusion_or_thickening: 0.824, pulmonary_edema__hazy_opacity: 0.713, normal_anatomically: 0.796, elevated_hemidiaphragm: 0.000, hyperaeration: 0.769, vascular_redistribution: 0.000, atelectasis__chx: 0.898, cardiomegaly__chx: 0.889, consolidation__chx: 0.972, edema__chx: 0.824, enlarged_cardiomediastinum__chx: 0.574, fracture__chx: 0.963, lung_lesion__chx: 0.639, lung_opacity__chx: 0.472, no_finding__chx: 0.759, pleural_effusion__chx: 0.778, pleural_other__chx: 0.000, pneumonia__chx: 0.481, pneumothorax__chx: 0.000, support_devices__chx: 0.806
  Val threshold stats | median 0.800 | pos-rate@0.50 0.726 | pos-rate@thr 0.363
Epoch 62 | train loss -0.1393 | val loss 0.3075 | time 93.79s
  Train summary: macro-acc 0.553 | macro-F1 0.627 | micro-P 0.397 | micro-R 0.996 | micro-F1 0.567 | macro-PR 1.249 | micro-PR 1.039
  Val summary:   macro-acc 0.375 | macro-F1 0.285 | micro-P 0.190 | micro-R 0.549 | micro-F1 0.282 | macro-PR 0.443 | micro-PR 0.133
  Train accuracy per class:
    Normal: 1.000, CHF: 0.939, pneumonia: 0.999, consolidation: 1.000, enlarged_cardiac_silhouette: 0.938, linear__patchy_atelectasis: 0.997, lobar__segmental_collapse: 0.690, not_otherwise_specified_opacity___pleural__parenchymal_opacity__: 0.997, pleural_effusion_or_thickening: 0.993, pulmonary_edema__hazy_opacity: 0.863, normal_anatomically: 1.000, elevated_hemidiaphragm: 0.008, hyperaeration: 0.983, vascular_redistribution: 0.017, atelectasis__chx: 0.939, cardiomegaly__chx: 0.947, consolidation__chx: 0.939, edema__chx: 0.963, enlarged_cardiomediastinum__chx: 0.697, fracture__chx: 0.909, lung_lesion__chx: 0.212, lung_opacity__chx: 0.999, no_finding__chx: 0.995, pleural_effusion__chx: 0.989, pleural_other__chx: 0.005, pneumonia__chx: 0.983, pneumothorax__chx: 0.000, support_devices__chx: 0.827
  Val accuracy per class:
    Normal: 0.824, CHF: 0.731, pneumonia: 0.352, consolidation: 0.898, enlarged_cardiac_silhouette: 0.852, linear__patchy_atelectasis: 0.824, lobar__segmental_collapse: 0.231, not_otherwise_specified_opacity___pleural__parenchymal_opacity__: 0.602, pleural_effusion_or_thickening: 0.824, pulmonary_edema__hazy_opacity: 0.648, normal_anatomically: 0.806, elevated_hemidiaphragm: 0.000, hyperaeration: 0.750, vascular_redistribution: 0.000, atelectasis__chx: 0.889, cardiomegaly__chx: 0.833, consolidation__chx: 0.870, edema__chx: 0.796, enlarged_cardiomediastinum__chx: 0.435, fracture__chx: 0.574, lung_lesion__chx: 0.074, lung_opacity__chx: 0.546, no_finding__chx: 0.741, pleural_effusion__chx: 0.815, pleural_other__chx: 0.000, pneumonia__chx: 0.528, pneumothorax__chx: 0.000, support_devices__chx: 0.917
  Val threshold stats | median 0.750 | pos-rate@0.50 0.697 | pos-rate@thr 0.430
Epoch 63 | train loss -0.1404 | val loss 0.2814 | time 93.52s
  Train summary: macro-acc 0.557 | macro-F1 0.633 | micro-P 0.421 | micro-R 0.997 | micro-F1 0.592 | macro-PR 1.251 | micro-PR 1.043
  Val summary:   macro-acc 0.381 | macro-F1 0.251 | micro-P 0.182 | micro-R 0.422 | micro-F1 0.255 | macro-PR 0.387 | micro-PR 0.129
  Train accuracy per class:
    Normal: 0.997, CHF: 0.988, pneumonia: 1.000, consolidation: 0.991, enlarged_cardiac_silhouette: 0.962, linear__patchy_atelectasis: 0.997, lobar__segmental_collapse: 0.737, not_otherwise_specified_opacity___pleural__parenchymal_opacity__: 0.997, pleural_effusion_or_thickening: 0.993, pulmonary_edema__hazy_opacity: 0.828, normal_anatomically: 0.999, elevated_hemidiaphragm: 0.008, hyperaeration: 0.976, vascular_redistribution: 0.017, atelectasis__chx: 0.949, cardiomegaly__chx: 0.951, consolidation__chx: 0.972, edema__chx: 0.963, enlarged_cardiomediastinum__chx: 0.703, fracture__chx: 0.780, lung_lesion__chx: 0.881, lung_opacity__chx: 0.858, no_finding__chx: 1.000, pleural_effusion__chx: 0.991, pleural_other__chx: 0.190, pneumonia__chx: 0.983, pneumothorax__chx: 0.000, support_devices__chx: 0.708
  Val accuracy per class:
    Normal: 0.815, CHF: 0.722, pneumonia: 0.704, consolidation: 0.694, enlarged_cardiac_silhouette: 0.852, linear__patchy_atelectasis: 0.843, lobar__segmental_collapse: 0.500, not_otherwise_specified_opacity___pleural__parenchymal_opacity__: 0.602, pleural_effusion_or_thickening: 0.843, pulmonary_edema__hazy_opacity: 0.574, normal_anatomically: 0.796, elevated_hemidiaphragm: 0.000, hyperaeration: 0.833, vascular_redistribution: 0.000, atelectasis__chx: 0.889, cardiomegaly__chx: 0.843, consolidation__chx: 0.963, edema__chx: 0.861, enlarged_cardiomediastinum__chx: 0.519, fracture__chx: 0.454, lung_lesion__chx: 0.889, lung_opacity__chx: 0.472, no_finding__chx: 0.750, pleural_effusion__chx: 0.833, pleural_other__chx: 0.009, pneumonia__chx: 0.741, pneumothorax__chx: 0.000, support_devices__chx: 0.694
  Val threshold stats | median 0.800 | pos-rate@0.50 0.693 | pos-rate@thr 0.345
Epoch 64 | train loss -0.1419 | val loss 0.2670 | time 93.35s
  Train summary: macro-acc 0.572 | macro-F1 0.635 | micro-P 0.426 | micro-R 0.998 | micro-F1 0.597 | macro-PR 1.243 | micro-PR 1.052
  Val summary:   macro-acc 0.373 | macro-F1 0.299 | micro-P 0.209 | micro-R 0.556 | micro-F1 0.303 | macro-PR 0.427 | micro-PR 0.139
  Train accuracy per class:
    Normal: 0.999, CHF: 0.995, pneumonia: 0.999, consolidation: 0.992, enlarged_cardiac_silhouette: 0.995, linear__patchy_atelectasis: 0.997, lobar__segmental_collapse: 0.806, not_otherwise_specified_opacity___pleural__parenchymal_opacity__: 0.997, pleural_effusion_or_thickening: 1.000, pulmonary_edema__hazy_opacity: 0.950, normal_anatomically: 1.000, elevated_hemidiaphragm: 0.008, hyperaeration: 0.974, vascular_redistribution: 0.017, atelectasis__chx: 0.950, cardiomegaly__chx: 0.968, consolidation__chx: 0.865, edema__chx: 0.967, enlarged_cardiomediastinum__chx: 0.708, fracture__chx: 0.835, lung_lesion__chx: 0.906, lung_opacity__chx: 0.859, no_finding__chx: 0.993, pleural_effusion__chx: 0.985, pleural_other__chx: 0.007, pneumonia__chx: 0.978, pneumothorax__chx: 0.000, support_devices__chx: 0.765
  Val accuracy per class:
    Normal: 0.833, CHF: 0.685, pneumonia: 0.574, consolidation: 0.824, enlarged_cardiac_silhouette: 0.852, linear__patchy_atelectasis: 0.806, lobar__segmental_collapse: 0.556, not_otherwise_specified_opacity___pleural__parenchymal_opacity__: 0.593, pleural_effusion_or_thickening: 0.833, pulmonary_edema__hazy_opacity: 0.611, normal_anatomically: 0.806, elevated_hemidiaphragm: 0.000, hyperaeration: 0.704, vascular_redistribution: 0.000, atelectasis__chx: 0.898, cardiomegaly__chx: 0.880, consolidation__chx: 0.889, edema__chx: 0.833, enlarged_cardiomediastinum__chx: 0.611, fracture__chx: 0.704, lung_lesion__chx: 0.694, lung_opacity__chx: 0.491, no_finding__chx: 0.741, pleural_effusion__chx: 0.815, pleural_other__chx: 0.000, pneumonia__chx: 0.500, pneumothorax__chx: 0.000, support_devices__chx: 0.639
  Val threshold stats | median 0.800 | pos-rate@0.50 0.715 | pos-rate@thr 0.396
Epoch 65 | train loss -0.1434 | val loss 0.3098 | time 92.91s
  Train summary: macro-acc 0.583 | macro-F1 0.639 | micro-P 0.434 | micro-R 0.996 | micro-F1 0.604 | macro-PR 1.253 | micro-PR 1.051
  Val summary:   macro-acc 0.390 | macro-F1 0.245 | micro-P 0.192 | micro-R 0.424 | micro-F1 0.264 | macro-PR 0.438 | micro-PR 0.143
  Train accuracy per class:
    Normal: 0.999, CHF: 0.975, pneumonia: 0.999, consolidation: 0.993, enlarged_cardiac_silhouette: 0.970, linear__patchy_atelectasis: 1.000, lobar__segmental_collapse: 0.768, not_otherwise_specified_opacity___pleural__parenchymal_opacity__: 0.997, pleural_effusion_or_thickening: 0.992, pulmonary_edema__hazy_opacity: 0.884, normal_anatomically: 1.000, elevated_hemidiaphragm: 0.008, hyperaeration: 0.963, vascular_redistribution: 0.017, atelectasis__chx: 0.947, cardiomegaly__chx: 0.956, consolidation__chx: 0.914, edema__chx: 0.963, enlarged_cardiomediastinum__chx: 0.702, fracture__chx: 0.946, lung_lesion__chx: 0.922, lung_opacity__chx: 0.978, no_finding__chx: 1.000, pleural_effusion__chx: 0.987, pleural_other__chx: 0.007, pneumonia__chx: 0.980, pneumothorax__chx: 0.000, support_devices__chx: 0.831
  Val accuracy per class:
    Normal: 0.824, CHF: 0.704, pneumonia: 0.352, consolidation: 0.889, enlarged_cardiac_silhouette: 0.870, linear__patchy_atelectasis: 0.833, lobar__segmental_collapse: 0.657, not_otherwise_specified_opacity___pleural__parenchymal_opacity__: 0.620, pleural_effusion_or_thickening: 0.824, pulmonary_edema__hazy_opacity: 0.713, normal_anatomically: 0.806, elevated_hemidiaphragm: 0.000, hyperaeration: 0.806, vascular_redistribution: 0.000, atelectasis__chx: 0.898, cardiomegaly__chx: 0.843, consolidation__chx: 0.787, edema__chx: 0.852, enlarged_cardiomediastinum__chx: 0.352, fracture__chx: 0.972, lung_lesion__chx: 0.713, lung_opacity__chx: 0.528, no_finding__chx: 0.750, pleural_effusion__chx: 0.815, pleural_other__chx: 0.000, pneumonia__chx: 0.806, pneumothorax__chx: 0.000, support_devices__chx: 0.935
  Val threshold stats | median 0.800 | pos-rate@0.50 0.682 | pos-rate@thr 0.329
Epoch 66 | train loss -0.1448 | val loss 0.2748 | time 93.71s
  Train summary: macro-acc 0.596 | macro-F1 0.623 | micro-P 0.397 | micro-R 0.995 | micro-F1 0.567 | macro-PR 1.248 | micro-PR 1.052
  Val summary:   macro-acc 0.382 | macro-F1 0.261 | micro-P 0.180 | micro-R 0.458 | micro-F1 0.258 | macro-PR 0.439 | micro-PR 0.135
  Train accuracy per class:
    Normal: 1.000, CHF: 0.995, pneumonia: 0.997, consolidation: 0.993, enlarged_cardiac_silhouette: 0.970, linear__patchy_atelectasis: 0.996, lobar__segmental_collapse: 0.716, not_otherwise_specified_opacity___pleural__parenchymal_opacity__: 0.995, pleural_effusion_or_thickening: 0.997, pulmonary_edema__hazy_opacity: 0.835, normal_anatomically: 1.000, elevated_hemidiaphragm: 0.008, hyperaeration: 0.970, vascular_redistribution: 0.017, atelectasis__chx: 0.943, cardiomegaly__chx: 0.950, consolidation__chx: 0.951, edema__chx: 0.966, enlarged_cardiomediastinum__chx: 0.706, fracture__chx: 0.867, lung_lesion__chx: 0.377, lung_opacity__chx: 0.905, no_finding__chx: 1.000, pleural_effusion__chx: 0.987, pleural_other__chx: 0.007, pneumonia__chx: 0.995, pneumothorax__chx: 0.000, support_devices__chx: 0.687
  Val accuracy per class:
    Normal: 0.833, CHF: 0.694, pneumonia: 0.620, consolidation: 0.889, enlarged_cardiac_silhouette: 0.833, linear__patchy_atelectasis: 0.833, lobar__segmental_collapse: 0.500, not_otherwise_specified_opacity___pleural__parenchymal_opacity__: 0.602, pleural_effusion_or_thickening: 0.843, pulmonary_edema__hazy_opacity: 0.574, normal_anatomically: 0.806, elevated_hemidiaphragm: 0.000, hyperaeration: 0.750, vascular_redistribution: 0.000, atelectasis__chx: 0.889, cardiomegaly__chx: 0.843, consolidation__chx: 0.944, edema__chx: 0.824, enlarged_cardiomediastinum__chx: 0.565, fracture__chx: 0.815, lung_lesion__chx: 0.083, lung_opacity__chx: 0.491, no_finding__chx: 0.741, pleural_effusion__chx: 0.778, pleural_other__chx: 0.000, pneumonia__chx: 0.796, pneumothorax__chx: 0.000, support_devices__chx: 0.509
  Val threshold stats | median 0.800 | pos-rate@0.50 0.689 | pos-rate@thr 0.378
Epoch 67 | train loss -0.1458 | val loss 0.2528 | time 92.88s
  Train summary: macro-acc 0.600 | macro-F1 0.648 | micro-P 0.444 | micro-R 0.997 | micro-F1 0.615 | macro-PR 1.267 | micro-PR 1.054
  Val summary:   macro-acc 0.376 | macro-F1 0.285 | micro-P 0.207 | micro-R 0.458 | micro-F1 0.285 | macro-PR 0.424 | micro-PR 0.140
  Train accuracy per class:
    Normal: 1.000, CHF: 1.000, pneumonia: 1.000, consolidation: 0.993, enlarged_cardiac_silhouette: 0.995, linear__patchy_atelectasis: 0.999, lobar__segmental_collapse: 0.805, not_otherwise_specified_opacity___pleural__parenchymal_opacity__: 0.996, pleural_effusion_or_thickening: 0.999, pulmonary_edema__hazy_opacity: 0.988, normal_anatomically: 0.999, elevated_hemidiaphragm: 0.008, hyperaeration: 0.974, vascular_redistribution: 0.017, atelectasis__chx: 0.947, cardiomegaly__chx: 0.956, consolidation__chx: 0.974, edema__chx: 0.959, enlarged_cardiomediastinum__chx: 0.701, fracture__chx: 0.889, lung_lesion__chx: 0.860, lung_opacity__chx: 0.828, no_finding__chx: 1.000, pleural_effusion__chx: 0.984, pleural_other__chx: 0.340, pneumonia__chx: 0.991, pneumothorax__chx: 0.000, support_devices__chx: 0.720
  Val accuracy per class:
    Normal: 0.843, CHF: 0.676, pneumonia: 0.565, consolidation: 0.907, enlarged_cardiac_silhouette: 0.833, linear__patchy_atelectasis: 0.852, lobar__segmental_collapse: 0.593, not_otherwise_specified_opacity___pleural__parenchymal_opacity__: 0.667, pleural_effusion_or_thickening: 0.824, pulmonary_edema__hazy_opacity: 0.713, normal_anatomically: 0.824, elevated_hemidiaphragm: 0.000, hyperaeration: 0.870, vascular_redistribution: 0.000, atelectasis__chx: 0.870, cardiomegaly__chx: 0.852, consolidation__chx: 0.954, edema__chx: 0.824, enlarged_cardiomediastinum__chx: 0.870, fracture__chx: 0.889, lung_lesion__chx: 0.870, lung_opacity__chx: 0.500, no_finding__chx: 0.750, pleural_effusion__chx: 0.806, pleural_other__chx: 0.056, pneumonia__chx: 0.454, pneumothorax__chx: 0.000, support_devices__chx: 0.565
  Val threshold stats | median 0.850 | pos-rate@0.50 0.708 | pos-rate@thr 0.329
Epoch 68 | train loss -0.1464 | val loss 0.2832 | time 91.89s
  Train summary: macro-acc 0.608 | macro-F1 0.635 | micro-P 0.411 | micro-R 0.997 | micro-F1 0.582 | macro-PR 1.250 | micro-PR 1.051
  Val summary:   macro-acc 0.383 | macro-F1 0.306 | micro-P 0.191 | micro-R 0.536 | micro-F1 0.282 | macro-PR 0.463 | micro-PR 0.140
  Train accuracy per class:
    Normal: 0.999, CHF: 0.999, pneumonia: 0.999, consolidation: 0.987, enlarged_cardiac_silhouette: 0.995, linear__patchy_atelectasis: 0.999, lobar__segmental_collapse: 0.799, not_otherwise_specified_opacity___pleural__parenchymal_opacity__: 0.996, pleural_effusion_or_thickening: 0.997, pulmonary_edema__hazy_opacity: 0.985, normal_anatomically: 0.999, elevated_hemidiaphragm: 0.008, hyperaeration: 0.979, vascular_redistribution: 0.017, atelectasis__chx: 0.941, cardiomegaly__chx: 0.950, consolidation__chx: 0.934, edema__chx: 0.979, enlarged_cardiomediastinum__chx: 0.715, fracture__chx: 0.884, lung_lesion__chx: 0.409, lung_opacity__chx: 0.858, no_finding__chx: 0.999, pleural_effusion__chx: 0.985, pleural_other__chx: 0.007, pneumonia__chx: 0.984, pneumothorax__chx: 0.000, support_devices__chx: 0.776
  Val accuracy per class:
    Normal: 0.843, CHF: 0.722, pneumonia: 0.676, consolidation: 0.898, enlarged_cardiac_silhouette: 0.852, linear__patchy_atelectasis: 0.778, lobar__segmental_collapse: 0.352, not_otherwise_specified_opacity___pleural__parenchymal_opacity__: 0.593, pleural_effusion_or_thickening: 0.787, pulmonary_edema__hazy_opacity: 0.630, normal_anatomically: 0.815, elevated_hemidiaphragm: 0.000, hyperaeration: 0.778, vascular_redistribution: 0.000, atelectasis__chx: 0.898, cardiomegaly__chx: 0.880, consolidation__chx: 0.963, edema__chx: 0.824, enlarged_cardiomediastinum__chx: 0.176, fracture__chx: 0.843, lung_lesion__chx: 0.074, lung_opacity__chx: 0.463, no_finding__chx: 0.750, pleural_effusion__chx: 0.806, pleural_other__chx: 0.000, pneumonia__chx: 0.806, pneumothorax__chx: 0.000, support_devices__chx: 0.426
  Val threshold stats | median 0.800 | pos-rate@0.50 0.705 | pos-rate@thr 0.417
Epoch 69 | train loss -0.1478 | val loss 0.3286 | time 91.46s
  Train summary: macro-acc 0.615 | macro-F1 0.637 | micro-P 0.421 | micro-R 0.997 | micro-F1 0.592 | macro-PR 1.259 | micro-PR 1.057
  Val summary:   macro-acc 0.365 | macro-F1 0.287 | micro-P 0.196 | micro-R 0.587 | micro-F1 0.293 | macro-PR 0.403 | micro-PR 0.138
  Train accuracy per class:
    Normal: 0.995, CHF: 0.997, pneumonia: 1.000, consolidation: 0.987, enlarged_cardiac_silhouette: 0.995, linear__patchy_atelectasis: 0.999, lobar__segmental_collapse: 0.769, not_otherwise_specified_opacity___pleural__parenchymal_opacity__: 0.997, pleural_effusion_or_thickening: 0.989, pulmonary_edema__hazy_opacity: 0.985, normal_anatomically: 1.000, elevated_hemidiaphragm: 0.008, hyperaeration: 0.976, vascular_redistribution: 0.017, atelectasis__chx: 0.939, cardiomegaly__chx: 0.953, consolidation__chx: 0.909, edema__chx: 0.979, enlarged_cardiomediastinum__chx: 0.719, fracture__chx: 0.956, lung_lesion__chx: 0.293, lung_opacity__chx: 0.931, no_finding__chx: 0.992, pleural_effusion__chx: 0.988, pleural_other__chx: 0.322, pneumonia__chx: 0.980, pneumothorax__chx: 0.000, support_devices__chx: 0.740
  Val accuracy per class:
    Normal: 0.833, CHF: 0.694, pneumonia: 0.500, consolidation: 0.889, enlarged_cardiac_silhouette: 0.833, linear__patchy_atelectasis: 0.852, lobar__segmental_collapse: 0.398, not_otherwise_specified_opacity___pleural__parenchymal_opacity__: 0.583, pleural_effusion_or_thickening: 0.833, pulmonary_edema__hazy_opacity: 0.574, normal_anatomically: 0.824, elevated_hemidiaphragm: 0.000, hyperaeration: 0.741, vascular_redistribution: 0.000, atelectasis__chx: 0.898, cardiomegaly__chx: 0.843, consolidation__chx: 0.843, edema__chx: 0.741, enlarged_cardiomediastinum__chx: 0.528, fracture__chx: 0.750, lung_lesion__chx: 0.056, lung_opacity__chx: 0.454, no_finding__chx: 0.750, pleural_effusion__chx: 0.824, pleural_other__chx: 0.028, pneumonia__chx: 0.315, pneumothorax__chx: 0.000, support_devices__chx: 0.639
  Val threshold stats | median 0.800 | pos-rate@0.50 0.720 | pos-rate@thr 0.446
Epoch 70 | train loss -0.1490 | val loss 0.2723 | time 92.23s
  Train summary: macro-acc 0.619 | macro-F1 0.654 | micro-P 0.455 | micro-R 0.997 | micro-F1 0.625 | macro-PR 1.252 | micro-PR 1.057
  Val summary:   macro-acc 0.393 | macro-F1 0.316 | micro-P 0.206 | micro-R 0.507 | micro-F1 0.293 | macro-PR 0.443 | micro-PR 0.141
  Train accuracy per class:
    Normal: 1.000, CHF: 1.000, pneumonia: 0.966, consolidation: 0.985, enlarged_cardiac_silhouette: 0.995, linear__patchy_atelectasis: 0.997, lobar__segmental_collapse: 0.809, not_otherwise_specified_opacity___pleural__parenchymal_opacity__: 0.997, pleural_effusion_or_thickening: 0.996, pulmonary_edema__hazy_opacity: 0.999, normal_anatomically: 0.999, elevated_hemidiaphragm: 0.008, hyperaeration: 0.982, vascular_redistribution: 0.017, atelectasis__chx: 0.941, cardiomegaly__chx: 0.960, consolidation__chx: 0.964, edema__chx: 0.980, enlarged_cardiomediastinum__chx: 0.711, fracture__chx: 0.974, lung_lesion__chx: 0.732, lung_opacity__chx: 0.858, no_finding__chx: 1.000, pleural_effusion__chx: 0.980, pleural_other__chx: 0.413, pneumonia__chx: 0.996, pneumothorax__chx: 0.000, support_devices__chx: 0.871
  Val accuracy per class:
    Normal: 0.824, CHF: 0.694, pneumonia: 0.343, consolidation: 0.898, enlarged_cardiac_silhouette: 0.843, linear__patchy_atelectasis: 0.824, lobar__segmental_collapse: 0.398, not_otherwise_specified_opacity___pleural__parenchymal_opacity__: 0.611, pleural_effusion_or_thickening: 0.824, pulmonary_edema__hazy_opacity: 0.639, normal_anatomically: 0.796, elevated_hemidiaphragm: 0.000, hyperaeration: 0.861, vascular_redistribution: 0.000, atelectasis__chx: 0.898, cardiomegaly__chx: 0.898, consolidation__chx: 0.954, edema__chx: 0.769, enlarged_cardiomediastinum__chx: 0.500, fracture__chx: 0.972, lung_lesion__chx: 0.426, lung_opacity__chx: 0.491, no_finding__chx: 0.750, pleural_effusion__chx: 0.824, pleural_other__chx: 0.019, pneumonia__chx: 0.806, pneumothorax__chx: 0.000, support_devices__chx: 0.944
  Val threshold stats | median 0.850 | pos-rate@0.50 0.694 | pos-rate@thr 0.366
